ISO-10303-21;
HEADER;
FILE_DESCRIPTION (( 'STEP AP214' ),
    '1' );
FILE_NAME ('KR EELP41.22-Q1S1-36-A8J8-020-R18.STEP',
    '2025-01-02T08:01:59',
    ( '' ),
    ( '' ),
    'SwSTEP 2.0',
    'SolidWorks 2020',
    '' );
FILE_SCHEMA (( 'AUTOMOTIVE_DESIGN' ));
ENDSEC;

DATA;
#1 = EDGE_CURVE ( 'NONE', #877, #3094, #2902, .T. ) ;
#2 = SURFACE_SIDE_STYLE ('',( #1484 ) ) ;
#3 = DIRECTION ( 'NONE',  ( 0.000000000000000000, 0.000000000000000000, 1.000000000000000000 ) ) ;
#4 =( LENGTH_UNIT ( ) NAMED_UNIT ( * ) SI_UNIT ( .MILLI., .METRE. ) );
#5 = EDGE_LOOP ( 'NONE', ( #2561, #1808, #1392, #1583 ) ) ;
#6 =( LENGTH_UNIT ( ) NAMED_UNIT ( * ) SI_UNIT ( .MILLI., .METRE. ) );
#7 = PLANE ( 'NONE',  #3911 ) ;
#8 =( NAMED_UNIT ( * ) PLANE_ANGLE_UNIT ( ) SI_UNIT ( $, .RADIAN. ) );
#9 =( NAMED_UNIT ( * ) SI_UNIT ( $, .STERADIAN. ) SOLID_ANGLE_UNIT ( ) );
#10 = DIRECTION ( 'NONE',  ( -0.000000000000000000, 1.000000000000000000, -0.000000000000000000 ) ) ;
#11 = ORIENTED_EDGE ( 'NONE', *, *, #1355, .T. ) ;
#12 = COLOUR_RGB ( '',1.000000000000000000, 1.000000000000000000, 1.000000000000000000 ) ;
#13 = FILL_AREA_STYLE ('',( #1327 ) ) ;
#14 = VECTOR ( 'NONE', #3309, 1000.000000000000000 ) ;
#15 =( NAMED_UNIT ( * ) PLANE_ANGLE_UNIT ( ) SI_UNIT ( $, .RADIAN. ) );
#16 = ORIENTED_EDGE ( 'NONE', *, *, #1470, .F. ) ;
#17 = EDGE_LOOP ( 'NONE', ( #1777, #1107, #1126, #2847 ) ) ;
#18 = AXIS2_PLACEMENT_3D ( 'NONE', #3378, #2959, #4420 ) ;
#19 = ADVANCED_FACE ( 'NONE', ( #2798 ), #1500, .F. ) ;
#20 = PRESENTATION_STYLE_ASSIGNMENT (( #2051 ) ) ;
#21 = ORIENTED_EDGE ( 'NONE', *, *, #4480, .F. ) ;
#22 = PRESENTATION_LAYER_ASSIGNMENT (  '', '', ( #599 ) ) ;
#23 = PRESENTATION_LAYER_ASSIGNMENT (  '', '', ( #681 ) ) ;
#24 = COLOUR_RGB ( '',0.9686274509803921573, 0.8784313725490195957, 0.5999999999999999778 ) ;
#25 = EDGE_CURVE ( 'NONE', #3514, #2596, #4515, .T. ) ;
#26 = FILL_AREA_STYLE ('',( #1060 ) ) ;
#27 = STYLED_ITEM ( 'NONE', ( #2797 ), #1222 ) ;
#28 = AXIS2_PLACEMENT_3D ( 'NONE', #266, #4117, #284 ) ;
#29 = STYLED_ITEM ( 'NONE', ( #2307 ), #2899 ) ;
#30 = CIRCLE ( 'NONE', #1732, 0.2499999999999999445 ) ;
#31 =( NAMED_UNIT ( * ) SI_UNIT ( $, .STERADIAN. ) SOLID_ANGLE_UNIT ( ) );
#32 = MECHANICAL_DESIGN_GEOMETRIC_PRESENTATION_REPRESENTATION (  '', ( #3564 ), #3271 ) ;
#33 = ORIENTED_EDGE ( 'NONE', *, *, #3627, .F. ) ;
#34 = SURFACE_STYLE_FILL_AREA ( #1036 ) ;
#35 = DIRECTION ( 'NONE',  ( -0.000000000000000000, 1.000000000000000000, -0.000000000000000000 ) ) ;
#36 =( NAMED_UNIT ( * ) PLANE_ANGLE_UNIT ( ) SI_UNIT ( $, .RADIAN. ) );
#37 = LINE ( 'NONE', #2504, #1464 ) ;
#38 = DIRECTION ( 'NONE',  ( -1.000000000000000000, 0.000000000000000000, -2.710505431213760592E-16 ) ) ;
#39 = FILL_AREA_STYLE_COLOUR ( '', #2424 ) ;
#40 = DIRECTION ( 'NONE',  ( -1.000000000000000000, 0.000000000000000000, 0.000000000000000000 ) ) ;
#41 = ORIENTED_EDGE ( 'NONE', *, *, #1442, .T. ) ;
#42 = MECHANICAL_DESIGN_GEOMETRIC_PRESENTATION_REPRESENTATION (  '', ( #4146 ), #3209 ) ;
#43 = ORIENTED_EDGE ( 'NONE', *, *, #1161, .F. ) ;
#44 = ORIENTED_EDGE ( 'NONE', *, *, #1972, .T. ) ;
#45 = LINE ( 'NONE', #1844, #3110 ) ;
#46 = VERTEX_POINT ( 'NONE', #2466 ) ;
#47 = STYLED_ITEM ( 'NONE', ( #3976 ), #1064 ) ;
#48 = FILL_AREA_STYLE ('',( #2859 ) ) ;
#49 = PLANE ( 'NONE',  #706 ) ;
#50 = SURFACE_SIDE_STYLE ('',( #2450 ) ) ;
#51 = ADVANCED_FACE ( 'NONE', ( #2112 ), #4432, .F. ) ;
#52 = VERTEX_POINT ( 'NONE', #2402 ) ;
#53 = VECTOR ( 'NONE', #3856, 1000.000000000000000 ) ;
#54 = FACE_OUTER_BOUND ( 'NONE', #2372, .T. ) ;
#55 = PRESENTATION_STYLE_ASSIGNMENT (( #3533 ) ) ;
#56 = MECHANICAL_DESIGN_GEOMETRIC_PRESENTATION_REPRESENTATION (  '', ( #3513 ), #4157 ) ;
#57 = FILL_AREA_STYLE_COLOUR ( '', #1012 ) ;
#58 = FILL_AREA_STYLE ('',( #1069 ) ) ;
#59 = ADVANCED_FACE ( 'NONE', ( #3084 ), #1068, .T. ) ;
#60 = FILL_AREA_STYLE_COLOUR ( '', #3198 ) ;
#61 = VECTOR ( 'NONE', #204, 1000.000000000000000 ) ;
#62 = SURFACE_STYLE_USAGE ( .BOTH. , #1521 ) ;
#63 = LINE ( 'NONE', #4195, #538 ) ;
#64 = STYLED_ITEM ( 'NONE', ( #1291 ), #847 ) ;
#65 = ORIENTED_EDGE ( 'NONE', *, *, #3337, .F. ) ;
#66 = EDGE_CURVE ( 'NONE', #4478, #520, #2751, .T. ) ;
#67 = SURFACE_SIDE_STYLE ('',( #1479 ) ) ;
#68 = VERTEX_POINT ( 'NONE', #3509 ) ;
#69 = COLOUR_RGB ( '',0.9686274509803921573, 0.8784313725490195957, 0.5999999999999999778 ) ;
#70 = ORIENTED_EDGE ( 'NONE', *, *, #655, .F. ) ;
#71 =( GEOMETRIC_REPRESENTATION_CONTEXT ( 3 ) GLOBAL_UNCERTAINTY_ASSIGNED_CONTEXT ( ( #904 ) ) GLOBAL_UNIT_ASSIGNED_CONTEXT ( ( #475, #2557, #1149 ) ) REPRESENTATION_CONTEXT ( 'NONE', 'WORKASPACE' ) );
#72 = DIRECTION ( 'NONE',  ( 1.000000000000000000, -0.000000000000000000, 0.000000000000000000 ) ) ;
#73 = CARTESIAN_POINT ( 'NONE',  ( 0.8000000000000000444, 0.000000000000000000, 0.000000000000000000 ) ) ;
#74 = ORIENTED_EDGE ( 'NONE', *, *, #2032, .T. ) ;
#75 = PRESENTATION_LAYER_ASSIGNMENT (  '', '', ( #890 ) ) ;
#76 = DIRECTION ( 'NONE',  ( -0.000000000000000000, -1.000000000000000000, -0.000000000000000000 ) ) ;
#77 = LINE ( 'NONE', #1539, #2007 ) ;
#78 =( LENGTH_UNIT ( ) NAMED_UNIT ( * ) SI_UNIT ( .MILLI., .METRE. ) );
#79 = EDGE_CURVE ( 'NONE', #2147, #2771, #2486, .T. ) ;
#80 = LINE ( 'NONE', #1142, #3459 ) ;
#81 = SURFACE_STYLE_FILL_AREA ( #3567 ) ;
#82 = CARTESIAN_POINT ( 'NONE',  ( -0.6800000000000000488, -0.01000000000000000021, 0.1600000000000000033 ) ) ;
#83 = UNCERTAINTY_MEASURE_WITH_UNIT (LENGTH_MEASURE( 1.000000000000000082E-05 ), #4472, 'distance_accuracy_value', 'NONE');
#84 = SURFACE_SIDE_STYLE ('',( #894 ) ) ;
#85 = SURFACE_STYLE_FILL_AREA ( #4158 ) ;
#86 = FILL_AREA_STYLE_COLOUR ( '', #3435 ) ;
#87 = DIRECTION ( 'NONE',  ( -1.000000000000000000, 0.000000000000000000, -0.000000000000000000 ) ) ;
#88 = CARTESIAN_POINT ( 'NONE',  ( 0.8000000000000000444, 0.1600000000000000033, 0.000000000000000000 ) ) ;
#89 = VERTEX_POINT ( 'NONE', #3877 ) ;
#90 = VECTOR ( 'NONE', #1561, 1000.000000000000000 ) ;
#91 = SURFACE_SIDE_STYLE ('',( #3548 ) ) ;
#92 = EDGE_LOOP ( 'NONE', ( #687, #3531, #853, #2438 ) ) ;
#93 = FILL_AREA_STYLE ('',( #3160 ) ) ;
#94 =( GEOMETRIC_REPRESENTATION_CONTEXT ( 3 ) GLOBAL_UNCERTAINTY_ASSIGNED_CONTEXT ( ( #1977 ) ) GLOBAL_UNIT_ASSIGNED_CONTEXT ( ( #2254, #3390, #2997 ) ) REPRESENTATION_CONTEXT ( 'NONE', 'WORKASPACE' ) );
#95 = FILL_AREA_STYLE_COLOUR ( '', #1120 ) ;
#96 = PRESENTATION_LAYER_ASSIGNMENT (  '', '', ( #2452 ) ) ;
#97 = LINE ( 'NONE', #3281, #4019 ) ;
#98 = COLOUR_RGB ( '',0.9686274509803921573, 0.8784313725490195957, 0.5999999999999999778 ) ;
#99 = VECTOR ( 'NONE', #751, 1000.000000000000000 ) ;
#100 = VERTEX_POINT ( 'NONE', #304 ) ;
#101 = DIRECTION ( 'NONE',  ( 0.000000000000000000, 0.000000000000000000, 1.000000000000000000 ) ) ;
#102 = CARTESIAN_POINT ( 'NONE',  ( -0.8000000000000000444, -0.01000000000000000021, 0.1499999999999999944 ) ) ;
#103 =( GEOMETRIC_REPRESENTATION_CONTEXT ( 3 ) GLOBAL_UNCERTAINTY_ASSIGNED_CONTEXT ( ( #2950 ) ) GLOBAL_UNIT_ASSIGNED_CONTEXT ( ( #2440, #114, #783 ) ) REPRESENTATION_CONTEXT ( 'NONE', 'WORKASPACE' ) );
#104 = MECHANICAL_DESIGN_GEOMETRIC_PRESENTATION_REPRESENTATION (  '', ( #1869 ), #3559 ) ;
#105 =( GEOMETRIC_REPRESENTATION_CONTEXT ( 3 ) GLOBAL_UNCERTAINTY_ASSIGNED_CONTEXT ( ( #462 ) ) GLOBAL_UNIT_ASSIGNED_CONTEXT ( ( #529, #2260, #866 ) ) REPRESENTATION_CONTEXT ( 'NONE', 'WORKASPACE' ) );
#106 = DIRECTION ( 'NONE',  ( 5.583641188300348466E-14, 0.000000000000000000, 1.000000000000000000 ) ) ;
#107 = COLOUR_RGB ( '',0.9686274509803921573, 0.8784313725490195957, 0.5999999999999999778 ) ;
#108 = SURFACE_STYLE_FILL_AREA ( #1592 ) ;
#109 = CARTESIAN_POINT ( 'NONE',  ( -0.6800000000000000488, 0.000000000000000000, -0.4000000000000000222 ) ) ;
#110 = ADVANCED_FACE ( 'NONE', ( #353 ), #3799, .T. ) ;
#111 = DIRECTION ( 'NONE',  ( 0.000000000000000000, 0.000000000000000000, 1.000000000000000000 ) ) ;
#112 = PRESENTATION_STYLE_ASSIGNMENT (( #3971 ) ) ;
#113 = DIRECTION ( 'NONE',  ( 0.000000000000000000, 0.000000000000000000, -1.000000000000000000 ) ) ;
#114 =( NAMED_UNIT ( * ) PLANE_ANGLE_UNIT ( ) SI_UNIT ( $, .RADIAN. ) );
#115 = ORIENTED_EDGE ( 'NONE', *, *, #3462, .T. ) ;
#116 = ORIENTED_EDGE ( 'NONE', *, *, #744, .F. ) ;
#117 =( NAMED_UNIT ( * ) PLANE_ANGLE_UNIT ( ) SI_UNIT ( $, .RADIAN. ) );
#118 = UNCERTAINTY_MEASURE_WITH_UNIT (LENGTH_MEASURE( 1.000000000000000082E-05 ), #2139, 'distance_accuracy_value', 'NONE');
#119 =( GEOMETRIC_REPRESENTATION_CONTEXT ( 3 ) GLOBAL_UNCERTAINTY_ASSIGNED_CONTEXT ( ( #2897 ) ) GLOBAL_UNIT_ASSIGNED_CONTEXT ( ( #4042, #1221, #808 ) ) REPRESENTATION_CONTEXT ( 'NONE', 'WORKASPACE' ) );
#120 = DIRECTION ( 'NONE',  ( 1.000000000000000000, 0.000000000000000000, -0.000000000000000000 ) ) ;
#121 = CLOSED_SHELL ( 'NONE', ( #540, #1064, #1920, #19, #1997, #3294 ) ) ;
#122 = ORIENTED_EDGE ( 'NONE', *, *, #4232, .F. ) ;
#123 = CARTESIAN_POINT ( 'NONE',  ( -0.5154979824291560098, -0.2300000000000000100, -0.3879462107649007119 ) ) ;
#124 = ORIENTED_EDGE ( 'NONE', *, *, #1289, .F. ) ;
#125 = DIRECTION ( 'NONE',  ( 1.129377263005733683E-17, -0.000000000000000000, -1.000000000000000000 ) ) ;
#126 = DIRECTION ( 'NONE',  ( -0.000000000000000000, -1.000000000000000000, -0.000000000000000000 ) ) ;
#127 = FILL_AREA_STYLE_COLOUR ( '', #2912 ) ;
#128 = LINE ( 'NONE', #2846, #2016 ) ;
#129 = CARTESIAN_POINT ( 'NONE',  ( 0.8000000000000000444, 0.1600000000000000033, 0.000000000000000000 ) ) ;
#130 = EDGE_CURVE ( 'NONE', #89, #46, #1020, .T. ) ;
#131 = AXIS2_PLACEMENT_3D ( 'NONE', #2980, #4365, #4388 ) ;
#132 = FILL_AREA_STYLE ('',( #3296 ) ) ;
#133 = EDGE_LOOP ( 'NONE', ( #813, #454, #2225, #469 ) ) ;
#134 = UNCERTAINTY_MEASURE_WITH_UNIT (LENGTH_MEASURE( 1.000000000000000082E-05 ), #1709, 'distance_accuracy_value', 'NONE');
#135 = ORIENTED_EDGE ( 'NONE', *, *, #817, .T. ) ;
#136 = MECHANICAL_DESIGN_GEOMETRIC_PRESENTATION_REPRESENTATION (  '', ( #634 ), #2047 ) ;
#137 = PRESENTATION_LAYER_ASSIGNMENT (  '', '', ( #64 ) ) ;
#138 = CARTESIAN_POINT ( 'NONE',  ( -0.7949999999999999289, 0.1700000000000000122, 0.000000000000000000 ) ) ;
#139 = UNCERTAINTY_MEASURE_WITH_UNIT (LENGTH_MEASURE( 1.000000000000000082E-05 ), #1358, 'distance_accuracy_value', 'NONE');
#140 =( LENGTH_UNIT ( ) NAMED_UNIT ( * ) SI_UNIT ( .MILLI., .METRE. ) );
#141 = STYLED_ITEM ( 'NONE', ( #3953 ), #1994 ) ;
#142 = UNCERTAINTY_MEASURE_WITH_UNIT (LENGTH_MEASURE( 1.000000000000000082E-05 ), #4, 'distance_accuracy_value', 'NONE');
#143 = CARTESIAN_POINT ( 'NONE',  ( -0.2299999999999999545, 0.1600000000000000033, -0.4000000000000000222 ) ) ;
#144 = VERTEX_POINT ( 'NONE', #3147 ) ;
#145 = COLOUR_RGB ( '',0.7921568627450980005, 0.8196078431372548767, 0.9333333333333333481 ) ;
#146 = DIRECTION ( 'NONE',  ( 0.000000000000000000, -0.000000000000000000, 1.000000000000000000 ) ) ;
#147 = FILL_AREA_STYLE_COLOUR ( '', #1943 ) ;
#148 = COLOUR_RGB ( '',1.000000000000000000, 1.000000000000000000, 1.000000000000000000 ) ;
#149 =( NAMED_UNIT ( * ) PLANE_ANGLE_UNIT ( ) SI_UNIT ( $, .RADIAN. ) );
#150 = LINE ( 'NONE', #178, #990 ) ;
#151 = DIRECTION ( 'NONE',  ( 0.000000000000000000, 1.000000000000000000, -0.000000000000000000 ) ) ;
#152 = DIRECTION ( 'NONE',  ( 0.000000000000000000, 0.000000000000000000, 1.000000000000000000 ) ) ;
#153 = ORIENTED_EDGE ( 'NONE', *, *, #2032, .F. ) ;
#154 = FILL_AREA_STYLE_COLOUR ( '', #4270 ) ;
#155 = ORIENTED_EDGE ( 'NONE', *, *, #4040, .T. ) ;
#156 = SURFACE_SIDE_STYLE ('',( #1919 ) ) ;
#157 = MECHANICAL_DESIGN_GEOMETRIC_PRESENTATION_REPRESENTATION (  '', ( #829 ), #4267 ) ;
#158 = DIRECTION ( 'NONE',  ( -0.000000000000000000, 1.000000000000000000, -0.000000000000000000 ) ) ;
#159 = CARTESIAN_POINT ( 'NONE',  ( 0.8000000000000000444, 0.5054101966249683331, -0.1499999999999999944 ) ) ;
#160 =( GEOMETRIC_REPRESENTATION_CONTEXT ( 3 ) GLOBAL_UNCERTAINTY_ASSIGNED_CONTEXT ( ( #3977 ) ) GLOBAL_UNIT_ASSIGNED_CONTEXT ( ( #720, #1744, #2766 ) ) REPRESENTATION_CONTEXT ( 'NONE', 'WORKASPACE' ) );
#161 = EDGE_CURVE ( 'NONE', #1080, #2131, #3126, .T. ) ;
#162 =( GEOMETRIC_REPRESENTATION_CONTEXT ( 3 ) GLOBAL_UNCERTAINTY_ASSIGNED_CONTEXT ( ( #218 ) ) GLOBAL_UNIT_ASSIGNED_CONTEXT ( ( #140, #117, #1556 ) ) REPRESENTATION_CONTEXT ( 'NONE', 'WORKASPACE' ) );
#163 = VERTEX_POINT ( 'NONE', #3823 ) ;
#164 = FILL_AREA_STYLE_COLOUR ( '', #1619 ) ;
#165 = PRESENTATION_LAYER_ASSIGNMENT (  '', '', ( #3338 ) ) ;
#166 = SURFACE_SIDE_STYLE ('',( #472 ) ) ;
#167 = STYLED_ITEM ( 'NONE', ( #3515 ), #3604 ) ;
#168 = AXIS2_PLACEMENT_3D ( 'NONE', #2166, #2088, #406 ) ;
#169 = VECTOR ( 'NONE', #2716, 1000.000000000000000 ) ;
#170 = ORIENTED_EDGE ( 'NONE', *, *, #4290, .F. ) ;
#171 = STYLED_ITEM ( 'NONE', ( #1660 ), #1920 ) ;
#172 = CARTESIAN_POINT ( 'NONE',  ( -0.8000000000000000444, 0.1600000000000000033, 1.959434878635765230E-16 ) ) ;
#173 = PRESENTATION_LAYER_ASSIGNMENT (  '', '', ( #2539 ) ) ;
#174 = DIRECTION ( 'NONE',  ( 0.000000000000000000, 0.000000000000000000, -1.000000000000000000 ) ) ;
#175 = AXIS2_PLACEMENT_3D ( 'NONE', #3952, #1524, #3656 ) ;
#176 = PRESENTATION_LAYER_ASSIGNMENT (  '', '', ( #2835 ) ) ;
#177 = MECHANICAL_DESIGN_GEOMETRIC_PRESENTATION_REPRESENTATION (  '', ( #1949 ), #4135 ) ;
#178 = CARTESIAN_POINT ( 'NONE',  ( 0.5999999999999999778, -0.01000000000000000021, -0.4000000000000000222 ) ) ;
#179 = CARTESIAN_POINT ( 'NONE',  ( -0.8000000000000000444, -0.01000000000000000021, 0.1499999999999999944 ) ) ;
#180 = ORIENTED_EDGE ( 'NONE', *, *, #3791, .T. ) ;
#181 = ORIENTED_EDGE ( 'NONE', *, *, #1179, .F. ) ;
#182 = CARTESIAN_POINT ( 'NONE',  ( 0.000000000000000000, 0.000000000000000000, 0.000000000000000000 ) ) ;
#183 = SURFACE_STYLE_USAGE ( .BOTH. , #3690 ) ;
#184 = SURFACE_STYLE_FILL_AREA ( #2671 ) ;
#185 = ORIENTED_EDGE ( 'NONE', *, *, #3036, .T. ) ;
#186 = VECTOR ( 'NONE', #1858, 1000.000000000000000 ) ;
#187 = PRESENTATION_STYLE_ASSIGNMENT (( #962 ) ) ;
#188 = EDGE_CURVE ( 'NONE', #4265, #4200, #2138, .T. ) ;
#189 = STYLED_ITEM ( 'NONE', ( #4311 ), #1030 ) ;
#190 = VERTEX_POINT ( 'NONE', #670 ) ;
#191 = EDGE_CURVE ( 'NONE', #2684, #4441, #37, .T. ) ;
#192 = EDGE_CURVE ( 'NONE', #4153, #3086, #3538, .T. ) ;
#193 = LINE ( 'NONE', #3007, #923 ) ;
#194 = DIRECTION ( 'NONE',  ( -0.000000000000000000, 1.000000000000000000, -0.000000000000000000 ) ) ;
#195 = DIRECTION ( 'NONE',  ( 0.000000000000000000, 1.000000000000000000, -0.000000000000000000 ) ) ;
#196 = EDGE_LOOP ( 'NONE', ( #2824, #2152 ) ) ;
#197 = DIRECTION ( 'NONE',  ( -0.000000000000000000, 1.000000000000000000, -0.000000000000000000 ) ) ;
#198 = ORIENTED_EDGE ( 'NONE', *, *, #3462, .F. ) ;
#199 = VECTOR ( 'NONE', #1848, 1000.000000000000000 ) ;
#200 = ADVANCED_FACE ( 'NONE', ( #3447 ), #4186, .T. ) ;
#201 = FILL_AREA_STYLE_COLOUR ( '', #769 ) ;
#202 = DIRECTION ( 'NONE',  ( 0.000000000000000000, 0.000000000000000000, -1.000000000000000000 ) ) ;
#203 = STYLED_ITEM ( 'NONE', ( #566 ), #4487 ) ;
#204 = DIRECTION ( 'NONE',  ( -0.000000000000000000, -0.000000000000000000, 1.000000000000000000 ) ) ;
#205 = SURFACE_SIDE_STYLE ('',( #980 ) ) ;
#206 = CARTESIAN_POINT ( 'NONE',  ( 0.8000000000000000444, 0.5054101966249683331, 0.1499999999999999944 ) ) ;
#207 = UNCERTAINTY_MEASURE_WITH_UNIT (LENGTH_MEASURE( 1.000000000000000082E-05 ), #4287, 'distance_accuracy_value', 'NONE');
#208 = ORIENTED_EDGE ( 'NONE', *, *, #2696, .F. ) ;
#209 = DIRECTION ( 'NONE',  ( 1.000000000000000000, 0.000000000000000000, 0.000000000000000000 ) ) ;
#210 = AXIS2_PLACEMENT_3D ( 'NONE', #908, #1947, #552 ) ;
#211 = DIRECTION ( 'NONE',  ( 1.000000000000000000, 0.000000000000000000, -6.776263578034402713E-17 ) ) ;
#212 = SURFACE_STYLE_USAGE ( .BOTH. , #166 ) ;
#213 = ORIENTED_EDGE ( 'NONE', *, *, #2610, .T. ) ;
#214 = FILL_AREA_STYLE ('',( #1952 ) ) ;
#215 = EDGE_CURVE ( 'NONE', #3094, #4265, #1680, .T. ) ;
#216 = SURFACE_SIDE_STYLE ('',( #1185 ) ) ;
#217 = LINE ( 'NONE', #129, #2894 ) ;
#218 = UNCERTAINTY_MEASURE_WITH_UNIT (LENGTH_MEASURE( 1.000000000000000082E-05 ), #140, 'distance_accuracy_value', 'NONE');
#219 = EDGE_CURVE ( 'NONE', #2514, #1553, #2915, .T. ) ;
#220 = DIRECTION ( 'NONE',  ( -0.000000000000000000, -1.000000000000000000, -0.000000000000000000 ) ) ;
#221 = CARTESIAN_POINT ( 'NONE',  ( -0.8000000000000000444, 0.1700000000000000122, 0.1499999999999999944 ) ) ;
#222 = PLANE ( 'NONE',  #168 ) ;
#223 =( NAMED_UNIT ( * ) PLANE_ANGLE_UNIT ( ) SI_UNIT ( $, .RADIAN. ) );
#224 = SURFACE_STYLE_FILL_AREA ( #4380 ) ;
#225 = VERTEX_POINT ( 'NONE', #449 ) ;
#226 = ORIENTED_EDGE ( 'NONE', *, *, #1562, .F. ) ;
#227 = FILL_AREA_STYLE ('',( #3730 ) ) ;
#228 = SURFACE_STYLE_USAGE ( .BOTH. , #2381 ) ;
#229 = FILL_AREA_STYLE_COLOUR ( '', #2597 ) ;
#230 = ORIENTED_EDGE ( 'NONE', *, *, #4516, .T. ) ;
#231 = CARTESIAN_POINT ( 'NONE',  ( 0.5435855037604986340, -0.2299999999999999545, -0.3879462107649005453 ) ) ;
#232 = LINE ( 'NONE', #3021, #523 ) ;
#233 = VECTOR ( 'NONE', #3144, 1000.000000000000000 ) ;
#234 = PRESENTATION_STYLE_ASSIGNMENT (( #3396 ) ) ;
#235 = ORIENTED_EDGE ( 'NONE', *, *, #2292, .F. ) ;
#236 = SURFACE_SIDE_STYLE ('',( #3052 ) ) ;
#237 = MECHANICAL_DESIGN_GEOMETRIC_PRESENTATION_REPRESENTATION (  '', ( #3338 ), #1264 ) ;
#238 = PRESENTATION_LAYER_ASSIGNMENT (  '', '', ( #831 ) ) ;
#239 = DIRECTION ( 'NONE',  ( 0.000000000000000000, 0.000000000000000000, -1.000000000000000000 ) ) ;
#240 = COLOUR_RGB ( '',1.000000000000000000, 1.000000000000000000, 1.000000000000000000 ) ;
#241 = COLOUR_RGB ( '',0.000000000000000000, 0.5019607843137254832, 0.000000000000000000 ) ;
#242 = STYLED_ITEM ( 'NONE', ( #2241 ), #3614 ) ;
#243 = CARTESIAN_POINT ( 'NONE',  ( -0.5654294591668853620, -0.1826167978121472080, -0.3904294591668853731 ) ) ;
#244 = FILL_AREA_STYLE ('',( #2378 ) ) ;
#245 = COLOUR_RGB ( '',0.9686274509803921573, 0.8784313725490195957, 0.5999999999999999778 ) ;
#246 = SURFACE_SIDE_STYLE ('',( #3343 ) ) ;
#247 = ORIENTED_EDGE ( 'NONE', *, *, #1693, .F. ) ;
#248 = VECTOR ( 'NONE', #1527, 1000.000000000000000 ) ;
#249 =( GEOMETRIC_REPRESENTATION_CONTEXT ( 3 ) GLOBAL_UNCERTAINTY_ASSIGNED_CONTEXT ( ( #3441 ) ) GLOBAL_UNIT_ASSIGNED_CONTEXT ( ( #314, #3496, #1755 ) ) REPRESENTATION_CONTEXT ( 'NONE', 'WORKASPACE' ) );
#250 = EDGE_LOOP ( 'NONE', ( #3541, #181, #4450, #4275 ) ) ;
#251 = VECTOR ( 'NONE', #2628, 1000.000000000000000 ) ;
#252 = EDGE_CURVE ( 'NONE', #1984, #726, #2892, .T. ) ;
#253 = AXIS2_PLACEMENT_3D ( 'NONE', #875, #4078, #1616 ) ;
#254 = DIRECTION ( 'NONE',  ( 0.000000000000000000, 0.000000000000000000, -1.000000000000000000 ) ) ;
#255 = SURFACE_STYLE_FILL_AREA ( #1357 ) ;
#256 = DIRECTION ( 'NONE',  ( -0.000000000000000000, 1.000000000000000000, -0.000000000000000000 ) ) ;
#257 = EDGE_CURVE ( 'NONE', #3408, #3590, #3605, .T. ) ;
#258 = DIRECTION ( 'NONE',  ( 0.000000000000000000, 0.000000000000000000, 1.000000000000000000 ) ) ;
#259 = EDGE_CURVE ( 'NONE', #2922, #2596, #2570, .T. ) ;
#260 = FILL_AREA_STYLE_COLOUR ( '', #723 ) ;
#261 = SURFACE_SIDE_STYLE ('',( #2014 ) ) ;
#262 = COLOUR_RGB ( '',0.000000000000000000, 0.5019607843137254832, 0.000000000000000000 ) ;
#263 = ORIENTED_EDGE ( 'NONE', *, *, #273, .F. ) ;
#264 = COLOUR_RGB ( '',0.9686274509803921573, 0.8784313725490195957, 0.5999999999999999778 ) ;
#265 = CLOSED_SHELL ( 'NONE', ( #2699, #1531, #1507, #882, #1497, #1405, #1499, #4041, #1942, #2238 ) ) ;
#266 = CARTESIAN_POINT ( 'NONE',  ( -0.7949999999999999289, 0.1700000000000000122, 0.000000000000000000 ) ) ;
#267 = VERTEX_POINT ( 'NONE', #1830 ) ;
#268 = EDGE_CURVE ( 'NONE', #956, #2435, #1517, .T. ) ;
#269 = CARTESIAN_POINT ( 'NONE',  ( 0.8000000000000000444, -0.01000000000000000021, 0.000000000000000000 ) ) ;
#270 = SURFACE_STYLE_USAGE ( .BOTH. , #958 ) ;
#271 = CARTESIAN_POINT ( 'NONE',  ( -0.7500000000000000000, 0.1700000000000000122, -0.1948717526990507709 ) ) ;
#272 = EDGE_LOOP ( 'NONE', ( #1759, #2309, #663, #1482 ) ) ;
#273 = EDGE_CURVE ( 'NONE', #3158, #3461, #3565, .T. ) ;
#274 = CARTESIAN_POINT ( 'NONE',  ( 0.7500000000000000000, 0.1600000000000000033, 0.3499999999999999778 ) ) ;
#275 = DIRECTION ( 'NONE',  ( 0.000000000000000000, 0.000000000000000000, 1.000000000000000000 ) ) ;
#276 = FILL_AREA_STYLE_COLOUR ( '', #2043 ) ;
#277 = ORIENTED_EDGE ( 'NONE', *, *, #1289, .T. ) ;
#278 =( NAMED_UNIT ( * ) SI_UNIT ( $, .STERADIAN. ) SOLID_ANGLE_UNIT ( ) );
#279 =( GEOMETRIC_REPRESENTATION_CONTEXT ( 3 ) GLOBAL_UNCERTAINTY_ASSIGNED_CONTEXT ( ( #3617 ) ) GLOBAL_UNIT_ASSIGNED_CONTEXT ( ( #1701, #556, #3377 ) ) REPRESENTATION_CONTEXT ( 'NONE', 'WORKASPACE' ) );
#280 = PRESENTATION_STYLE_ASSIGNMENT (( #950 ) ) ;
#281 =( GEOMETRIC_REPRESENTATION_CONTEXT ( 3 ) GLOBAL_UNCERTAINTY_ASSIGNED_CONTEXT ( ( #2649 ) ) GLOBAL_UNIT_ASSIGNED_CONTEXT ( ( #307, #407, #1401 ) ) REPRESENTATION_CONTEXT ( 'NONE', 'WORKASPACE' ) );
#282 = CARTESIAN_POINT ( 'NONE',  ( 0.8000000000000000444, 0.1600000000000000033, 0.000000000000000000 ) ) ;
#283 = FILL_AREA_STYLE ('',( #2064 ) ) ;
#284 = DIRECTION ( 'NONE',  ( 0.000000000000000000, 0.000000000000000000, -1.000000000000000000 ) ) ;
#285 = DIRECTION ( 'NONE',  ( 0.000000000000000000, -0.000000000000000000, 1.000000000000000000 ) ) ;
#286 = DIRECTION ( 'NONE',  ( 0.000000000000000000, 0.000000000000000000, -1.000000000000000000 ) ) ;
#287 = ORIENTED_EDGE ( 'NONE', *, *, #1999, .T. ) ;
#288 = FILL_AREA_STYLE ('',( #1375 ) ) ;
#289 = DIRECTION ( 'NONE',  ( 0.000000000000000000, 0.000000000000000000, 1.000000000000000000 ) ) ;
#290 =( NAMED_UNIT ( * ) PLANE_ANGLE_UNIT ( ) SI_UNIT ( $, .RADIAN. ) );
#291 =( NAMED_UNIT ( * ) PLANE_ANGLE_UNIT ( ) SI_UNIT ( $, .RADIAN. ) );
#292 = COLOUR_RGB ( '',0.000000000000000000, 0.5019607843137254832, 0.000000000000000000 ) ;
#293 = LINE ( 'NONE', #3104, #1074 ) ;
#294 = LINE ( 'NONE', #1329, #4125 ) ;
#295 = FILL_AREA_STYLE_COLOUR ( '', #1936 ) ;
#296 = EDGE_LOOP ( 'NONE', ( #4059, #3997, #417, #4372 ) ) ;
#297 = DIRECTION ( 'NONE',  ( -1.000000000000000000, 0.000000000000000000, 0.000000000000000000 ) ) ;
#298 = FILL_AREA_STYLE ('',( #276 ) ) ;
#299 = EDGE_CURVE ( 'NONE', #3231, #999, #80, .T. ) ;
#300 = UNCERTAINTY_MEASURE_WITH_UNIT (LENGTH_MEASURE( 1.000000000000000082E-05 ), #2940, 'distance_accuracy_value', 'NONE');
#301 = ORIENTED_EDGE ( 'NONE', *, *, #2190, .F. ) ;
#302 = MECHANICAL_DESIGN_GEOMETRIC_PRESENTATION_REPRESENTATION (  '', ( #3913 ), #749 ) ;
#303 = DIRECTION ( 'NONE',  ( -0.000000000000000000, -1.000000000000000000, -0.000000000000000000 ) ) ;
#304 = CARTESIAN_POINT ( 'NONE',  ( 0.7500000000000000000, -0.01000000000000000021, 0.2449489742783176882 ) ) ;
#305 =( NAMED_UNIT ( * ) SI_UNIT ( $, .STERADIAN. ) SOLID_ANGLE_UNIT ( ) );
#306 = PRESENTATION_LAYER_ASSIGNMENT (  '', '', ( #3764 ) ) ;
#307 =( LENGTH_UNIT ( ) NAMED_UNIT ( * ) SI_UNIT ( .MILLI., .METRE. ) );
#308 = CARTESIAN_POINT ( 'NONE',  ( -0.8000000000000000444, 0.1700000000000000122, -0.1499999999999999944 ) ) ;
#309 = EDGE_LOOP ( 'NONE', ( #2881, #2061, #4359, #3357 ) ) ;
#310 = SURFACE_STYLE_FILL_AREA ( #3784 ) ;
#311 = VECTOR ( 'NONE', #984, 1000.000000000000000 ) ;
#312 = STYLED_ITEM ( 'NONE', ( #3857 ), #491 ) ;
#313 = AXIS2_PLACEMENT_3D ( 'NONE', #4263, #4330, #3229 ) ;
#314 =( LENGTH_UNIT ( ) NAMED_UNIT ( * ) SI_UNIT ( .MILLI., .METRE. ) );
#315 = SURFACE_SIDE_STYLE ('',( #650 ) ) ;
#316 = STYLED_ITEM ( 'NONE', ( #1238 ), #1852 ) ;
#317 = AXIS2_PLACEMENT_3D ( 'NONE', #1265, #988, #2407 ) ;
#318 = CARTESIAN_POINT ( 'NONE',  ( 0.8000000000000000444, -0.01000000000000000021, 0.2000000000000000111 ) ) ;
#319 = ORIENTED_EDGE ( 'NONE', *, *, #3942, .F. ) ;
#320 = MECHANICAL_DESIGN_GEOMETRIC_PRESENTATION_REPRESENTATION (  '', ( #4281 ), #2825 ) ;
#321 =( NAMED_UNIT ( * ) PLANE_ANGLE_UNIT ( ) SI_UNIT ( $, .RADIAN. ) );
#322 = SURFACE_SIDE_STYLE ('',( #2155 ) ) ;
#323 = CARTESIAN_POINT ( 'NONE',  ( 0.6999999999999999556, -0.01000000000000000021, 0.4000000000000000222 ) ) ;
#324 = FACE_OUTER_BOUND ( 'NONE', #1775, .T. ) ;
#325 = VERTEX_POINT ( 'NONE', #3159 ) ;
#326 = LINE ( 'NONE', #3504, #233 ) ;
#327 = EDGE_CURVE ( 'NONE', #2583, #4485, #4154, .T. ) ;
#328 = SURFACE_SIDE_STYLE ('',( #2705 ) ) ;
#329 = VECTOR ( 'NONE', #1595, 1000.000000000000000 ) ;
#330 =( GEOMETRIC_REPRESENTATION_CONTEXT ( 3 ) GLOBAL_UNCERTAINTY_ASSIGNED_CONTEXT ( ( #484 ) ) GLOBAL_UNIT_ASSIGNED_CONTEXT ( ( #2609, #3676, #4348 ) ) REPRESENTATION_CONTEXT ( 'NONE', 'WORKASPACE' ) );
#331 =( NAMED_UNIT ( * ) SI_UNIT ( $, .STERADIAN. ) SOLID_ANGLE_UNIT ( ) );
#332 =( NAMED_UNIT ( * ) PLANE_ANGLE_UNIT ( ) SI_UNIT ( $, .RADIAN. ) );
#333 = CARTESIAN_POINT ( 'NONE',  ( 0.3499999999999999223, 0.1700000000000000122, -0.3499999999999998668 ) ) ;
#334 = ORIENTED_EDGE ( 'NONE', *, *, #4461, .F. ) ;
#335 = ADVANCED_FACE ( 'NONE', ( #1387 ), #653, .T. ) ;
#336 = CIRCLE ( 'NONE', #1526, 0.1999999999999999833 ) ;
#337 = CARTESIAN_POINT ( 'NONE',  ( 0.5999999999999998668, 0.000000000000000000, 0.1499999999999996336 ) ) ;
#338 = EDGE_CURVE ( 'NONE', #710, #906, #3883, .T. ) ;
#339 = ORIENTED_EDGE ( 'NONE', *, *, #1092, .T. ) ;
#340 = VERTEX_POINT ( 'NONE', #924 ) ;
#341 = ORIENTED_EDGE ( 'NONE', *, *, #1806, .F. ) ;
#342 = CARTESIAN_POINT ( 'NONE',  ( -0.8000000000000000444, 0.1600000000000000033, 0.000000000000000000 ) ) ;
#343 = DIRECTION ( 'NONE',  ( -0.000000000000000000, -1.000000000000000000, -0.000000000000000000 ) ) ;
#344 = PRESENTATION_LAYER_ASSIGNMENT (  '', '', ( #2851 ) ) ;
#345 = CARTESIAN_POINT ( 'NONE',  ( 0.7500000000000000000, 0.1700000000000000122, -0.3499999999999999778 ) ) ;
#346 = ORIENTED_EDGE ( 'NONE', *, *, #1017, .F. ) ;
#347 = SURFACE_STYLE_USAGE ( .BOTH. , #4181 ) ;
#348 = FILL_AREA_STYLE ('',( #695 ) ) ;
#349 = PRESENTATION_LAYER_ASSIGNMENT (  '', '', ( #634 ) ) ;
#350 = DIRECTION ( 'NONE',  ( -0.000000000000000000, -1.000000000000000000, -0.000000000000000000 ) ) ;
#351 = EDGE_CURVE ( 'NONE', #4038, #3829, #567, .T. ) ;
#352 = CARTESIAN_POINT ( 'NONE',  ( -0.8000000000000000444, 0.000000000000000000, -0.4000000000000000222 ) ) ;
#353 = FACE_OUTER_BOUND ( 'NONE', #196, .T. ) ;
#354 =( LENGTH_UNIT ( ) NAMED_UNIT ( * ) SI_UNIT ( .MILLI., .METRE. ) );
#355 = DIRECTION ( 'NONE',  ( -0.000000000000000000, 1.000000000000000000, -0.000000000000000000 ) ) ;
#356 = ORIENTED_EDGE ( 'NONE', *, *, #1748, .F. ) ;
#357 = STYLED_ITEM ( 'NONE', ( #4285 ), #1987 ) ;
#358 = LINE ( 'NONE', #2574, #2815 ) ;
#359 = FILL_AREA_STYLE_COLOUR ( '', #2929 ) ;
#360 = EDGE_CURVE ( 'NONE', #1443, #4396, #2718, .T. ) ;
#361 = ADVANCED_FACE ( 'NONE', ( #4107 ), #3425, .T. ) ;
#362 = DIRECTION ( 'NONE',  ( 0.000000000000000000, 0.000000000000000000, 1.000000000000000000 ) ) ;
#363 =( GEOMETRIC_REPRESENTATION_CONTEXT ( 3 ) GLOBAL_UNCERTAINTY_ASSIGNED_CONTEXT ( ( #1274 ) ) GLOBAL_UNIT_ASSIGNED_CONTEXT ( ( #2708, #1658, #4535 ) ) REPRESENTATION_CONTEXT ( 'NONE', 'WORKASPACE' ) );
#364 = ORIENTED_EDGE ( 'NONE', *, *, #2725, .F. ) ;
#365 = PRESENTATION_STYLE_ASSIGNMENT (( #3473 ) ) ;
#366 = ORIENTED_EDGE ( 'NONE', *, *, #3152, .T. ) ;
#367 = EDGE_LOOP ( 'NONE', ( #3450, #1603, #478, #2865 ) ) ;
#368 =( NAMED_UNIT ( * ) PLANE_ANGLE_UNIT ( ) SI_UNIT ( $, .RADIAN. ) );
#369 = SURFACE_STYLE_USAGE ( .BOTH. , #3500 ) ;
#370 = SURFACE_STYLE_FILL_AREA ( #3530 ) ;
#371 = SURFACE_SIDE_STYLE ('',( #3818 ) ) ;
#372 = ORIENTED_EDGE ( 'NONE', *, *, #553, .F. ) ;
#373 = SURFACE_STYLE_FILL_AREA ( #2747 ) ;
#374 = CYLINDRICAL_SURFACE ( 'NONE', #766, 0.1499999999999999944 ) ;
#375 =( NAMED_UNIT ( * ) SI_UNIT ( $, .STERADIAN. ) SOLID_ANGLE_UNIT ( ) );
#376 = CARTESIAN_POINT ( 'NONE',  ( -0.8000000000000000444, 0.000000000000000000, 0.000000000000000000 ) ) ;
#377 = CYLINDRICAL_SURFACE ( 'NONE', #1522, 0.1499999999999999944 ) ;
#378 = EDGE_LOOP ( 'NONE', ( #1105, #1162, #1957, #2666 ) ) ;
#379 = PRESENTATION_LAYER_ASSIGNMENT (  '', '', ( #4115 ) ) ;
#380 = VECTOR ( 'NONE', #2999, 1000.000000000000000 ) ;
#381 = MECHANICAL_DESIGN_GEOMETRIC_PRESENTATION_REPRESENTATION (  '', ( #2452 ), #1262 ) ;
#382 =( LENGTH_UNIT ( ) NAMED_UNIT ( * ) SI_UNIT ( .MILLI., .METRE. ) );
#383 = SURFACE_STYLE_FILL_AREA ( #4286 ) ;
#384 = DIRECTION ( 'NONE',  ( 0.000000000000000000, 0.000000000000000000, 1.000000000000000000 ) ) ;
#385 = CARTESIAN_POINT ( 'NONE',  ( 0.000000000000000000, 0.1700000000000000122, 0.3499999999999999778 ) ) ;
#386 = ORIENTED_EDGE ( 'NONE', *, *, #3958, .T. ) ;
#387 = AXIS2_PLACEMENT_3D ( 'NONE', #2702, #3424, #597 ) ;
#388 = ORIENTED_EDGE ( 'NONE', *, *, #3598, .F. ) ;
#389 =( GEOMETRIC_REPRESENTATION_CONTEXT ( 3 ) GLOBAL_UNCERTAINTY_ASSIGNED_CONTEXT ( ( #2255 ) ) GLOBAL_UNIT_ASSIGNED_CONTEXT ( ( #3168, #2487, #305 ) ) REPRESENTATION_CONTEXT ( 'NONE', 'WORKASPACE' ) );
#390 = STYLED_ITEM ( 'NONE', ( #2149 ), #2645 ) ;
#391 = CARTESIAN_POINT ( 'NONE',  ( 0.8000000000000000444, 0.000000000000000000, 0.2499999999999999445 ) ) ;
#392 = MECHANICAL_DESIGN_GEOMETRIC_PRESENTATION_REPRESENTATION (  '', ( #4498 ), #4128 ) ;
#393 = ADVANCED_FACE ( 'NONE', ( #3008 ), #3800, .T. ) ;
#394 = AXIS2_PLACEMENT_3D ( 'NONE', #2332, #1233, #3679 ) ;
#395 = SURFACE_STYLE_FILL_AREA ( #26 ) ;
#396 = STYLED_ITEM ( 'NONE', ( #671 ), #400 ) ;
#397 = VECTOR ( 'NONE', #4521, 1000.000000000000000 ) ;
#398 = STYLED_ITEM ( 'NONE', ( #698 ), #3755 ) ;
#399 = ADVANCED_FACE ( 'NONE', ( #2396 ), #558, .T. ) ;
#400 = ADVANCED_FACE ( 'NONE', ( #3382 ), #222, .F. ) ;
#401 = ORIENTED_EDGE ( 'NONE', *, *, #1006, .F. ) ;
#402 = DIRECTION ( 'NONE',  ( -1.000000000000000000, 0.000000000000000000, 0.000000000000000000 ) ) ;
#403 = SURFACE_STYLE_FILL_AREA ( #2839 ) ;
#404 = EDGE_CURVE ( 'NONE', #4139, #2922, #3219, .T. ) ;
#405 =( LENGTH_UNIT ( ) NAMED_UNIT ( * ) SI_UNIT ( .MILLI., .METRE. ) );
#406 = DIRECTION ( 'NONE',  ( 0.000000000000000000, 0.000000000000000000, 1.000000000000000000 ) ) ;
#407 =( NAMED_UNIT ( * ) PLANE_ANGLE_UNIT ( ) SI_UNIT ( $, .RADIAN. ) );
#408 = CARTESIAN_POINT ( 'NONE',  ( -0.8000000000000000444, 0.000000000000000000, 0.4000000000000000222 ) ) ;
#409 = DIRECTION ( 'NONE',  ( 0.000000000000000000, 0.000000000000000000, -1.000000000000000000 ) ) ;
#410 = FILL_AREA_STYLE_COLOUR ( '', #2714 ) ;
#411 = COLOUR_RGB ( '',0.000000000000000000, 0.5019607843137254832, 0.000000000000000000 ) ;
#412 = EDGE_LOOP ( 'NONE', ( #41, #3422, #356, #1626 ) ) ;
#413 = CARTESIAN_POINT ( 'NONE',  ( -0.7949999999999999289, 0.1600000000000000033, 0.000000000000000000 ) ) ;
#414 =( NAMED_UNIT ( * ) PLANE_ANGLE_UNIT ( ) SI_UNIT ( $, .RADIAN. ) );
#415 = VERTEX_POINT ( 'NONE', #4514 ) ;
#416 = PRESENTATION_STYLE_ASSIGNMENT (( #2560 ) ) ;
#417 = ORIENTED_EDGE ( 'NONE', *, *, #1610, .T. ) ;
#418 = MECHANICAL_DESIGN_GEOMETRIC_PRESENTATION_REPRESENTATION (  '', ( #1828 ), #4223 ) ;
#419 = FACE_OUTER_BOUND ( 'NONE', #3250, .T. ) ;
#420 = SURFACE_SIDE_STYLE ('',( #2978 ) ) ;
#421 = EDGE_CURVE ( 'NONE', #4153, #443, #1728, .T. ) ;
#422 = EDGE_LOOP ( 'NONE', ( #3790, #1878, #549, #3671 ) ) ;
#423 =( LENGTH_UNIT ( ) NAMED_UNIT ( * ) SI_UNIT ( .MILLI., .METRE. ) );
#424 = CARTESIAN_POINT ( 'NONE',  ( -0.8000000000000000444, 0.5054101966249683331, 0.000000000000000000 ) ) ;
#425 =( GEOMETRIC_REPRESENTATION_CONTEXT ( 3 ) GLOBAL_UNCERTAINTY_ASSIGNED_CONTEXT ( ( #142 ) ) GLOBAL_UNIT_ASSIGNED_CONTEXT ( ( #4, #3162, #31 ) ) REPRESENTATION_CONTEXT ( 'NONE', 'WORKASPACE' ) );
#426 = PRODUCT_CONTEXT ( 'NONE', #3434, 'mechanical' ) ;
#427 =( NAMED_UNIT ( * ) PLANE_ANGLE_UNIT ( ) SI_UNIT ( $, .RADIAN. ) );
#428 = PLANE ( 'NONE',  #2863 ) ;
#429 = DIRECTION ( 'NONE',  ( 0.000000000000000000, 0.000000000000000000, -1.000000000000000000 ) ) ;
#430 = FILL_AREA_STYLE ('',( #1075 ) ) ;
#431 = LINE ( 'NONE', #1793, #1202 ) ;
#432 =( GEOMETRIC_REPRESENTATION_CONTEXT ( 3 ) GLOBAL_UNCERTAINTY_ASSIGNED_CONTEXT ( ( #1836 ) ) GLOBAL_UNIT_ASSIGNED_CONTEXT ( ( #4392, #1314, #1646 ) ) REPRESENTATION_CONTEXT ( 'NONE', 'WORKASPACE' ) );
#433 = CYLINDRICAL_SURFACE ( 'NONE', #4247, 0.2000000000000000111 ) ;
#434 = ORIENTED_EDGE ( 'NONE', *, *, #3945, .T. ) ;
#435 = FILL_AREA_STYLE ('',( #3683 ) ) ;
#436 =( NAMED_UNIT ( * ) SI_UNIT ( $, .STERADIAN. ) SOLID_ANGLE_UNIT ( ) );
#437 = ORIENTED_EDGE ( 'NONE', *, *, #1637, .F. ) ;
#438 = CYLINDRICAL_SURFACE ( 'NONE', #1341, 0.2000000000000000111 ) ;
#439 = ORIENTED_EDGE ( 'NONE', *, *, #2853, .T. ) ;
#440 = AXIS2_PLACEMENT_3D ( 'NONE', #3169, #673, #1022 ) ;
#441 =( NAMED_UNIT ( * ) PLANE_ANGLE_UNIT ( ) SI_UNIT ( $, .RADIAN. ) );
#442 = CARTESIAN_POINT ( 'NONE',  ( 0.8000000000000000444, -0.01000000000000000021, 0.4000000000000000222 ) ) ;
#443 = VERTEX_POINT ( 'NONE', #3490 ) ;
#444 = VECTOR ( 'NONE', #1310, 1000.000000000000000 ) ;
#445 = CARTESIAN_POINT ( 'NONE',  ( -0.8000000000000000444, 0.1700000000000000122, 0.1500000000000001887 ) ) ;
#446 = DIRECTION ( 'NONE',  ( 0.000000000000000000, 0.9986295347545739443, -0.05233595624294388321 ) ) ;
#447 = CARTESIAN_POINT ( 'NONE',  ( 0.8000000000000000444, -0.01000000000000000021, 0.2499999999999999445 ) ) ;
#448 = EDGE_CURVE ( 'NONE', #1035, #1080, #2505, .T. ) ;
#449 = CARTESIAN_POINT ( 'NONE',  ( -0.02999999999999989134, 0.1700000000000000122, -0.1000000000000000056 ) ) ;
#450 =( NAMED_UNIT ( * ) PLANE_ANGLE_UNIT ( ) SI_UNIT ( $, .RADIAN. ) );
#451 = DIRECTION ( 'NONE',  ( 0.000000000000000000, 0.000000000000000000, 1.000000000000000000 ) ) ;
#452 = UNCERTAINTY_MEASURE_WITH_UNIT (LENGTH_MEASURE( 1.000000000000000082E-05 ), #2422, 'distance_accuracy_value', 'NONE');
#453 =( NAMED_UNIT ( * ) PLANE_ANGLE_UNIT ( ) SI_UNIT ( $, .RADIAN. ) );
#454 = ORIENTED_EDGE ( 'NONE', *, *, #257, .F. ) ;
#455 = VECTOR ( 'NONE', #1245, 1000.000000000000000 ) ;
#456 = MANIFOLD_SOLID_BREP ( 'Boss-Extrude4[1]', #2108 ) ;
#457 = FILL_AREA_STYLE ('',( #3642 ) ) ;
#458 = ORIENTED_EDGE ( 'NONE', *, *, #3814, .T. ) ;
#459 = AXIS2_PLACEMENT_3D ( 'NONE', #3732, #256, #1306 ) ;
#460 = PRESENTATION_STYLE_ASSIGNMENT (( #1870 ) ) ;
#461 = MECHANICAL_DESIGN_GEOMETRIC_PRESENTATION_REPRESENTATION (  '', ( #3764 ), #2162 ) ;
#462 = UNCERTAINTY_MEASURE_WITH_UNIT (LENGTH_MEASURE( 1.000000000000000082E-05 ), #529, 'distance_accuracy_value', 'NONE');
#463 =( NAMED_UNIT ( * ) SI_UNIT ( $, .STERADIAN. ) SOLID_ANGLE_UNIT ( ) );
#464 = PRESENTATION_LAYER_ASSIGNMENT (  '', '', ( #2540 ) ) ;
#465 = ORIENTED_EDGE ( 'NONE', *, *, #1492, .F. ) ;
#466 = MECHANICAL_DESIGN_GEOMETRIC_PRESENTATION_REPRESENTATION (  '', ( #396 ), #3555 ) ;
#467 = CARTESIAN_POINT ( 'NONE',  ( -0.8000000000000000444, 0.1700000000000000122, -0.1499999999999998002 ) ) ;
#468 = AXIS2_PLACEMENT_3D ( 'NONE', #921, #4455, #1963 ) ;
#469 = ORIENTED_EDGE ( 'NONE', *, *, #3986, .T. ) ;
#470 = PRESENTATION_LAYER_ASSIGNMENT (  '', '', ( #4498 ) ) ;
#471 = CIRCLE ( 'NONE', #3992, 0.1999999999999999833 ) ;
#472 = SURFACE_STYLE_FILL_AREA ( #3717 ) ;
#473 = FILL_AREA_STYLE_COLOUR ( '', #3652 ) ;
#474 = PRESENTATION_STYLE_ASSIGNMENT (( #2220 ) ) ;
#475 =( LENGTH_UNIT ( ) NAMED_UNIT ( * ) SI_UNIT ( .MILLI., .METRE. ) );
#476 = EDGE_CURVE ( 'NONE', #1618, #1839, #2531, .T. ) ;
#477 = CARTESIAN_POINT ( 'NONE',  ( 0.8000000000000000444, -0.01000000000000000021, -0.4000000000000000222 ) ) ;
#478 = ORIENTED_EDGE ( 'NONE', *, *, #4433, .F. ) ;
#479 = DIRECTION ( 'NONE',  ( -1.000000000000000000, 0.000000000000000000, -2.710505431213760592E-16 ) ) ;
#480 = ORIENTED_EDGE ( 'NONE', *, *, #4232, .T. ) ;
#481 = COLOUR_RGB ( '',0.000000000000000000, 0.5019607843137254832, 0.000000000000000000 ) ;
#482 = FILL_AREA_STYLE_COLOUR ( '', #4371 ) ;
#483 = DIRECTION ( 'NONE',  ( 1.000000000000000000, 0.000000000000000000, -2.710505431213760592E-16 ) ) ;
#484 = UNCERTAINTY_MEASURE_WITH_UNIT (LENGTH_MEASURE( 1.000000000000000082E-05 ), #2609, 'distance_accuracy_value', 'NONE');
#485 = AXIS2_PLACEMENT_3D ( 'NONE', #2226, #2923, #2578 ) ;
#486 = VECTOR ( 'NONE', #3788, 1000.000000000000000 ) ;
#487 =( LENGTH_UNIT ( ) NAMED_UNIT ( * ) SI_UNIT ( .MILLI., .METRE. ) );
#488 = ORIENTED_EDGE ( 'NONE', *, *, #3539, .T. ) ;
#489 =( NAMED_UNIT ( * ) SI_UNIT ( $, .STERADIAN. ) SOLID_ANGLE_UNIT ( ) );
#490 = MECHANICAL_DESIGN_GEOMETRIC_PRESENTATION_REPRESENTATION (  '', ( #3222 ), #3071 ) ;
#491 = MANIFOLD_SOLID_BREP ( 'Boss-Extrude4[3]', #2840 ) ;
#492 = CARTESIAN_POINT ( 'NONE',  ( 0.8000000000000000444, -0.01000000000000000021, 0.2000000000000000111 ) ) ;
#493 = LINE ( 'NONE', #2631, #1127 ) ;
#494 = PRESENTATION_LAYER_ASSIGNMENT (  '', '', ( #3513 ) ) ;
#495 = FILL_AREA_STYLE ('',( #2632 ) ) ;
#496 = LINE ( 'NONE', #2244, #186 ) ;
#497 = PRESENTATION_LAYER_ASSIGNMENT (  '', '', ( #1385 ) ) ;
#498 = SURFACE_STYLE_USAGE ( .BOTH. , #3249 ) ;
#499 =( NAMED_UNIT ( * ) SI_UNIT ( $, .STERADIAN. ) SOLID_ANGLE_UNIT ( ) );
#500 = ORIENTED_EDGE ( 'NONE', *, *, #790, .F. ) ;
#501 = UNCERTAINTY_MEASURE_WITH_UNIT (LENGTH_MEASURE( 1.000000000000000082E-05 ), #3999, 'distance_accuracy_value', 'NONE');
#502 = VERTEX_POINT ( 'NONE', #2217 ) ;
#503 = ADVANCED_FACE ( 'NONE', ( #1831 ), #377, .F. ) ;
#504 = AXIS2_PLACEMENT_3D ( 'NONE', #1041, #2462, #3507 ) ;
#505 = FILL_AREA_STYLE ('',( #3665 ) ) ;
#506 = AXIS2_PLACEMENT_3D ( 'NONE', #2301, #4464, #1677 ) ;
#507 = UNCERTAINTY_MEASURE_WITH_UNIT (LENGTH_MEASURE( 1.000000000000000082E-05 ), #1007, 'distance_accuracy_value', 'NONE');
#508 =( NAMED_UNIT ( * ) PLANE_ANGLE_UNIT ( ) SI_UNIT ( $, .RADIAN. ) );
#509 = SURFACE_STYLE_USAGE ( .BOTH. , #4021 ) ;
#510 = PRESENTATION_LAYER_ASSIGNMENT (  '', '', ( #357 ) ) ;
#511 = PLANE ( 'NONE',  #131 ) ;
#512 = MANIFOLD_SOLID_BREP ( 'Boss-Extrude3', #265 ) ;
#513 = ORIENTED_EDGE ( 'NONE', *, *, #4174, .F. ) ;
#514 = VECTOR ( 'NONE', #996, 1000.000000000000000 ) ;
#515 = PRESENTATION_STYLE_ASSIGNMENT (( #2931 ) ) ;
#516 = FILL_AREA_STYLE_COLOUR ( '', #1570 ) ;
#517 = SURFACE_STYLE_USAGE ( .BOTH. , #4373 ) ;
#518 = DIRECTION ( 'NONE',  ( -0.000000000000000000, -0.000000000000000000, -1.000000000000000000 ) ) ;
#519 = LINE ( 'NONE', #3272, #3650 ) ;
#520 = VERTEX_POINT ( 'NONE', #776 ) ;
#521 = VERTEX_POINT ( 'NONE', #2192 ) ;
#522 = CARTESIAN_POINT ( 'NONE',  ( 0.7500000000000000000, 0.000000000000000000, -0.4000000000000000222 ) ) ;
#523 = VECTOR ( 'NONE', #4414, 1000.000000000000000 ) ;
#524 = EDGE_CURVE ( 'NONE', #3397, #1481, #1493, .T. ) ;
#525 = VECTOR ( 'NONE', #809, 1000.000000000000000 ) ;
#526 = ORIENTED_EDGE ( 'NONE', *, *, #4258, .T. ) ;
#527 = CARTESIAN_POINT ( 'NONE',  ( 0.7500000000000000000, 0.000000000000000000, 0.4000000000000000222 ) ) ;
#528 = AXIS2_PLACEMENT_3D ( 'NONE', #4172, #2442, #3498 ) ;
#529 =( LENGTH_UNIT ( ) NAMED_UNIT ( * ) SI_UNIT ( .MILLI., .METRE. ) );
#530 = ADVANCED_FACE ( 'NONE', ( #2916 ), #428, .F. ) ;
#531 = COLOUR_RGB ( '',0.9686274509803921573, 0.8784313725490195957, 0.5999999999999999778 ) ;
#532 = VECTOR ( 'NONE', #38, 1000.000000000000000 ) ;
#533 = UNCERTAINTY_MEASURE_WITH_UNIT (LENGTH_MEASURE( 1.000000000000000082E-05 ), #3489, 'distance_accuracy_value', 'NONE');
#534 = ORIENTED_EDGE ( 'NONE', *, *, #25, .T. ) ;
#535 = VECTOR ( 'NONE', #1217, 1000.000000000000000 ) ;
#536 = FACE_OUTER_BOUND ( 'NONE', #2885, .T. ) ;
#537 = COLOUR_RGB ( '',0.9686274509803921573, 0.8784313725490195957, 0.5999999999999999778 ) ;
#538 = VECTOR ( 'NONE', #409, 1000.000000000000000 ) ;
#539 = VECTOR ( 'NONE', #451, 1000.000000000000000 ) ;
#540 = ADVANCED_FACE ( 'NONE', ( #536 ), #1270, .F. ) ;
#541 = MECHANICAL_DESIGN_GEOMETRIC_PRESENTATION_REPRESENTATION (  '', ( #2835 ), #1438 ) ;
#542 =( NAMED_UNIT ( * ) PLANE_ANGLE_UNIT ( ) SI_UNIT ( $, .RADIAN. ) );
#543 = VERTEX_POINT ( 'NONE', #2349 ) ;
#544 = FILL_AREA_STYLE_COLOUR ( '', #965 ) ;
#545 = EDGE_LOOP ( 'NONE', ( #334, #712 ) ) ;
#546 = CARTESIAN_POINT ( 'NONE',  ( -0.6800000000000000488, 0.000000000000000000, -0.4000000000000000222 ) ) ;
#547 =( NAMED_UNIT ( * ) SI_UNIT ( $, .STERADIAN. ) SOLID_ANGLE_UNIT ( ) );
#548 = DIRECTION ( 'NONE',  ( -0.000000000000000000, 1.000000000000000000, 0.000000000000000000 ) ) ;
#549 = ORIENTED_EDGE ( 'NONE', *, *, #2953, .F. ) ;
#550 = LINE ( 'NONE', #3372, #2960 ) ;
#551 = PRESENTATION_LAYER_ASSIGNMENT (  '', '', ( #1220 ) ) ;
#552 = DIRECTION ( 'NONE',  ( 0.000000000000000000, 0.000000000000000000, 1.000000000000000000 ) ) ;
#553 = EDGE_CURVE ( 'NONE', #2596, #89, #2373, .T. ) ;
#554 = CARTESIAN_POINT ( 'NONE',  ( -0.02999999999999988787, 0.1700000000000000122, -0.4000000000000000222 ) ) ;
#555 = ORIENTED_EDGE ( 'NONE', *, *, #1317, .F. ) ;
#556 =( NAMED_UNIT ( * ) PLANE_ANGLE_UNIT ( ) SI_UNIT ( $, .RADIAN. ) );
#557 = CARTESIAN_POINT ( 'NONE',  ( -0.7500000000000000000, 0.1700000000000000122, 0.1948717526990507709 ) ) ;
#558 = PLANE ( 'NONE',  #2390 ) ;
#559 = SURFACE_SIDE_STYLE ('',( #224 ) ) ;
#560 = EDGE_LOOP ( 'NONE', ( #2804, #3032, #1256, #2150 ) ) ;
#561 = VECTOR ( 'NONE', #343, 1000.000000000000000 ) ;
#562 = CARTESIAN_POINT ( 'NONE',  ( 0.7500000000000000000, 0.1700000000000000122, 0.000000000000000000 ) ) ;
#563 =( LENGTH_UNIT ( ) NAMED_UNIT ( * ) SI_UNIT ( .MILLI., .METRE. ) );
#564 = CARTESIAN_POINT ( 'NONE',  ( 0.8000000000000000444, -0.01000000000000000021, 0.000000000000000000 ) ) ;
#565 =( GEOMETRIC_REPRESENTATION_CONTEXT ( 3 ) GLOBAL_UNCERTAINTY_ASSIGNED_CONTEXT ( ( #658 ) ) GLOBAL_UNIT_ASSIGNED_CONTEXT ( ( #78, #2891, #9 ) ) REPRESENTATION_CONTEXT ( 'NONE', 'WORKASPACE' ) );
#566 = PRESENTATION_STYLE_ASSIGNMENT (( #509 ) ) ;
#567 = LINE ( 'NONE', #1991, #4403 ) ;
#568 = UNCERTAINTY_MEASURE_WITH_UNIT (LENGTH_MEASURE( 1.000000000000000082E-05 ), #2306, 'distance_accuracy_value', 'NONE');
#569 = CARTESIAN_POINT ( 'NONE',  ( 0.000000000000000000, 0.1600000000000000033, 0.000000000000000000 ) ) ;
#570 = SURFACE_SIDE_STYLE ('',( #591 ) ) ;
#571 = CARTESIAN_POINT ( 'NONE',  ( 0.8000000000000000444, 0.000000000000000000, 0.4000000000000000222 ) ) ;
#572 = EDGE_CURVE ( 'NONE', #1016, #4333, #574, .T. ) ;
#573 = EDGE_LOOP ( 'NONE', ( #2081, #3468, #1402, #3023 ) ) ;
#574 = LINE ( 'NONE', #3423, #3805 ) ;
#575 = SURFACE_STYLE_USAGE ( .BOTH. , #216 ) ;
#576 = EDGE_CURVE ( 'NONE', #1874, #1080, #617, .T. ) ;
#577 = UNCERTAINTY_MEASURE_WITH_UNIT (LENGTH_MEASURE( 1.000000000000000082E-05 ), #3815, 'distance_accuracy_value', 'NONE');
#578 = ADVANCED_FACE ( 'NONE', ( #4070 ), #1340, .T. ) ;
#579 = LINE ( 'NONE', #3028, #1150 ) ;
#580 = DIRECTION ( 'NONE',  ( 0.000000000000000000, 0.000000000000000000, 1.000000000000000000 ) ) ;
#581 = CARTESIAN_POINT ( 'NONE',  ( -0.02999999999999988787, 0.1600000000000000033, -0.4000000000000000222 ) ) ;
#582 = VERTEX_POINT ( 'NONE', #2082 ) ;
#583 =( NAMED_UNIT ( * ) PLANE_ANGLE_UNIT ( ) SI_UNIT ( $, .RADIAN. ) );
#584 = ADVANCED_FACE ( 'NONE', ( #3821 ), #7, .F. ) ;
#585 = PRESENTATION_STYLE_ASSIGNMENT (( #957 ) ) ;
#586 = DIRECTION ( 'NONE',  ( -0.000000000000000000, -1.000000000000000000, -0.000000000000000000 ) ) ;
#587 = DIRECTION ( 'NONE',  ( 0.000000000000000000, 1.000000000000000000, -0.000000000000000000 ) ) ;
#588 = CARTESIAN_POINT ( 'NONE',  ( 0.5154979824291564539, -0.2300000000000000100, -0.3879462107649005453 ) ) ;
#589 = FILL_AREA_STYLE_COLOUR ( '', #2127 ) ;
#590 = LINE ( 'NONE', #527, #3180 ) ;
#591 = SURFACE_STYLE_FILL_AREA ( #4109 ) ;
#592 = AXIS2_PLACEMENT_3D ( 'NONE', #1783, #1037, #402 ) ;
#593 = DIRECTION ( 'NONE',  ( 1.000000000000000000, 0.000000000000000000, 0.000000000000000000 ) ) ;
#594 = ORIENTED_EDGE ( 'NONE', *, *, #817, .F. ) ;
#595 = SURFACE_STYLE_USAGE ( .BOTH. , #236 ) ;
#596 = PRESENTATION_LAYER_ASSIGNMENT (  '', '', ( #2457 ) ) ;
#597 = DIRECTION ( 'NONE',  ( 0.000000000000000000, 0.000000000000000000, 1.000000000000000000 ) ) ;
#598 = ADVANCED_FACE ( 'NONE', ( #1395 ), #4160, .T. ) ;
#599 = STYLED_ITEM ( 'NONE', ( #1255 ), #3517 ) ;
#600 = SURFACE_SIDE_STYLE ('',( #621 ) ) ;
#601 = FACE_OUTER_BOUND ( 'NONE', #412, .T. ) ;
#602 = ORIENTED_EDGE ( 'NONE', *, *, #2421, .T. ) ;
#603 = VECTOR ( 'NONE', #1300, 1000.000000000000000 ) ;
#604 =( GEOMETRIC_REPRESENTATION_CONTEXT ( 3 ) GLOBAL_UNCERTAINTY_ASSIGNED_CONTEXT ( ( #2060 ) ) GLOBAL_UNIT_ASSIGNED_CONTEXT ( ( #1027, #3863, #1460 ) ) REPRESENTATION_CONTEXT ( 'NONE', 'WORKASPACE' ) );
#605 = MECHANICAL_DESIGN_GEOMETRIC_PRESENTATION_REPRESENTATION (  '', ( #2539 ), #1208 ) ;
#606 = VECTOR ( 'NONE', #3244, 1000.000000000000000 ) ;
#607 =( NAMED_UNIT ( * ) SI_UNIT ( $, .STERADIAN. ) SOLID_ANGLE_UNIT ( ) );
#608 = LINE ( 'NONE', #649, #4224 ) ;
#609 = LINE ( 'NONE', #1223, #3114 ) ;
#610 = SURFACE_STYLE_FILL_AREA ( #3769 ) ;
#611 = SURFACE_SIDE_STYLE ('',( #3477 ) ) ;
#612 = DIRECTION ( 'NONE',  ( 0.000000000000000000, -0.000000000000000000, 1.000000000000000000 ) ) ;
#613 = FILL_AREA_STYLE_COLOUR ( '', #3027 ) ;
#614 = UNCERTAINTY_MEASURE_WITH_UNIT (LENGTH_MEASURE( 1.000000000000000082E-05 ), #563, 'distance_accuracy_value', 'NONE');
#615 = VECTOR ( 'NONE', #220, 1000.000000000000000 ) ;
#616 = ORIENTED_EDGE ( 'NONE', *, *, #4085, .F. ) ;
#617 = LINE ( 'NONE', #2657, #1473 ) ;
#618 =( GEOMETRIC_REPRESENTATION_CONTEXT ( 3 ) GLOBAL_UNCERTAINTY_ASSIGNED_CONTEXT ( ( #83 ) ) GLOBAL_UNIT_ASSIGNED_CONTEXT ( ( #4472, #290, #607 ) ) REPRESENTATION_CONTEXT ( 'NONE', 'WORKASPACE' ) );
#619 = FACE_OUTER_BOUND ( 'NONE', #1803, .T. ) ;
#620 = CARTESIAN_POINT ( 'NONE',  ( 0.8000000000000000444, 0.1700000000000000122, -0.1499999999999999944 ) ) ;
#621 = SURFACE_STYLE_FILL_AREA ( #1276 ) ;
#622 = DIRECTION ( 'NONE',  ( -0.000000000000000000, 1.000000000000000000, -0.000000000000000000 ) ) ;
#623 = SURFACE_STYLE_USAGE ( .BOTH. , #1733 ) ;
#624 = FACE_OUTER_BOUND ( 'NONE', #2489, .T. ) ;
#625 = MECHANICAL_DESIGN_GEOMETRIC_PRESENTATION_REPRESENTATION (  '', ( #867 ), #4015 ) ;
#626 =( NAMED_UNIT ( * ) SI_UNIT ( $, .STERADIAN. ) SOLID_ANGLE_UNIT ( ) );
#627 = CARTESIAN_POINT ( 'NONE',  ( 0.5749999999999999556, 0.000000000000000000, 0.4000000000000000222 ) ) ;
#628 = PRESENTATION_STYLE_ASSIGNMENT (( #983 ) ) ;
#629 = EDGE_CURVE ( 'NONE', #2559, #3886, #2429, .T. ) ;
#630 = DIRECTION ( 'NONE',  ( 0.000000000000000000, 0.000000000000000000, 1.000000000000000000 ) ) ;
#631 = ORIENTED_EDGE ( 'NONE', *, *, #2900, .F. ) ;
#632 = FACE_OUTER_BOUND ( 'NONE', #4523, .T. ) ;
#633 =( NAMED_UNIT ( * ) SI_UNIT ( $, .STERADIAN. ) SOLID_ANGLE_UNIT ( ) );
#634 = STYLED_ITEM ( 'NONE', ( #4166 ), #4317 ) ;
#635 =( NAMED_UNIT ( * ) PLANE_ANGLE_UNIT ( ) SI_UNIT ( $, .RADIAN. ) );
#636 = AXIS2_PLACEMENT_3D ( 'NONE', #3253, #4225, #2519 ) ;
#637 = ORIENTED_EDGE ( 'NONE', *, *, #448, .F. ) ;
#638 = FACE_OUTER_BOUND ( 'NONE', #1303, .T. ) ;
#639 = PRESENTATION_STYLE_ASSIGNMENT (( #2787 ) ) ;
#640 = PRESENTATION_LAYER_ASSIGNMENT (  '', '', ( #4465 ) ) ;
#641 = PLANE ( 'NONE',  #3635 ) ;
#642 = SURFACE_STYLE_USAGE ( .BOTH. , #2463 ) ;
#643 = CARTESIAN_POINT ( 'NONE',  ( 0.8000000000000000444, -0.01000000000000000021, 0.000000000000000000 ) ) ;
#644 = SURFACE_STYLE_FILL_AREA ( #1705 ) ;
#645 = SURFACE_SIDE_STYLE ('',( #2042 ) ) ;
#646 = EDGE_LOOP ( 'NONE', ( #3130, #2785, #2494, #341 ) ) ;
#647 = CARTESIAN_POINT ( 'NONE',  ( 0.8000000000000000444, 0.1700000000000000122, 0.000000000000000000 ) ) ;
#648 = PRESENTATION_STYLE_ASSIGNMENT (( #228 ) ) ;
#649 = CARTESIAN_POINT ( 'NONE',  ( 0.8000000000000000444, 0.1700000000000000122, 0.1499999999999999944 ) ) ;
#650 = SURFACE_STYLE_FILL_AREA ( #3155 ) ;
#651 = CARTESIAN_POINT ( 'NONE',  ( -0.8000000000000000444, -0.01000000000000000021, 0.000000000000000000 ) ) ;
#652 = EDGE_LOOP ( 'NONE', ( #44, #4340, #1320, #3692 ) ) ;
#653 = PLANE ( 'NONE',  #3816 ) ;
#654 =( NAMED_UNIT ( * ) SI_UNIT ( $, .STERADIAN. ) SOLID_ANGLE_UNIT ( ) );
#655 = EDGE_CURVE ( 'NONE', #3010, #2559, #2456, .T. ) ;
#656 = PRODUCT_DEFINITION ( 'UNKNOWN', '', #1761, #2101 ) ;
#657 = CYLINDRICAL_SURFACE ( 'NONE', #4268, 0.1999999999999999833 ) ;
#658 = UNCERTAINTY_MEASURE_WITH_UNIT (LENGTH_MEASURE( 1.000000000000000082E-05 ), #78, 'distance_accuracy_value', 'NONE');
#659 = LINE ( 'NONE', #4156, #3350 ) ;
#660 = EDGE_CURVE ( 'NONE', #521, #4264, #326, .T. ) ;
#661 = ADVANCED_FACE ( 'NONE', ( #1810 ), #2134, .F. ) ;
#662 = DIRECTION ( 'NONE',  ( 0.000000000000000000, 0.000000000000000000, 1.000000000000000000 ) ) ;
#663 = ORIENTED_EDGE ( 'NONE', *, *, #4091, .F. ) ;
#664 = DIRECTION ( 'NONE',  ( 0.000000000000000000, 0.000000000000000000, -1.000000000000000000 ) ) ;
#665 = MECHANICAL_DESIGN_GEOMETRIC_PRESENTATION_REPRESENTATION (  '', ( #748 ), #1336 ) ;
#666 = EDGE_CURVE ( 'NONE', #4478, #1439, #1362, .T. ) ;
#667 = PRESENTATION_LAYER_ASSIGNMENT (  '', '', ( #2661 ) ) ;
#668 = CARTESIAN_POINT ( 'NONE',  ( 0.5999999999999998668, -0.01000000000000000021, -0.1499999999999996336 ) ) ;
#669 = LINE ( 'NONE', #953, #514 ) ;
#670 = CARTESIAN_POINT ( 'NONE',  ( -0.8000000000000000444, -0.01000000000000000021, 0.1499999999999999944 ) ) ;
#671 = PRESENTATION_STYLE_ASSIGNMENT (( #3741 ) ) ;
#672 = PRESENTATION_LAYER_ASSIGNMENT (  '', '', ( #2592 ) ) ;
#673 = DIRECTION ( 'NONE',  ( -0.000000000000000000, 1.000000000000000000, -0.000000000000000000 ) ) ;
#674 = LINE ( 'NONE', #998, #2175 ) ;
#675 = ORIENTED_EDGE ( 'NONE', *, *, #744, .T. ) ;
#676 = DIRECTION ( 'NONE',  ( -1.000000000000000000, 0.000000000000000000, 0.000000000000000000 ) ) ;
#677 = STYLED_ITEM ( 'NONE', ( #280 ), #3632 ) ;
#678 = VECTOR ( 'NONE', #4167, 1000.000000000000000 ) ;
#679 = PRESENTATION_STYLE_ASSIGNMENT (( #1837 ) ) ;
#680 = ORIENTED_EDGE ( 'NONE', *, *, #2144, .F. ) ;
#681 = STYLED_ITEM ( 'NONE', ( #1600 ), #2643 ) ;
#682 = CARTESIAN_POINT ( 'NONE',  ( 0.7500000000000000000, 0.1600000000000000033, -0.1948717526990507709 ) ) ;
#683 = CARTESIAN_POINT ( 'NONE',  ( -0.02999999999999989134, 0.1600000000000000033, -0.1000000000000000056 ) ) ;
#684 = ORIENTED_EDGE ( 'NONE', *, *, #3239, .F. ) ;
#685 = VECTOR ( 'NONE', #3288, 1000.000000000000000 ) ;
#686 = PLANE ( 'NONE',  #3263 ) ;
#687 = ORIENTED_EDGE ( 'NONE', *, *, #2261, .T. ) ;
#688 = COLOUR_RGB ( '',0.000000000000000000, 0.5019607843137254832, 0.000000000000000000 ) ;
#689 = PRESENTATION_STYLE_ASSIGNMENT (( #2444 ) ) ;
#690 = PRESENTATION_STYLE_ASSIGNMENT (( #787 ) ) ;
#691 = PRESENTATION_STYLE_ASSIGNMENT (( #2449 ) ) ;
#692 = CARTESIAN_POINT ( 'NONE',  ( 0.3499999999999999778, 0.1700000000000000122, -5.421010862427523403E-17 ) ) ;
#693 = EDGE_CURVE ( 'NONE', #3613, #3101, #4006, .T. ) ;
#694 = ORIENTED_EDGE ( 'NONE', *, *, #192, .T. ) ;
#695 = FILL_AREA_STYLE_COLOUR ( '', #3332 ) ;
#696 = EDGE_CURVE ( 'NONE', #4531, #1684, #77, .T. ) ;
#697 = EDGE_CURVE ( 'NONE', #2141, #2131, #2868, .T. ) ;
#698 = PRESENTATION_STYLE_ASSIGNMENT (( #3560 ) ) ;
#699 = DIRECTION ( 'NONE',  ( 1.000000000000000000, 0.000000000000000000, 0.000000000000000000 ) ) ;
#700 = LINE ( 'NONE', #3798, #3313 ) ;
#701 = CARTESIAN_POINT ( 'NONE',  ( 0.000000000000000000, 0.000000000000000000, -0.4000000000000000222 ) ) ;
#702 = CARTESIAN_POINT ( 'NONE',  ( 0.8000000000000000444, 0.000000000000000000, -0.4000000000000000222 ) ) ;
#703 =( NAMED_UNIT ( * ) SI_UNIT ( $, .STERADIAN. ) SOLID_ANGLE_UNIT ( ) );
#704 = CARTESIAN_POINT ( 'NONE',  ( 0.8000000000000000444, 0.1600000000000000033, 0.000000000000000000 ) ) ;
#705 = VERTEX_POINT ( 'NONE', #3238 ) ;
#706 = AXIS2_PLACEMENT_3D ( 'NONE', #3892, #738, #2154 ) ;
#707 =( NAMED_UNIT ( * ) SI_UNIT ( $, .STERADIAN. ) SOLID_ANGLE_UNIT ( ) );
#708 = CARTESIAN_POINT ( 'NONE',  ( 0.8000000000000000444, 0.000000000000000000, 0.000000000000000000 ) ) ;
#709 = CLOSED_SHELL ( 'NONE', ( #503, #2375, #584, #2115, #51, #2949, #2899, #2772, #870, #4317 ) ) ;
#710 = VERTEX_POINT ( 'NONE', #2586 ) ;
#711 = DIRECTION ( 'NONE',  ( 1.000000000000000000, 0.000000000000000000, -0.000000000000000000 ) ) ;
#712 = ORIENTED_EDGE ( 'NONE', *, *, #2927, .F. ) ;
#713 =( NAMED_UNIT ( * ) PLANE_ANGLE_UNIT ( ) SI_UNIT ( $, .RADIAN. ) );
#714 = ORIENTED_EDGE ( 'NONE', *, *, #1006, .T. ) ;
#715 =( NAMED_UNIT ( * ) PLANE_ANGLE_UNIT ( ) SI_UNIT ( $, .RADIAN. ) );
#716 =( LENGTH_UNIT ( ) NAMED_UNIT ( * ) SI_UNIT ( .MILLI., .METRE. ) );
#717 = CARTESIAN_POINT ( 'NONE',  ( 0.8000000000000000444, 0.1700000000000000122, 0.1499999999999999944 ) ) ;
#718 = ORIENTED_EDGE ( 'NONE', *, *, #2521, .F. ) ;
#719 = PLANE ( 'NONE',  #4293 ) ;
#720 =( LENGTH_UNIT ( ) NAMED_UNIT ( * ) SI_UNIT ( .MILLI., .METRE. ) );
#721 = CIRCLE ( 'NONE', #872, 0.1499999999999999944 ) ;
#722 = CARTESIAN_POINT ( 'NONE',  ( 0.7500000000000000000, 0.1600000000000000033, -0.3499999999999999778 ) ) ;
#723 = COLOUR_RGB ( '',1.000000000000000000, 1.000000000000000000, 1.000000000000000000 ) ;
#724 = SURFACE_STYLE_USAGE ( .BOTH. , #2822 ) ;
#725 = LINE ( 'NONE', #2535, #3776 ) ;
#726 = VERTEX_POINT ( 'NONE', #3311 ) ;
#727 = PRESENTATION_LAYER_ASSIGNMENT (  '', '', ( #947 ) ) ;
#728 =( NAMED_UNIT ( * ) SI_UNIT ( $, .STERADIAN. ) SOLID_ANGLE_UNIT ( ) );
#729 =( NAMED_UNIT ( * ) PLANE_ANGLE_UNIT ( ) SI_UNIT ( $, .RADIAN. ) );
#730 = ADVANCED_FACE ( 'NONE', ( #3982 ), #2212, .T. ) ;
#731 = DIRECTION ( 'NONE',  ( 0.000000000000000000, 0.000000000000000000, 1.000000000000000000 ) ) ;
#732 = CARTESIAN_POINT ( 'NONE',  ( 0.8000000000000000444, -0.01000000000000000021, 0.1499999999999999944 ) ) ;
#733 = ORIENTED_EDGE ( 'NONE', *, *, #1363, .T. ) ;
#734 = PRESENTATION_STYLE_ASSIGNMENT (( #2906 ) ) ;
#735 = ORIENTED_EDGE ( 'NONE', *, *, #1693, .T. ) ;
#736 = EDGE_CURVE ( 'NONE', #190, #3980, #1850, .T. ) ;
#737 = MECHANICAL_DESIGN_GEOMETRIC_PRESENTATION_REPRESENTATION (  '', ( #2143 ), #4103 ) ;
#738 = DIRECTION ( 'NONE',  ( 1.000000000000000000, 0.000000000000000000, 0.000000000000000000 ) ) ;
#739 = FACE_OUTER_BOUND ( 'NONE', #3706, .T. ) ;
#740 = DIRECTION ( 'NONE',  ( -0.000000000000000000, 1.000000000000000000, -0.000000000000000000 ) ) ;
#741 = VERTEX_POINT ( 'NONE', #2933 ) ;
#742 = DIRECTION ( 'NONE',  ( -1.000000000000000000, 0.000000000000000000, -0.000000000000000000 ) ) ;
#743 = FACE_OUTER_BOUND ( 'NONE', #876, .T. ) ;
#744 = EDGE_CURVE ( 'NONE', #3599, #415, #3260, .T. ) ;
#745 = CARTESIAN_POINT ( 'NONE',  ( -0.8000000000000000444, 0.1600000000000000033, -0.4000000000000000222 ) ) ;
#746 = PRESENTATION_LAYER_ASSIGNMENT (  '', '', ( #4113 ) ) ;
#747 = DIRECTION ( 'NONE',  ( 4.336808689942012313E-16, 0.000000000000000000, -1.000000000000000000 ) ) ;
#748 = STYLED_ITEM ( 'NONE', ( #55 ), #661 ) ;
#749 =( GEOMETRIC_REPRESENTATION_CONTEXT ( 3 ) GLOBAL_UNCERTAINTY_ASSIGNED_CONTEXT ( ( #3757 ) ) GLOBAL_UNIT_ASSIGNED_CONTEXT ( ( #3666, #508, #2183 ) ) REPRESENTATION_CONTEXT ( 'NONE', 'WORKASPACE' ) );
#750 = AXIS2_PLACEMENT_3D ( 'NONE', #3251, #3594, #785 ) ;
#751 = DIRECTION ( 'NONE',  ( 1.355252715606880543E-16, 0.000000000000000000, 1.000000000000000000 ) ) ;
#752 = FILL_AREA_STYLE_COLOUR ( '', #4168 ) ;
#753 = ORIENTED_EDGE ( 'NONE', *, *, #2927, .T. ) ;
#754 = CARTESIAN_POINT ( 'NONE',  ( 0.8000000000000000444, -0.01000000000000000021, -0.2000000000000000111 ) ) ;
#755 = PRESENTATION_STYLE_ASSIGNMENT (( #1104 ) ) ;
#756 = ORIENTED_EDGE ( 'NONE', *, *, #3433, .T. ) ;
#757 = PRESENTATION_LAYER_ASSIGNMENT (  '', '', ( #1049 ) ) ;
#758 = EDGE_CURVE ( 'NONE', #2435, #3214, #2568, .T. ) ;
#759 = CARTESIAN_POINT ( 'NONE',  ( 0.000000000000000000, 0.1600000000000000033, 0.4000000000000000222 ) ) ;
#760 = ORIENTED_EDGE ( 'NONE', *, *, #1175, .T. ) ;
#761 = MECHANICAL_DESIGN_GEOMETRIC_PRESENTATION_REPRESENTATION (  '', ( #2738 ), #2534 ) ;
#762 = SURFACE_STYLE_USAGE ( .BOTH. , #2518 ) ;
#763 = PRESENTATION_LAYER_ASSIGNMENT (  '', '', ( #2817 ) ) ;
#764 = SURFACE_STYLE_USAGE ( .BOTH. , #2 ) ;
#765 = MECHANICAL_DESIGN_GEOMETRIC_PRESENTATION_REPRESENTATION (  '', ( #3115 ), #3985 ) ;
#766 = AXIS2_PLACEMENT_3D ( 'NONE', #424, #1490, #2889 ) ;
#767 =( GEOMETRIC_REPRESENTATION_CONTEXT ( 3 ) GLOBAL_UNCERTAINTY_ASSIGNED_CONTEXT ( ( #1147 ) ) GLOBAL_UNIT_ASSIGNED_CONTEXT ( ( #3746, #2690, #1664 ) ) REPRESENTATION_CONTEXT ( 'NONE', 'WORKASPACE' ) );
#768 = AXIS2_PLACEMENT_3D ( 'NONE', #2555, #4325, #1543 ) ;
#769 = COLOUR_RGB ( '',0.9686274509803921573, 0.8784313725490195957, 0.5999999999999999778 ) ;
#770 = AXIS2_PLACEMENT_3D ( 'NONE', #3116, #3050, #4417 ) ;
#771 = ORIENTED_EDGE ( 'NONE', *, *, #1898, .T. ) ;
#772 = DIRECTION ( 'NONE',  ( -0.000000000000000000, -1.000000000000000000, -0.000000000000000000 ) ) ;
#773 =( NAMED_UNIT ( * ) PLANE_ANGLE_UNIT ( ) SI_UNIT ( $, .RADIAN. ) );
#774 = CARTESIAN_POINT ( 'NONE',  ( -0.7949999999999999289, 0.1600000000000000033, 0.000000000000000000 ) ) ;
#775 = CARTESIAN_POINT ( 'NONE',  ( 0.5639594718795152284, -0.2106658261716747027, 0.3889594718795153505 ) ) ;
#776 = CARTESIAN_POINT ( 'NONE',  ( 0.5154979824291564539, -0.2300000000000000100, -0.3879462107649005453 ) ) ;
#777 = DIRECTION ( 'NONE',  ( 1.000000000000000000, 0.000000000000000000, 0.000000000000000000 ) ) ;
#778 = FILL_AREA_STYLE ('',( #2195 ) ) ;
#779 = UNCERTAINTY_MEASURE_WITH_UNIT (LENGTH_MEASURE( 1.000000000000000082E-05 ), #1002, 'distance_accuracy_value', 'NONE');
#780 = CARTESIAN_POINT ( 'NONE',  ( -0.8000000000000000444, -0.01000000000000000021, 0.4000000000000000222 ) ) ;
#781 = VECTOR ( 'NONE', #2575, 1000.000000000000000 ) ;
#782 = VERTEX_POINT ( 'NONE', #946 ) ;
#783 =( NAMED_UNIT ( * ) SI_UNIT ( $, .STERADIAN. ) SOLID_ANGLE_UNIT ( ) );
#784 = ORIENTED_EDGE ( 'NONE', *, *, #696, .F. ) ;
#785 = DIRECTION ( 'NONE',  ( 0.000000000000000000, -0.000000000000000000, -1.000000000000000000 ) ) ;
#786 = ORIENTED_EDGE ( 'NONE', *, *, #3738, .F. ) ;
#787 = SURFACE_STYLE_USAGE ( .BOTH. , #3870 ) ;
#788 = EDGE_CURVE ( 'NONE', #1459, #2095, #2299, .T. ) ;
#789 = CARTESIAN_POINT ( 'NONE',  ( -0.7500000000000000000, 0.1700000000000000122, -0.1948717526990507709 ) ) ;
#790 = EDGE_CURVE ( 'NONE', #443, #1072, #3001, .T. ) ;
#791 = SURFACE_STYLE_USAGE ( .BOTH. , #2809 ) ;
#792 = FILL_AREA_STYLE ('',( #2188 ) ) ;
#793 = CIRCLE ( 'NONE', #4304, 0.1499999999999999944 ) ;
#794 = CARTESIAN_POINT ( 'NONE',  ( 0.8000000000000000444, -0.01000000000000000021, 0.1499999999999999944 ) ) ;
#795 =( LENGTH_UNIT ( ) NAMED_UNIT ( * ) SI_UNIT ( .MILLI., .METRE. ) );
#796 =( LENGTH_UNIT ( ) NAMED_UNIT ( * ) SI_UNIT ( .MILLI., .METRE. ) );
#797 = STYLED_ITEM ( 'NONE', ( #3242 ), #2992 ) ;
#798 = DIRECTION ( 'NONE',  ( -0.000000000000000000, 1.000000000000000000, -0.000000000000000000 ) ) ;
#799 = CARTESIAN_POINT ( 'NONE',  ( -0.5154979824291564539, -0.2300000000000000100, -0.3879462107649005453 ) ) ;
#800 = MECHANICAL_DESIGN_GEOMETRIC_PRESENTATION_REPRESENTATION (  '', ( #2633 ), #3803 ) ;
#801 = SURFACE_SIDE_STYLE ('',( #1841 ) ) ;
#802 = DIRECTION ( 'NONE',  ( -1.355252715606880789E-16, 0.000000000000000000, -1.000000000000000000 ) ) ;
#803 = PRESENTATION_LAYER_ASSIGNMENT (  '', '', ( #1550 ) ) ;
#804 = ORIENTED_EDGE ( 'NONE', *, *, #3329, .T. ) ;
#805 = PRESENTATION_STYLE_ASSIGNMENT (( #1106 ) ) ;
#806 = EDGE_LOOP ( 'NONE', ( #2117, #1136, #680, #1325 ) ) ;
#807 = COLOUR_RGB ( '',0.9686274509803921573, 0.8784313725490195957, 0.5999999999999999778 ) ;
#808 =( NAMED_UNIT ( * ) SI_UNIT ( $, .STERADIAN. ) SOLID_ANGLE_UNIT ( ) );
#809 = DIRECTION ( 'NONE',  ( -0.000000000000000000, -1.000000000000000000, -0.000000000000000000 ) ) ;
#810 = UNCERTAINTY_MEASURE_WITH_UNIT (LENGTH_MEASURE( 1.000000000000000082E-05 ), #1769, 'distance_accuracy_value', 'NONE');
#811 = CARTESIAN_POINT ( 'NONE',  ( 0.7500000000000000000, -0.01000000000000000021, -0.4000000000000000222 ) ) ;
#812 = ADVANCED_FACE ( 'NONE', ( #929 ), #1628, .F. ) ;
#813 = ORIENTED_EDGE ( 'NONE', *, *, #2779, .F. ) ;
#814 = CARTESIAN_POINT ( 'NONE',  ( -0.5435855037604984119, -0.2300000000000002875, -0.3879462107649006009 ) ) ;
#815 = ORIENTED_EDGE ( 'NONE', *, *, #1412, .T. ) ;
#816 = CARTESIAN_POINT ( 'NONE',  ( 0.3500000000000000333, 0.1600000000000000033, 0.3499999999999999778 ) ) ;
#817 = EDGE_CURVE ( 'NONE', #3514, #4003, #3022, .T. ) ;
#818 = SURFACE_STYLE_USAGE ( .BOTH. , #3218 ) ;
#819 = SURFACE_STYLE_USAGE ( .BOTH. , #1906 ) ;
#820 = SURFACE_STYLE_FILL_AREA ( #1118 ) ;
#821 = LINE ( 'NONE', #1186, #329 ) ;
#822 =( NAMED_UNIT ( * ) PLANE_ANGLE_UNIT ( ) SI_UNIT ( $, .RADIAN. ) );
#823 = DIRECTION ( 'NONE',  ( 1.000000000000000000, 0.000000000000000000, -1.355252715606880789E-16 ) ) ;
#824 = ORIENTED_EDGE ( 'NONE', *, *, #66, .F. ) ;
#825 = AXIS2_PLACEMENT_3D ( 'NONE', #1469, #4342, #1112 ) ;
#826 = UNCERTAINTY_MEASURE_WITH_UNIT (LENGTH_MEASURE( 1.000000000000000082E-05 ), #3366, 'distance_accuracy_value', 'NONE');
#827 =( NAMED_UNIT ( * ) PLANE_ANGLE_UNIT ( ) SI_UNIT ( $, .RADIAN. ) );
#828 = ORIENTED_EDGE ( 'NONE', *, *, #2046, .F. ) ;
#829 = STYLED_ITEM ( 'NONE', ( #515 ), #2137 ) ;
#830 = UNCERTAINTY_MEASURE_WITH_UNIT (LENGTH_MEASURE( 1.000000000000000082E-05 ), #3571, 'distance_accuracy_value', 'NONE');
#831 = STYLED_ITEM ( 'NONE', ( #1958 ), #3510 ) ;
#832 = UNCERTAINTY_MEASURE_WITH_UNIT (LENGTH_MEASURE( 1.000000000000000082E-05 ), #1654, 'distance_accuracy_value', 'NONE');
#833 = CARTESIAN_POINT ( 'NONE',  ( -0.6800000000000000488, 0.000000000000000000, 0.4000000000000000222 ) ) ;
#834 = AXIS2_PLACEMENT_3D ( 'NONE', #3175, #2473, #3085 ) ;
#835 = STYLED_ITEM ( 'NONE', ( #3426 ), #1942 ) ;
#836 = COLOUR_RGB ( '',0.9686274509803921573, 0.8784313725490195957, 0.5999999999999999778 ) ;
#837 = PRESENTATION_LAYER_ASSIGNMENT (  '', '', ( #1792 ) ) ;
#838 = EDGE_LOOP ( 'NONE', ( #2179, #3365, #2248, #3436, #1183, #3909 ) ) ;
#839 = PRESENTATION_LAYER_ASSIGNMENT (  '', '', ( #2250 ) ) ;
#840 = CARTESIAN_POINT ( 'NONE',  ( 0.000000000000000000, 0.1700000000000000122, 0.3499999999999999778 ) ) ;
#841 = PRESENTATION_STYLE_ASSIGNMENT (( #2887 ) ) ;
#842 = COLOUR_RGB ( '',1.000000000000000000, 1.000000000000000000, 1.000000000000000000 ) ;
#843 = ORIENTED_EDGE ( 'NONE', *, *, #4407, .F. ) ;
#844 = EDGE_CURVE ( 'NONE', #4106, #1597, #1605, .T. ) ;
#845 = COLOUR_RGB ( '',1.000000000000000000, 1.000000000000000000, 1.000000000000000000 ) ;
#846 = FILL_AREA_STYLE ('',( #127 ) ) ;
#847 = ADVANCED_FACE ( 'NONE', ( #3048 ), #2652, .T. ) ;
#848 = DIRECTION ( 'NONE',  ( 0.000000000000000000, 0.000000000000000000, -1.000000000000000000 ) ) ;
#849 = DIRECTION ( 'NONE',  ( -0.000000000000000000, 1.000000000000000000, -0.000000000000000000 ) ) ;
#850 =( NAMED_UNIT ( * ) PLANE_ANGLE_UNIT ( ) SI_UNIT ( $, .RADIAN. ) );
#851 = CARTESIAN_POINT ( 'NONE',  ( 0.6999999999999999556, 0.000000000000000000, 0.2291287847477919415 ) ) ;
#852 = DIRECTION ( 'NONE',  ( 0.000000000000000000, 0.000000000000000000, 1.000000000000000000 ) ) ;
#853 = ORIENTED_EDGE ( 'NONE', *, *, #3945, .F. ) ;
#854 = DIRECTION ( 'NONE',  ( 0.000000000000000000, 0.000000000000000000, 1.000000000000000000 ) ) ;
#855 = ORIENTED_EDGE ( 'NONE', *, *, #1257, .F. ) ;
#856 = PRESENTATION_LAYER_ASSIGNMENT (  '', '', ( #2833 ) ) ;
#857 = PLANE ( 'NONE',  #1944 ) ;
#858 = CARTESIAN_POINT ( 'NONE',  ( 0.7949999999999999289, 0.1700000000000000122, 0.000000000000000000 ) ) ;
#859 = DIRECTION ( 'NONE',  ( -1.000000000000000000, -0.000000000000000000, 4.713922489067411333E-17 ) ) ;
#860 = PRESENTATION_LAYER_ASSIGNMENT (  '', '', ( #1828 ) ) ;
#861 = COLOUR_RGB ( '',0.9686274509803921573, 0.8784313725490195957, 0.5999999999999999778 ) ;
#862 = CARTESIAN_POINT ( 'NONE',  ( -0.2299999999999998435, 0.1600000000000000033, 0.4000000000000000222 ) ) ;
#863 = CLOSED_SHELL ( 'NONE', ( #3207, #2079, #1154, #1852, #2517, #3948 ) ) ;
#864 = VERTEX_POINT ( 'NONE', #3419 ) ;
#865 =( NAMED_UNIT ( * ) PLANE_ANGLE_UNIT ( ) SI_UNIT ( $, .RADIAN. ) );
#866 =( NAMED_UNIT ( * ) SI_UNIT ( $, .STERADIAN. ) SOLID_ANGLE_UNIT ( ) );
#867 = STYLED_ITEM ( 'NONE', ( #3167 ), #110 ) ;
#868 = CARTESIAN_POINT ( 'NONE',  ( 0.6999999999999999556, 0.000000000000000000, 0.4000000000000000222 ) ) ;
#869 = COLOUR_RGB ( '',0.9686274509803921573, 0.8784313725490195957, 0.5999999999999999778 ) ;
#870 = ADVANCED_FACE ( 'NONE', ( #3734 ), #2737, .T. ) ;
#871 = CARTESIAN_POINT ( 'NONE',  ( -0.8000000000000000444, -0.01000000000000000021, 0.000000000000000000 ) ) ;
#872 = AXIS2_PLACEMENT_3D ( 'NONE', #3016, #2009, #2277 ) ;
#873 = DIRECTION ( 'NONE',  ( -1.548860246407863829E-16, 0.000000000000000000, 1.000000000000000000 ) ) ;
#874 = DIRECTION ( 'NONE',  ( -0.000000000000000000, 1.000000000000000000, -0.000000000000000000 ) ) ;
#875 = CARTESIAN_POINT ( 'NONE',  ( 0.8000000000000000444, -0.01000000000000000021, 0.000000000000000000 ) ) ;
#876 = EDGE_LOOP ( 'NONE', ( #287, #3154, #3492, #1843 ) ) ;
#877 = VERTEX_POINT ( 'NONE', #4437 ) ;
#878 =( GEOMETRIC_REPRESENTATION_CONTEXT ( 3 ) GLOBAL_UNCERTAINTY_ASSIGNED_CONTEXT ( ( #452 ) ) GLOBAL_UNIT_ASSIGNED_CONTEXT ( ( #2422, #321, #4479 ) ) REPRESENTATION_CONTEXT ( 'NONE', 'WORKASPACE' ) );
#879 =( LENGTH_UNIT ( ) NAMED_UNIT ( * ) SI_UNIT ( .MILLI., .METRE. ) );
#880 = VECTOR ( 'NONE', #4442, 1000.000000000000000 ) ;
#881 = FILL_AREA_STYLE_COLOUR ( '', #2673 ) ;
#882 = ADVANCED_FACE ( 'NONE', ( #632 ), #1312, .F. ) ;
#883 = CARTESIAN_POINT ( 'NONE',  ( 0.6999999999999999556, -0.01000000000000000021, 0.4000000000000000222 ) ) ;
#884 =( GEOMETRIC_REPRESENTATION_CONTEXT ( 3 ) GLOBAL_UNCERTAINTY_ASSIGNED_CONTEXT ( ( #4066 ) ) GLOBAL_UNIT_ASSIGNED_CONTEXT ( ( #3403, #4378, #3657 ) ) REPRESENTATION_CONTEXT ( 'NONE', 'WORKASPACE' ) );
#885 = LINE ( 'NONE', #1900, #199 ) ;
#886 = VERTEX_POINT ( 'NONE', #2695 ) ;
#887 = FACE_OUTER_BOUND ( 'NONE', #3849, .T. ) ;
#888 =( NAMED_UNIT ( * ) PLANE_ANGLE_UNIT ( ) SI_UNIT ( $, .RADIAN. ) );
#889 = EDGE_CURVE ( 'NONE', #2131, #1553, #1909, .T. ) ;
#890 = STYLED_ITEM ( 'NONE', ( #2153 ), #361 ) ;
#891 = EDGE_LOOP ( 'NONE', ( #1172, #3171, #263, #2428 ) ) ;
#892 = DIRECTION ( 'NONE',  ( 0.05233595624294388321, 0.9986295347545739443, 0.000000000000000000 ) ) ;
#893 = FILL_AREA_STYLE ('',( #1975 ) ) ;
#894 = SURFACE_STYLE_FILL_AREA ( #3636 ) ;
#895 =( LENGTH_UNIT ( ) NAMED_UNIT ( * ) SI_UNIT ( .MILLI., .METRE. ) );
#896 = ORIENTED_EDGE ( 'NONE', *, *, #3622, .T. ) ;
#897 = CARTESIAN_POINT ( 'NONE',  ( -0.8000000000000000444, -0.01000000000000000021, 0.000000000000000000 ) ) ;
#898 = ORIENTED_EDGE ( 'NONE', *, *, #2208, .F. ) ;
#899 = EDGE_CURVE ( 'NONE', #543, #144, #4176, .T. ) ;
#900 = CARTESIAN_POINT ( 'NONE',  ( -0.8000000000000000444, 0.1600000000000000033, 1.959434878635765230E-16 ) ) ;
#901 = LINE ( 'NONE', #1578, #2629 ) ;
#902 = DIRECTION ( 'NONE',  ( -0.000000000000000000, -0.000000000000000000, -1.000000000000000000 ) ) ;
#903 = MECHANICAL_DESIGN_GEOMETRIC_PRESENTATION_REPRESENTATION (  '', ( #2888 ), #94 ) ;
#904 = UNCERTAINTY_MEASURE_WITH_UNIT (LENGTH_MEASURE( 1.000000000000000082E-05 ), #475, 'distance_accuracy_value', 'NONE');
#905 = AXIS2_PLACEMENT_3D ( 'NONE', #2045, #3150, #1685 ) ;
#906 = VERTEX_POINT ( 'NONE', #3437 ) ;
#907 = DIRECTION ( 'NONE',  ( 1.000000000000000000, -0.000000000000000000, -0.000000000000000000 ) ) ;
#908 = CARTESIAN_POINT ( 'NONE',  ( 0.000000000000000000, 0.1700000000000000122, 0.000000000000000000 ) ) ;
#909 = DIRECTION ( 'NONE',  ( -2.710505431213761085E-16, 0.000000000000000000, 1.000000000000000000 ) ) ;
#910 =( GEOMETRIC_REPRESENTATION_CONTEXT ( 3 ) GLOBAL_UNCERTAINTY_ASSIGNED_CONTEXT ( ( #2227 ) ) GLOBAL_UNIT_ASSIGNED_CONTEXT ( ( #1724, #1321, #1368 ) ) REPRESENTATION_CONTEXT ( 'NONE', 'WORKASPACE' ) );
#911 = UNCERTAINTY_MEASURE_WITH_UNIT (LENGTH_MEASURE( 1.000000000000000082E-05 ), #3726, 'distance_accuracy_value', 'NONE');
#912 = VERTEX_POINT ( 'NONE', #274 ) ;
#913 = FILL_AREA_STYLE_COLOUR ( '', #1829 ) ;
#914 = CARTESIAN_POINT ( 'NONE',  ( -0.8000000000000000444, 0.000000000000000000, -0.000000000000000000 ) ) ;
#915 = SURFACE_STYLE_FILL_AREA ( #4012 ) ;
#916 = DIRECTION ( 'NONE',  ( 0.000000000000000000, 0.000000000000000000, 1.000000000000000000 ) ) ;
#917 = SURFACE_STYLE_USAGE ( .BOTH. , #2305 ) ;
#918 = FILL_AREA_STYLE ('',( #4118 ) ) ;
#919 = ORIENTED_EDGE ( 'NONE', *, *, #2779, .T. ) ;
#920 = CARTESIAN_POINT ( 'NONE',  ( 0.7500000000000000000, 0.1700000000000000122, 0.000000000000000000 ) ) ;
#921 = CARTESIAN_POINT ( 'NONE',  ( 0.000000000000000000, 0.1700000000000000122, 0.000000000000000000 ) ) ;
#922 = CARTESIAN_POINT ( 'NONE',  ( -0.3499999999999999778, 0.1600000000000000033, -5.421010862427523403E-17 ) ) ;
#923 = VECTOR ( 'NONE', #932, 1000.000000000000000 ) ;
#924 = CARTESIAN_POINT ( 'NONE',  ( 0.8000000000000000444, 0.000000000000000000, -0.1499999999999999944 ) ) ;
#925 = MECHANICAL_DESIGN_GEOMETRIC_PRESENTATION_REPRESENTATION (  '', ( #3287 ), #2634 ) ;
#926 = ADVANCED_FACE ( 'NONE', ( #3750 ), #1009, .F. ) ;
#927 = DIRECTION ( 'NONE',  ( -0.000000000000000000, -0.000000000000000000, -1.000000000000000000 ) ) ;
#928 = VECTOR ( 'NONE', #772, 1000.000000000000000 ) ;
#929 = FACE_OUTER_BOUND ( 'NONE', #2544, .T. ) ;
#930 = CARTESIAN_POINT ( 'NONE',  ( -0.8000000000000000444, 0.000000000000000000, 0.000000000000000000 ) ) ;
#931 = ORIENTED_EDGE ( 'NONE', *, *, #404, .F. ) ;
#932 = DIRECTION ( 'NONE',  ( -0.000000000000000000, -1.000000000000000000, -0.000000000000000000 ) ) ;
#933 = DIRECTION ( 'NONE',  ( 0.000000000000000000, 0.000000000000000000, 1.000000000000000000 ) ) ;
#934 = SURFACE_STYLE_FILL_AREA ( #4076 ) ;
#935 = CARTESIAN_POINT ( 'NONE',  ( -0.8000000000000000444, 0.1700000000000000122, -0.1499999999999998002 ) ) ;
#936 = ORIENTED_EDGE ( 'NONE', *, *, #1610, .F. ) ;
#937 = DIRECTION ( 'NONE',  ( -0.000000000000000000, 1.000000000000000000, -0.000000000000000000 ) ) ;
#938 = ORIENTED_EDGE ( 'NONE', *, *, #4122, .T. ) ;
#939 = COLOUR_RGB ( '',0.9686274509803921573, 0.8784313725490195957, 0.5999999999999999778 ) ;
#940 = FILL_AREA_STYLE_COLOUR ( '', #2722 ) ;
#941 = CYLINDRICAL_SURFACE ( 'NONE', #1948, 0.1999999999999999833 ) ;
#942 = VECTOR ( 'NONE', #676, 1000.000000000000000 ) ;
#943 =( NAMED_UNIT ( * ) SI_UNIT ( $, .STERADIAN. ) SOLID_ANGLE_UNIT ( ) );
#944 = DIRECTION ( 'NONE',  ( 0.000000000000000000, 0.000000000000000000, 1.000000000000000000 ) ) ;
#945 = SURFACE_SIDE_STYLE ('',( #4390 ) ) ;
#946 = CARTESIAN_POINT ( 'NONE',  ( 0.5654294591668851400, -0.1826167978121472357, -0.3904294591668852621 ) ) ;
#947 = STYLED_ITEM ( 'NONE', ( #3381 ), #2000 ) ;
#948 = FACE_OUTER_BOUND ( 'NONE', #1692, .T. ) ;
#949 = ORIENTED_EDGE ( 'NONE', *, *, #3036, .F. ) ;
#950 = SURFACE_STYLE_USAGE ( .BOTH. , #2410 ) ;
#951 = UNCERTAINTY_MEASURE_WITH_UNIT (LENGTH_MEASURE( 1.000000000000000082E-05 ), #4204, 'distance_accuracy_value', 'NONE');
#952 =( GEOMETRIC_REPRESENTATION_CONTEXT ( 3 ) GLOBAL_UNCERTAINTY_ASSIGNED_CONTEXT ( ( #3718 ) ) GLOBAL_UNIT_ASSIGNED_CONTEXT ( ( #1435, #4035, #2267 ) ) REPRESENTATION_CONTEXT ( 'NONE', 'WORKASPACE' ) );
#953 = CARTESIAN_POINT ( 'NONE',  ( -0.8000000000000000444, 0.5054101966249683331, 0.1499999999999999944 ) ) ;
#954 = FACE_OUTER_BOUND ( 'NONE', #1024, .T. ) ;
#955 = CARTESIAN_POINT ( 'NONE',  ( 0.7949999999999999289, 0.1700000000000000122, -0.1999999999999999833 ) ) ;
#956 = VERTEX_POINT ( 'NONE', #2832 ) ;
#957 = SURFACE_STYLE_USAGE ( .BOTH. , #1985 ) ;
#958 = SURFACE_SIDE_STYLE ('',( #255 ) ) ;
#959 = PLANE ( 'NONE',  #4058 ) ;
#960 = FILL_AREA_STYLE ('',( #589 ) ) ;
#961 = FILL_AREA_STYLE ('',( #4481 ) ) ;
#962 = SURFACE_STYLE_USAGE ( .BOTH. , #570 ) ;
#963 = PRESENTATION_LAYER_ASSIGNMENT (  '', '', ( #2957 ) ) ;
#964 = VECTOR ( 'NONE', #1779, 1000.000000000000000 ) ;
#965 = COLOUR_RGB ( '',0.9686274509803921573, 0.8784313725490195957, 0.5999999999999999778 ) ;
#966 = ORIENTED_EDGE ( 'NONE', *, *, #2996, .T. ) ;
#967 = SURFACE_STYLE_USAGE ( .BOTH. , #4031 ) ;
#968 = VECTOR ( 'NONE', #479, 1000.000000000000000 ) ;
#969 =( GEOMETRIC_REPRESENTATION_CONTEXT ( 3 ) GLOBAL_UNCERTAINTY_ASSIGNED_CONTEXT ( ( #3320 ) ) GLOBAL_UNIT_ASSIGNED_CONTEXT ( ( #4302, #2536, #728 ) ) REPRESENTATION_CONTEXT ( 'NONE', 'WORKASPACE' ) );
#970 = PRESENTATION_LAYER_ASSIGNMENT (  '', '', ( #2738 ) ) ;
#971 =( GEOMETRIC_REPRESENTATION_CONTEXT ( 3 ) GLOBAL_UNCERTAINTY_ASSIGNED_CONTEXT ( ( #3026 ) ) GLOBAL_UNIT_ASSIGNED_CONTEXT ( ( #1988, #4043, #547 ) ) REPRESENTATION_CONTEXT ( 'NONE', 'WORKASPACE' ) );
#972 = ADVANCED_FACE ( 'NONE', ( #3912 ), #3575, .F. ) ;
#973 = PRESENTATION_LAYER_ASSIGNMENT (  '', '', ( #2602 ) ) ;
#974 = DIRECTION ( 'NONE',  ( 0.000000000000000000, 0.000000000000000000, -1.000000000000000000 ) ) ;
#975 = LINE ( 'NONE', #3512, #3049 ) ;
#976 = ORIENTED_EDGE ( 'NONE', *, *, #3146, .T. ) ;
#977 = STYLED_ITEM ( 'NONE', ( #1729 ), #2949 ) ;
#978 = MECHANICAL_DESIGN_GEOMETRIC_PRESENTATION_REPRESENTATION (  '', ( #4282 ), #604 ) ;
#979 = VECTOR ( 'NONE', #125, 1000.000000000000000 ) ;
#980 = SURFACE_STYLE_FILL_AREA ( #13 ) ;
#981 = SURFACE_SIDE_STYLE ('',( #1638 ) ) ;
#982 = FILL_AREA_STYLE_COLOUR ( '', #264 ) ;
#983 = SURFACE_STYLE_USAGE ( .BOTH. , #315 ) ;
#984 = DIRECTION ( 'NONE',  ( 1.000000000000000000, -0.000000000000000000, 0.000000000000000000 ) ) ;
#985 = ORIENTED_EDGE ( 'NONE', *, *, #4516, .F. ) ;
#986 = SURFACE_STYLE_USAGE ( .BOTH. , #611 ) ;
#987 = CARTESIAN_POINT ( 'NONE',  ( 0.5999999999999999778, 0.000000000000000000, 0.4000000000000000222 ) ) ;
#988 = DIRECTION ( 'NONE',  ( -0.000000000000000000, -1.000000000000000000, 0.000000000000000000 ) ) ;
#989 = UNCERTAINTY_MEASURE_WITH_UNIT (LENGTH_MEASURE( 1.000000000000000082E-05 ), #6, 'distance_accuracy_value', 'NONE');
#990 = VECTOR ( 'NONE', #2901, 1000.000000000000000 ) ;
#991 = ORIENTED_EDGE ( 'NONE', *, *, #1180, .T. ) ;
#992 = DIRECTION ( 'NONE',  ( -1.000000000000000000, 0.000000000000000000, 1.581128168208027464E-16 ) ) ;
#993 = SURFACE_SIDE_STYLE ('',( #4510 ) ) ;
#994 = DIRECTION ( 'NONE',  ( -0.000000000000000000, 1.000000000000000000, -0.000000000000000000 ) ) ;
#995 = AXIS2_PLACEMENT_3D ( 'NONE', #138, #3322, #2622 ) ;
#996 = DIRECTION ( 'NONE',  ( 0.000000000000000000, -1.000000000000000000, 0.000000000000000000 ) ) ;
#997 = CYLINDRICAL_SURFACE ( 'NONE', #3009, 0.05000000000000002359 ) ;
#998 = CARTESIAN_POINT ( 'NONE',  ( 0.7500000000000000000, 0.1700000000000000122, -0.3499999999999999778 ) ) ;
#999 = VERTEX_POINT ( 'NONE', #3550 ) ;
#1000 = CARTESIAN_POINT ( 'NONE',  ( -0.5718586940381270578, -0.05993968843647676237, -0.3968586940381270134 ) ) ;
#1001 = EDGE_CURVE ( 'NONE', #1239, #1699, #3289, .T. ) ;
#1002 =( LENGTH_UNIT ( ) NAMED_UNIT ( * ) SI_UNIT ( .MILLI., .METRE. ) );
#1003 = SURFACE_STYLE_USAGE ( .BOTH. , #4473 ) ;
#1004 = CARTESIAN_POINT ( 'NONE',  ( -0.6800000000000000488, -0.01000000000000000021, -0.4000000000000000222 ) ) ;
#1005 = FILL_AREA_STYLE ('',( #4152 ) ) ;
#1006 = EDGE_CURVE ( 'NONE', #2559, #3859, #2548, .T. ) ;
#1007 =( LENGTH_UNIT ( ) NAMED_UNIT ( * ) SI_UNIT ( .MILLI., .METRE. ) );
#1008 = ORIENTED_EDGE ( 'NONE', *, *, #3173, .T. ) ;
#1009 = PLANE ( 'NONE',  #636 ) ;
#1010 = ADVANCED_FACE ( 'NONE', ( #419 ), #49, .F. ) ;
#1011 = CARTESIAN_POINT ( 'NONE',  ( -0.7949999999999999289, 0.1600000000000000033, -0.1999999999999999833 ) ) ;
#1012 = COLOUR_RGB ( '',0.7921568627450980005, 0.8196078431372548767, 0.9333333333333333481 ) ;
#1013 = FILL_AREA_STYLE_COLOUR ( '', #4504 ) ;
#1014 = MECHANICAL_DESIGN_GEOMETRIC_PRESENTATION_REPRESENTATION (  '', ( #64 ), #2861 ) ;
#1015 = FILL_AREA_STYLE_COLOUR ( '', #411 ) ;
#1016 = VERTEX_POINT ( 'NONE', #391 ) ;
#1017 = EDGE_CURVE ( 'NONE', #1072, #4389, #2613, .T. ) ;
#1018 = LINE ( 'NONE', #668, #3045 ) ;
#1019 = SURFACE_SIDE_STYLE ('',( #2750 ) ) ;
#1020 = LINE ( 'NONE', #2432, #3874 ) ;
#1021 = FILL_AREA_STYLE ('',( #4187 ) ) ;
#1022 = DIRECTION ( 'NONE',  ( 0.000000000000000000, 0.000000000000000000, 1.000000000000000000 ) ) ;
#1023 = FILL_AREA_STYLE_COLOUR ( '', #842 ) ;
#1024 = EDGE_LOOP ( 'NONE', ( #2067, #1617, #2105, #135, #3935, #1631, #4171, #1097 ) ) ;
#1025 = LINE ( 'NONE', #3519, #99 ) ;
#1026 = VECTOR ( 'NONE', #126, 1000.000000000000000 ) ;
#1027 =( LENGTH_UNIT ( ) NAMED_UNIT ( * ) SI_UNIT ( .MILLI., .METRE. ) );
#1028 = ORIENTED_EDGE ( 'NONE', *, *, #3241, .T. ) ;
#1029 = ORIENTED_EDGE ( 'NONE', *, *, #4430, .F. ) ;
#1030 = ADVANCED_FACE ( 'NONE', ( #1555 ), #1620, .F. ) ;
#1031 = SURFACE_STYLE_USAGE ( .BOTH. , #1992 ) ;
#1032 = SURFACE_SIDE_STYLE ('',( #2782 ) ) ;
#1033 = DIRECTION ( 'NONE',  ( 0.000000000000000000, 0.000000000000000000, -1.000000000000000000 ) ) ;
#1034 = CARTESIAN_POINT ( 'NONE',  ( -0.02999999999999989134, 0.1700000000000000122, -0.1000000000000000056 ) ) ;
#1035 = VERTEX_POINT ( 'NONE', #522 ) ;
#1036 = FILL_AREA_STYLE ('',( #3778 ) ) ;
#1037 = DIRECTION ( 'NONE',  ( 0.000000000000000000, 0.000000000000000000, -1.000000000000000000 ) ) ;
#1038 = STYLED_ITEM ( 'NONE', ( #187 ), #812 ) ;
#1039 = COLOUR_RGB ( '',0.000000000000000000, 0.5019607843137254832, 0.000000000000000000 ) ;
#1040 = LINE ( 'NONE', #447, #3417 ) ;
#1041 = CARTESIAN_POINT ( 'NONE',  ( -0.8000000000000000444, 0.1600000000000000033, 1.959434878635765230E-16 ) ) ;
#1042 = CIRCLE ( 'NONE', #3766, 0.1499999999999999944 ) ;
#1043 = SURFACE_STYLE_FILL_AREA ( #3508 ) ;
#1044 = FILL_AREA_STYLE_COLOUR ( '', #2624 ) ;
#1045 = DIRECTION ( 'NONE',  ( 0.000000000000000000, 0.000000000000000000, 1.000000000000000000 ) ) ;
#1046 = VERTEX_POINT ( 'NONE', #1935 ) ;
#1047 = FILL_AREA_STYLE_COLOUR ( '', #2385 ) ;
#1048 = CARTESIAN_POINT ( 'NONE',  ( 0.8000000000000000444, 0.000000000000000000, 0.4000000000000000222 ) ) ;
#1049 = STYLED_ITEM ( 'NONE', ( #20 ), #3331 ) ;
#1050 = STYLED_ITEM ( 'NONE', ( #585 ), #1119 ) ;
#1051 = DIRECTION ( 'NONE',  ( -0.000000000000000000, -1.000000000000000000, -0.000000000000000000 ) ) ;
#1052 =( GEOMETRIC_REPRESENTATION_CONTEXT ( 3 ) GLOBAL_UNCERTAINTY_ASSIGNED_CONTEXT ( ( #2603 ) ) GLOBAL_UNIT_ASSIGNED_CONTEXT ( ( #4143, #2681, #2334 ) ) REPRESENTATION_CONTEXT ( 'NONE', 'WORKASPACE' ) );
#1053 = VECTOR ( 'NONE', #3105, 1000.000000000000000 ) ;
#1054 = SURFACE_STYLE_FILL_AREA ( #4170 ) ;
#1055 = ORIENTED_EDGE ( 'NONE', *, *, #3456, .T. ) ;
#1056 = FILL_AREA_STYLE_COLOUR ( '', #4202 ) ;
#1057 = ORIENTED_EDGE ( 'NONE', *, *, #1, .T. ) ;
#1058 = MECHANICAL_DESIGN_GEOMETRIC_PRESENTATION_REPRESENTATION (  '', ( #1731 ), #2677 ) ;
#1059 = DIRECTION ( 'NONE',  ( -1.000000000000000000, 0.000000000000000000, -0.000000000000000000 ) ) ;
#1060 = FILL_AREA_STYLE_COLOUR ( '', #1566 ) ;
#1061 = EDGE_CURVE ( 'NONE', #2583, #4106, #2252, .T. ) ;
#1062 = ORIENTED_EDGE ( 'NONE', *, *, #1894, .F. ) ;
#1063 =( NAMED_UNIT ( * ) PLANE_ANGLE_UNIT ( ) SI_UNIT ( $, .RADIAN. ) );
#1064 = ADVANCED_FACE ( 'NONE', ( #2948 ), #1532, .F. ) ;
#1065 = CARTESIAN_POINT ( 'NONE',  ( -0.8000000000000000444, -0.01000000000000000021, 0.4000000000000000222 ) ) ;
#1066 = AXIS2_PLACEMENT_3D ( 'NONE', #1700, #992, #2392 ) ;
#1067 = PRESENTATION_LAYER_ASSIGNMENT (  '', '', ( #3287 ) ) ;
#1068 = PLANE ( 'NONE',  #4250 ) ;
#1069 = FILL_AREA_STYLE_COLOUR ( '', #1577 ) ;
#1070 = EDGE_CURVE ( 'NONE', #3231, #4396, #3064, .T. ) ;
#1071 = DIRECTION ( 'NONE',  ( -0.000000000000000000, -1.000000000000000000, -0.000000000000000000 ) ) ;
#1072 = VERTEX_POINT ( 'NONE', #2976 ) ;
#1073 = PRESENTATION_LAYER_ASSIGNMENT (  '', '', ( #1455 ) ) ;
#1074 = VECTOR ( 'NONE', #1666, 1000.000000000000000 ) ;
#1075 = FILL_AREA_STYLE_COLOUR ( '', #836 ) ;
#1076 = CARTESIAN_POINT ( 'NONE',  ( 0.8000000000000000444, 0.000000000000000000, 0.000000000000000000 ) ) ;
#1077 = ORIENTED_EDGE ( 'NONE', *, *, #1832, .T. ) ;
#1078 = DIRECTION ( 'NONE',  ( -1.000000000000000000, 0.000000000000000000, 0.000000000000000000 ) ) ;
#1079 = LINE ( 'NONE', #4476, #4206 ) ;
#1080 = VERTEX_POINT ( 'NONE', #4000 ) ;
#1081 = SURFACE_STYLE_FILL_AREA ( #1505 ) ;
#1082 = ORIENTED_EDGE ( 'NONE', *, *, #696, .T. ) ;
#1083 = AXIS2_PLACEMENT_3D ( 'NONE', #1853, #2870, #2553 ) ;
#1084 = DIRECTION ( 'NONE',  ( -0.000000000000000000, -1.000000000000000000, 0.000000000000000000 ) ) ;
#1085 = PRESENTATION_STYLE_ASSIGNMENT (( #369 ) ) ;
#1086 = AXIS2_PLACEMENT_3D ( 'NONE', #692, #2207, #3182 ) ;
#1087 = ADVANCED_FACE ( 'NONE', ( #1961 ), #857, .F. ) ;
#1088 = VERTEX_POINT ( 'NONE', #2069 ) ;
#1089 =( LENGTH_UNIT ( ) NAMED_UNIT ( * ) SI_UNIT ( .MILLI., .METRE. ) );
#1090 = VECTOR ( 'NONE', #1243, 1000.000000000000000 ) ;
#1091 = MECHANICAL_DESIGN_GEOMETRIC_PRESENTATION_REPRESENTATION (  '', ( #1240 ), #878 ) ;
#1092 = EDGE_CURVE ( 'NONE', #3957, #3149, #2361, .T. ) ;
#1093 = DIRECTION ( 'NONE',  ( 0.000000000000000000, 0.000000000000000000, 1.000000000000000000 ) ) ;
#1094 = DIRECTION ( 'NONE',  ( 0.000000000000000000, 0.000000000000000000, -1.000000000000000000 ) ) ;
#1095 = SURFACE_STYLE_FILL_AREA ( #1813 ) ;
#1096 = CARTESIAN_POINT ( 'NONE',  ( -0.2299999999999999545, 0.1600000000000000033, -0.4000000000000000222 ) ) ;
#1097 = ORIENTED_EDGE ( 'NONE', *, *, #4085, .T. ) ;
#1098 = COLOUR_RGB ( '',0.000000000000000000, 0.5019607843137254832, 0.000000000000000000 ) ;
#1099 = DIRECTION ( 'NONE',  ( 1.000000000000000000, 0.000000000000000000, 4.336808689942012313E-16 ) ) ;
#1100 = SURFACE_STYLE_FILL_AREA ( #4542 ) ;
#1101 = COLOUR_RGB ( '',1.000000000000000000, 1.000000000000000000, 1.000000000000000000 ) ;
#1102 = SURFACE_STYLE_FILL_AREA ( #3637 ) ;
#1103 = ORIENTED_EDGE ( 'NONE', *, *, #1377, .F. ) ;
#1104 = SURFACE_STYLE_USAGE ( .BOTH. , #3592 ) ;
#1105 = ORIENTED_EDGE ( 'NONE', *, *, #3993, .T. ) ;
#1106 = SURFACE_STYLE_USAGE ( .BOTH. , #91 ) ;
#1107 = ORIENTED_EDGE ( 'NONE', *, *, #1722, .T. ) ;
#1108 = SURFACE_STYLE_FILL_AREA ( #48 ) ;
#1109 = DIRECTION ( 'NONE',  ( 0.000000000000000000, 0.000000000000000000, 1.000000000000000000 ) ) ;
#1110 = ORIENTED_EDGE ( 'NONE', *, *, #66, .T. ) ;
#1111 = SURFACE_STYLE_USAGE ( .BOTH. , #2932 ) ;
#1112 = DIRECTION ( 'NONE',  ( 0.000000000000000000, 0.000000000000000000, 1.000000000000000000 ) ) ;
#1113 =( LENGTH_UNIT ( ) NAMED_UNIT ( * ) SI_UNIT ( .MILLI., .METRE. ) );
#1114 = SURFACE_STYLE_FILL_AREA ( #2110 ) ;
#1115 = DIRECTION ( 'NONE',  ( 0.000000000000000000, 0.000000000000000000, 1.000000000000000000 ) ) ;
#1116 = DIRECTION ( 'NONE',  ( 1.355252715606880543E-16, 0.000000000000000000, 1.000000000000000000 ) ) ;
#1117 = VECTOR ( 'NONE', #3139, 1000.000000000000000 ) ;
#1118 = FILL_AREA_STYLE ('',( #4256 ) ) ;
#1119 = ADVANCED_FACE ( 'NONE', ( #2006 ), #3472, .T. ) ;
#1120 = COLOUR_RGB ( '',0.9686274509803921573, 0.8784313725490195957, 0.5999999999999999778 ) ;
#1121 = AXIS2_PLACEMENT_3D ( 'NONE', #3346, #2641, #4039 ) ;
#1122 = FILL_AREA_STYLE_COLOUR ( '', #1834 ) ;
#1123 = DIRECTION ( 'NONE',  ( -0.000000000000000000, 1.000000000000000000, -0.000000000000000000 ) ) ;
#1124 = DIRECTION ( 'NONE',  ( 0.000000000000000000, 0.000000000000000000, 1.000000000000000000 ) ) ;
#1125 = LINE ( 'NONE', #2854, #248 ) ;
#1126 = ORIENTED_EDGE ( 'NONE', *, *, #4399, .T. ) ;
#1127 = VECTOR ( 'NONE', #1907, 1000.000000000000000 ) ;
#1128 = DIRECTION ( 'NONE',  ( 1.000000000000000000, -0.000000000000000000, 0.000000000000000000 ) ) ;
#1129 = ORIENTED_EDGE ( 'NONE', *, *, #1562, .T. ) ;
#1130 = MECHANICAL_DESIGN_GEOMETRIC_PRESENTATION_REPRESENTATION (  '', ( #3987 ), #3916 ) ;
#1131 = PRESENTATION_LAYER_ASSIGNMENT (  '', '', ( #390 ) ) ;
#1132 =( NAMED_UNIT ( * ) SI_UNIT ( $, .STERADIAN. ) SOLID_ANGLE_UNIT ( ) );
#1133 = VECTOR ( 'NONE', #874, 1000.000000000000000 ) ;
#1134 = FACE_OUTER_BOUND ( 'NONE', #1463, .T. ) ;
#1135 = CIRCLE ( 'NONE', #4210, 0.2499999999999999445 ) ;
#1136 = ORIENTED_EDGE ( 'NONE', *, *, #2805, .F. ) ;
#1137 = PRESENTATION_STYLE_ASSIGNMENT (( #3649 ) ) ;
#1138 = LINE ( 'NONE', #2552, #3868 ) ;
#1139 =( NAMED_UNIT ( * ) SI_UNIT ( $, .STERADIAN. ) SOLID_ANGLE_UNIT ( ) );
#1140 = SURFACE_STYLE_USAGE ( .BOTH. , #1422 ) ;
#1141 = SURFACE_SIDE_STYLE ('',( #3145 ) ) ;
#1142 = CARTESIAN_POINT ( 'NONE',  ( -0.7500000000000000000, 0.1700000000000000122, 0.000000000000000000 ) ) ;
#1143 = SURFACE_STYLE_FILL_AREA ( #2893 ) ;
#1144 = LINE ( 'NONE', #109, #539 ) ;
#1145 = SURFACE_STYLE_FILL_AREA ( #430 ) ;
#1146 = AXIS2_PLACEMENT_3D ( 'NONE', #871, #1887, #4014 ) ;
#1147 = UNCERTAINTY_MEASURE_WITH_UNIT (LENGTH_MEASURE( 1.000000000000000082E-05 ), #3746, 'distance_accuracy_value', 'NONE');
#1148 =( NAMED_UNIT ( * ) SI_UNIT ( $, .STERADIAN. ) SOLID_ANGLE_UNIT ( ) );
#1149 =( NAMED_UNIT ( * ) SI_UNIT ( $, .STERADIAN. ) SOLID_ANGLE_UNIT ( ) );
#1150 = VECTOR ( 'NONE', #916, 1000.000000000000000 ) ;
#1151 = CARTESIAN_POINT ( 'NONE',  ( -9.486769009248156402E-17, 0.1700000000000000122, -0.3499999999999997558 ) ) ;
#1152 = LINE ( 'NONE', #1170, #2601 ) ;
#1153 = ORIENTED_EDGE ( 'NONE', *, *, #3689, .T. ) ;
#1154 = ADVANCED_FACE ( 'NONE', ( #3134 ), #3765, .F. ) ;
#1155 = EDGE_LOOP ( 'NONE', ( #3202, #1788, #2930, #602, #277, #2379, #346, #3523, #2187, #2984, #1782 ) ) ;
#1156 = DIRECTION ( 'NONE',  ( -0.000000000000000000, 0.000000000000000000, 1.000000000000000000 ) ) ;
#1157 = SURFACE_STYLE_FILL_AREA ( #1511 ) ;
#1158 = EDGE_CURVE ( 'NONE', #1839, #2577, #4240, .T. ) ;
#1159 = UNCERTAINTY_MEASURE_WITH_UNIT (LENGTH_MEASURE( 1.000000000000000082E-05 ), #487, 'distance_accuracy_value', 'NONE');
#1160 = LINE ( 'NONE', #811, #1760 ) ;
#1161 = EDGE_CURVE ( 'NONE', #2270, #1417, #1025, .T. ) ;
#1162 = ORIENTED_EDGE ( 'NONE', *, *, #3689, .F. ) ;
#1163 = DIRECTION ( 'NONE',  ( -0.000000000000000000, -1.000000000000000000, 0.000000000000000000 ) ) ;
#1164 = DIRECTION ( 'NONE',  ( -0.000000000000000000, -0.000000000000000000, -1.000000000000000000 ) ) ;
#1165 =( LENGTH_UNIT ( ) NAMED_UNIT ( * ) SI_UNIT ( .MILLI., .METRE. ) );
#1166 = CARTESIAN_POINT ( 'NONE',  ( 0.8000000000000000444, 0.000000000000000000, 0.000000000000000000 ) ) ;
#1167 = MECHANICAL_DESIGN_GEOMETRIC_PRESENTATION_REPRESENTATION (  '', ( #2126 ), #2209 ) ;
#1168 = CARTESIAN_POINT ( 'NONE',  ( -0.8000000000000000444, 0.000000000000000000, 0.1499999999999999944 ) ) ;
#1169 = SURFACE_STYLE_FILL_AREA ( #1913 ) ;
#1170 = CARTESIAN_POINT ( 'NONE',  ( -0.02999999999999989134, 0.1700000000000000122, -0.1000000000000000056 ) ) ;
#1171 =( GEOMETRIC_REPRESENTATION_CONTEXT ( 3 ) GLOBAL_UNCERTAINTY_ASSIGNED_CONTEXT ( ( #1261 ) ) GLOBAL_UNIT_ASSIGNED_CONTEXT ( ( #1859, #4305, #4260 ) ) REPRESENTATION_CONTEXT ( 'NONE', 'WORKASPACE' ) );
#1172 = ORIENTED_EDGE ( 'NONE', *, *, #191, .F. ) ;
#1173 = SURFACE_STYLE_FILL_AREA ( #2151 ) ;
#1174 = ORIENTED_EDGE ( 'NONE', *, *, #79, .T. ) ;
#1175 = EDGE_CURVE ( 'NONE', #2857, #1443, #2974, .T. ) ;
#1176 = PLANE ( 'NONE',  #3261 ) ;
#1177 = UNCERTAINTY_MEASURE_WITH_UNIT (LENGTH_MEASURE( 1.000000000000000082E-05 ), #1608, 'distance_accuracy_value', 'NONE');
#1178 = DIRECTION ( 'NONE',  ( 0.000000000000000000, 0.000000000000000000, -1.000000000000000000 ) ) ;
#1179 = EDGE_CURVE ( 'NONE', #1839, #2247, #431, .T. ) ;
#1180 = EDGE_CURVE ( 'NONE', #4003, #89, #3568, .T. ) ;
#1181 = ORIENTED_EDGE ( 'NONE', *, *, #2719, .T. ) ;
#1182 = SURFACE_STYLE_FILL_AREA ( #1962 ) ;
#1183 = ORIENTED_EDGE ( 'NONE', *, *, #758, .T. ) ;
#1184 = PRESENTATION_STYLE_ASSIGNMENT (( #3695 ) ) ;
#1185 = SURFACE_STYLE_FILL_AREA ( #893 ) ;
#1186 = CARTESIAN_POINT ( 'NONE',  ( 0.8000000000000000444, -0.01000000000000000021, -0.2000000000000000111 ) ) ;
#1187 = CARTESIAN_POINT ( 'NONE',  ( -0.3499999999999999778, 0.1700000000000000122, -5.421010862427523403E-17 ) ) ;
#1188 = PRESENTATION_STYLE_ASSIGNMENT (( #2268 ) ) ;
#1189 = DIRECTION ( 'NONE',  ( -1.000000000000000000, 0.000000000000000000, 0.000000000000000000 ) ) ;
#1190 = ORIENTED_EDGE ( 'NONE', *, *, #2838, .F. ) ;
#1191 = VECTOR ( 'NONE', #1450, 1000.000000000000000 ) ;
#1192 = UNCERTAINTY_MEASURE_WITH_UNIT (LENGTH_MEASURE( 1.000000000000000082E-05 ), #1403, 'distance_accuracy_value', 'NONE');
#1193 = SURFACE_SIDE_STYLE ('',( #3033 ) ) ;
#1194 = ORIENTED_EDGE ( 'NONE', *, *, #3993, .F. ) ;
#1195 = VECTOR ( 'NONE', #927, 1000.000000000000000 ) ;
#1196 = UNCERTAINTY_MEASURE_WITH_UNIT (LENGTH_MEASURE( 1.000000000000000082E-05 ), #796, 'distance_accuracy_value', 'NONE');
#1197 = COLOUR_RGB ( '',0.7921568627450980005, 0.8196078431372548767, 0.9333333333333333481 ) ;
#1198 = DIRECTION ( 'NONE',  ( 1.000000000000000000, -0.000000000000000000, 1.414176746720223153E-16 ) ) ;
#1199 =( GEOMETRIC_REPRESENTATION_CONTEXT ( 3 ) GLOBAL_UNCERTAINTY_ASSIGNED_CONTEXT ( ( #830 ) ) GLOBAL_UNIT_ASSIGNED_CONTEXT ( ( #3571, #414, #436 ) ) REPRESENTATION_CONTEXT ( 'NONE', 'WORKASPACE' ) );
#1200 = PRESENTATION_LAYER_ASSIGNMENT (  '', '', ( #1869 ) ) ;
#1201 = PRESENTATION_LAYER_ASSIGNMENT (  '', '', ( #3190 ) ) ;
#1202 = VECTOR ( 'NONE', #1051, 1000.000000000000000 ) ;
#1203 = ORIENTED_EDGE ( 'NONE', *, *, #3151, .T. ) ;
#1204 =( GEOMETRIC_REPRESENTATION_CONTEXT ( 3 ) GLOBAL_UNCERTAINTY_ASSIGNED_CONTEXT ( ( #911 ) ) GLOBAL_UNIT_ASSIGNED_CONTEXT ( ( #3726, #4402, #4426 ) ) REPRESENTATION_CONTEXT ( 'NONE', 'WORKASPACE' ) );
#1205 = CARTESIAN_POINT ( 'NONE',  ( 0.8000000000000000444, -0.01000000000000000021, -0.2499999999999999445 ) ) ;
#1206 = AXIS2_PLACEMENT_3D ( 'NONE', #1798, #2543, #3204 ) ;
#1207 = PRESENTATION_LAYER_ASSIGNMENT (  '', '', ( #4282 ) ) ;
#1208 =( GEOMETRIC_REPRESENTATION_CONTEXT ( 3 ) GLOBAL_UNCERTAINTY_ASSIGNED_CONTEXT ( ( #3961 ) ) GLOBAL_UNIT_ASSIGNED_CONTEXT ( ( #2352, #3756, #1679 ) ) REPRESENTATION_CONTEXT ( 'NONE', 'WORKASPACE' ) );
#1209 = LINE ( 'NONE', #1228, #685 ) ;
#1210 = CIRCLE ( 'NONE', #2604, 0.1499999999999999944 ) ;
#1211 = EDGE_CURVE ( 'NONE', #3599, #3728, #2828, .T. ) ;
#1212 = CARTESIAN_POINT ( 'NONE',  ( -0.8000000000000000444, 0.1700000000000000122, 0.000000000000000000 ) ) ;
#1213 = CARTESIAN_POINT ( 'NONE',  ( -0.8000000000000000444, -0.01000000000000000021, -0.4000000000000000222 ) ) ;
#1214 = EDGE_CURVE ( 'NONE', #3086, #1072, #63, .T. ) ;
#1215 = FILL_AREA_STYLE ('',( #2612 ) ) ;
#1216 = ADVANCED_FACE ( 'NONE', ( #3201 ), #2094, .T. ) ;
#1217 = DIRECTION ( 'NONE',  ( 1.000000000000000000, 0.000000000000000000, -2.710505431213760592E-16 ) ) ;
#1218 = ORIENTED_EDGE ( 'NONE', *, *, #2292, .T. ) ;
#1219 = VERTEX_POINT ( 'NONE', #2774 ) ;
#1220 = STYLED_ITEM ( 'NONE', ( #3724 ), #1497 ) ;
#1221 =( NAMED_UNIT ( * ) PLANE_ANGLE_UNIT ( ) SI_UNIT ( $, .RADIAN. ) );
#1222 = ADVANCED_FACE ( 'NONE', ( #2437 ), #1753, .F. ) ;
#1223 = CARTESIAN_POINT ( 'NONE',  ( -0.8000000000000000444, 0.1600000000000000033, 0.000000000000000000 ) ) ;
#1224 = LINE ( 'NONE', #3042, #2858 ) ;
#1225 = LINE ( 'NONE', #4316, #3225 ) ;
#1226 = EDGE_LOOP ( 'NONE', ( #4246, #4159, #70, #4294 ) ) ;
#1227 =( LENGTH_UNIT ( ) NAMED_UNIT ( * ) SI_UNIT ( .MILLI., .METRE. ) );
#1228 = CARTESIAN_POINT ( 'NONE',  ( 0.6999999999999999556, -0.01000000000000000021, -0.2291287847477919415 ) ) ;
#1229 = EDGE_CURVE ( 'NONE', #906, #4478, #4303, .T. ) ;
#1230 = UNCERTAINTY_MEASURE_WITH_UNIT (LENGTH_MEASURE( 1.000000000000000082E-05 ), #1665, 'distance_accuracy_value', 'NONE');
#1231 = PRESENTATION_LAYER_ASSIGNMENT (  '', '', ( #3222 ) ) ;
#1232 = EDGE_LOOP ( 'NONE', ( #2626, #2745, #2642, #4331 ) ) ;
#1233 = DIRECTION ( 'NONE',  ( -0.000000000000000000, -1.000000000000000000, -0.000000000000000000 ) ) ;
#1234 = ADVANCED_FACE ( 'NONE', ( #2303 ), #1546, .T. ) ;
#1235 = SURFACE_SIDE_STYLE ('',( #4377 ) ) ;
#1236 = VECTOR ( 'NONE', #4436, 1000.000000000000000 ) ;
#1237 =( NAMED_UNIT ( * ) SI_UNIT ( $, .STERADIAN. ) SOLID_ANGLE_UNIT ( ) );
#1238 = PRESENTATION_STYLE_ASSIGNMENT (( #498 ) ) ;
#1239 = VERTEX_POINT ( 'NONE', #4034 ) ;
#1240 = STYLED_ITEM ( 'NONE', ( #4482 ), #870 ) ;
#1241 = SURFACE_STYLE_USAGE ( .BOTH. , #156 ) ;
#1242 = LINE ( 'NONE', #1641, #2898 ) ;
#1243 = DIRECTION ( 'NONE',  ( -1.548860246407863829E-16, 0.000000000000000000, 1.000000000000000000 ) ) ;
#1244 = ORIENTED_EDGE ( 'NONE', *, *, #2776, .F. ) ;
#1245 = DIRECTION ( 'NONE',  ( -0.000000000000000000, -1.000000000000000000, -0.000000000000000000 ) ) ;
#1246 = LINE ( 'NONE', #3356, #979 ) ;
#1247 = ORIENTED_EDGE ( 'NONE', *, *, #252, .F. ) ;
#1248 =( NAMED_UNIT ( * ) SI_UNIT ( $, .STERADIAN. ) SOLID_ANGLE_UNIT ( ) );
#1249 = SURFACE_SIDE_STYLE ('',( #915 ) ) ;
#1250 = DIRECTION ( 'NONE',  ( 0.000000000000000000, 0.000000000000000000, -1.000000000000000000 ) ) ;
#1251 = FILL_AREA_STYLE ('',( #2265 ) ) ;
#1252 = SURFACE_STYLE_USAGE ( .BOTH. , #3098 ) ;
#1253 =( NAMED_UNIT ( * ) SI_UNIT ( $, .STERADIAN. ) SOLID_ANGLE_UNIT ( ) );
#1254 = ORIENTED_EDGE ( 'NONE', *, *, #4068, .T. ) ;
#1255 = PRESENTATION_STYLE_ASSIGNMENT (( #3385 ) ) ;
#1256 = ORIENTED_EDGE ( 'NONE', *, *, #2610, .F. ) ;
#1257 = EDGE_CURVE ( 'NONE', #325, #3956, #496, .T. ) ;
#1258 =( GEOMETRIC_REPRESENTATION_CONTEXT ( 3 ) GLOBAL_UNCERTAINTY_ASSIGNED_CONTEXT ( ( #1557 ) ) GLOBAL_UNIT_ASSIGNED_CONTEXT ( ( #423, #1826, #1139 ) ) REPRESENTATION_CONTEXT ( 'NONE', 'WORKASPACE' ) );
#1259 = CARTESIAN_POINT ( 'NONE',  ( -0.8000000000000000444, 0.1600000000000000033, -0.1499999999999998002 ) ) ;
#1260 = AXIS2_PLACEMENT_3D ( 'NONE', #342, #4226, #3 ) ;
#1261 = UNCERTAINTY_MEASURE_WITH_UNIT (LENGTH_MEASURE( 1.000000000000000082E-05 ), #1859, 'distance_accuracy_value', 'NONE');
#1262 =( GEOMETRIC_REPRESENTATION_CONTEXT ( 3 ) GLOBAL_UNCERTAINTY_ASSIGNED_CONTEXT ( ( #134 ) ) GLOBAL_UNIT_ASSIGNED_CONTEXT ( ( #1709, #4471, #3102 ) ) REPRESENTATION_CONTEXT ( 'NONE', 'WORKASPACE' ) );
#1263 = SURFACE_SIDE_STYLE ('',( #1585 ) ) ;
#1264 =( GEOMETRIC_REPRESENTATION_CONTEXT ( 3 ) GLOBAL_UNCERTAINTY_ASSIGNED_CONTEXT ( ( #2945 ) ) GLOBAL_UNIT_ASSIGNED_CONTEXT ( ( #1802, #2880, #1893 ) ) REPRESENTATION_CONTEXT ( 'NONE', 'WORKASPACE' ) );
#1265 = CARTESIAN_POINT ( 'NONE',  ( 0.8000000000000000444, 0.1700000000000000122, 0.000000000000000000 ) ) ;
#1266 =( GEOMETRIC_REPRESENTATION_CONTEXT ( 3 ) GLOBAL_UNCERTAINTY_ASSIGNED_CONTEXT ( ( #4360 ) ) GLOBAL_UNIT_ASSIGNED_CONTEXT ( ( #2826, #3701, #2284 ) ) REPRESENTATION_CONTEXT ( 'NONE', 'WORKASPACE' ) );
#1267 = AXIS2_PLACEMENT_3D ( 'NONE', #2510, #2116, #2196 ) ;
#1268 = ORIENTED_EDGE ( 'NONE', *, *, #3131, .T. ) ;
#1269 = MECHANICAL_DESIGN_GEOMETRIC_PRESENTATION_REPRESENTATION (  '', ( #835 ), #3189 ) ;
#1270 = CYLINDRICAL_SURFACE ( 'NONE', #506, 0.2499999999999998890 ) ;
#1271 = MECHANICAL_DESIGN_GEOMETRIC_PRESENTATION_REPRESENTATION (  '', ( #398 ), #2171 ) ;
#1272 =( NAMED_UNIT ( * ) SI_UNIT ( $, .STERADIAN. ) SOLID_ANGLE_UNIT ( ) );
#1273 = PRESENTATION_LAYER_ASSIGNMENT (  '', '', ( #977 ) ) ;
#1274 = UNCERTAINTY_MEASURE_WITH_UNIT (LENGTH_MEASURE( 1.000000000000000082E-05 ), #2708, 'distance_accuracy_value', 'NONE');
#1275 = PLANE ( 'NONE',  #2573 ) ;
#1276 = FILL_AREA_STYLE ('',( #3760 ) ) ;
#1277 = CARTESIAN_POINT ( 'NONE',  ( -0.02999999999999988787, 0.1700000000000000122, -0.4000000000000000222 ) ) ;
#1278 = ORIENTED_EDGE ( 'NONE', *, *, #188, .F. ) ;
#1279 = ORIENTED_EDGE ( 'NONE', *, *, #259, .T. ) ;
#1280 = FILL_AREA_STYLE ('',( #4495 ) ) ;
#1281 = FACE_OUTER_BOUND ( 'NONE', #3946, .T. ) ;
#1282 = DIRECTION ( 'NONE',  ( 0.000000000000000000, -1.000000000000000000, 0.000000000000000000 ) ) ;
#1283 =( NAMED_UNIT ( * ) PLANE_ANGLE_UNIT ( ) SI_UNIT ( $, .RADIAN. ) );
#1284 = CARTESIAN_POINT ( 'NONE',  ( -0.5435855037604986340, -0.2300000000000000933, 0.3879462107649006564 ) ) ;
#1285 = MECHANICAL_DESIGN_GEOMETRIC_PRESENTATION_REPRESENTATION (  '', ( #4071 ), #2687 ) ;
#1286 =( LENGTH_UNIT ( ) NAMED_UNIT ( * ) SI_UNIT ( .MILLI., .METRE. ) );
#1287 = CARTESIAN_POINT ( 'NONE',  ( -0.8000000000000000444, 0.000000000000000000, -0.000000000000000000 ) ) ;
#1288 = MECHANICAL_DESIGN_GEOMETRIC_PRESENTATION_REPRESENTATION (  '', ( #1369 ), #2834 ) ;
#1289 = EDGE_CURVE ( 'NONE', #3753, #1738, #519, .T. ) ;
#1290 =( GEOMETRIC_REPRESENTATION_CONTEXT ( 3 ) GLOBAL_UNCERTAINTY_ASSIGNED_CONTEXT ( ( #1318 ) ) GLOBAL_UNIT_ASSIGNED_CONTEXT ( ( #1089, #2867, #3237 ) ) REPRESENTATION_CONTEXT ( 'NONE', 'WORKASPACE' ) );
#1291 = PRESENTATION_STYLE_ASSIGNMENT (( #2344 ) ) ;
#1292 = DIRECTION ( 'NONE',  ( 0.000000000000000000, -1.000000000000000000, 0.000000000000000000 ) ) ;
#1293 = PRESENTATION_LAYER_ASSIGNMENT (  '', '', ( #4011 ) ) ;
#1294 = ORIENTED_EDGE ( 'NONE', *, *, #3179, .T. ) ;
#1295 = CARTESIAN_POINT ( 'NONE',  ( 0.8000000000000000444, -0.01000000000000000021, 0.000000000000000000 ) ) ;
#1296 =( NAMED_UNIT ( * ) SI_UNIT ( $, .STERADIAN. ) SOLID_ANGLE_UNIT ( ) );
#1297 = DIRECTION ( 'NONE',  ( 1.000000000000000000, 0.000000000000000000, -0.000000000000000000 ) ) ;
#1298 = DIRECTION ( 'NONE',  ( -0.000000000000000000, -1.000000000000000000, -0.000000000000000000 ) ) ;
#1299 = SURFACE_STYLE_USAGE ( .BOTH. , #1706 ) ;
#1300 = DIRECTION ( 'NONE',  ( -0.000000000000000000, -1.000000000000000000, -0.000000000000000000 ) ) ;
#1301 = ORIENTED_EDGE ( 'NONE', *, *, #1017, .T. ) ;
#1302 =( LENGTH_UNIT ( ) NAMED_UNIT ( * ) SI_UNIT ( .MILLI., .METRE. ) );
#1303 = EDGE_LOOP ( 'NONE', ( #1865, #3546, #1996, #4101 ) ) ;
#1304 =( NAMED_UNIT ( * ) PLANE_ANGLE_UNIT ( ) SI_UNIT ( $, .RADIAN. ) );
#1305 = CARTESIAN_POINT ( 'NONE',  ( 0.8000000000000000444, -0.01000000000000000021, 0.000000000000000000 ) ) ;
#1306 = DIRECTION ( 'NONE',  ( 0.000000000000000000, 0.000000000000000000, -1.000000000000000000 ) ) ;
#1307 = EDGE_LOOP ( 'NONE', ( #3873, #2656, #1244, #2174 ) ) ;
#1308 = CARTESIAN_POINT ( 'NONE',  ( -0.5154979824291560098, -0.2300000000000000100, -0.3879462107649007119 ) ) ;
#1309 = MECHANICAL_DESIGN_GEOMETRIC_PRESENTATION_REPRESENTATION (  '', ( #1038 ), #432 ) ;
#1310 = DIRECTION ( 'NONE',  ( 0.000000000000000000, 0.000000000000000000, 1.000000000000000000 ) ) ;
#1311 = EDGE_CURVE ( 'NONE', #2541, #340, #3246, .T. ) ;
#1312 = PLANE ( 'NONE',  #2569 ) ;
#1313 = LINE ( 'NONE', #2675, #2589 ) ;
#1314 =( NAMED_UNIT ( * ) PLANE_ANGLE_UNIT ( ) SI_UNIT ( $, .RADIAN. ) );
#1315 = UNCERTAINTY_MEASURE_WITH_UNIT (LENGTH_MEASURE( 1.000000000000000082E-05 ), #1989, 'distance_accuracy_value', 'NONE');
#1316 = CARTESIAN_POINT ( 'NONE',  ( 0.000000000000000000, -0.2300000000000000100, 0.000000000000000000 ) ) ;
#1317 = EDGE_CURVE ( 'NONE', #3549, #3475, #4327, .T. ) ;
#1318 = UNCERTAINTY_MEASURE_WITH_UNIT (LENGTH_MEASURE( 1.000000000000000082E-05 ), #1089, 'distance_accuracy_value', 'NONE');
#1319 = PRESENTATION_LAYER_ASSIGNMENT (  '', '', ( #3963 ) ) ;
#1320 = ORIENTED_EDGE ( 'NONE', *, *, #2781, .F. ) ;
#1321 =( NAMED_UNIT ( * ) PLANE_ANGLE_UNIT ( ) SI_UNIT ( $, .RADIAN. ) );
#1322 = PRESENTATION_LAYER_ASSIGNMENT (  '', '', ( #3319 ) ) ;
#1323 = CARTESIAN_POINT ( 'NONE',  ( 0.7500000000000000000, -0.01000000000000000021, 0.4000000000000000222 ) ) ;
#1324 = DIRECTION ( 'NONE',  ( -1.000000000000000000, 0.000000000000000000, 0.000000000000000000 ) ) ;
#1325 = ORIENTED_EDGE ( 'NONE', *, *, #3712, .T. ) ;
#1326 = PRESENTATION_STYLE_ASSIGNMENT (( #623 ) ) ;
#1327 = FILL_AREA_STYLE_COLOUR ( '', #939 ) ;
#1328 = PRESENTATION_STYLE_ASSIGNMENT (( #1003 ) ) ;
#1329 = CARTESIAN_POINT ( 'NONE',  ( 0.000000000000000000, 0.1600000000000000033, 0.3499999999999999778 ) ) ;
#1330 = EDGE_LOOP ( 'NONE', ( #1028, #2491, #3286, #4248 ) ) ;
#1331 =( NAMED_UNIT ( * ) SI_UNIT ( $, .STERADIAN. ) SOLID_ANGLE_UNIT ( ) );
#1332 = ORIENTED_EDGE ( 'NONE', *, *, #1092, .F. ) ;
#1333 = PRESENTATION_LAYER_ASSIGNMENT (  '', '', ( #4049 ) ) ;
#1334 = DIRECTION ( 'NONE',  ( -0.000000000000000000, 1.000000000000000000, -0.000000000000000000 ) ) ;
#1335 = SURFACE_SIDE_STYLE ('',( #3439 ) ) ;
#1336 =( GEOMETRIC_REPRESENTATION_CONTEXT ( 3 ) GLOBAL_UNCERTAINTY_ASSIGNED_CONTEXT ( ( #4336 ) ) GLOBAL_UNIT_ASSIGNED_CONTEXT ( ( #2189, #773, #2232 ) ) REPRESENTATION_CONTEXT ( 'NONE', 'WORKASPACE' ) );
#1337 = SURFACE_STYLE_FILL_AREA ( #298 ) ;
#1338 = ORIENTED_EDGE ( 'NONE', *, *, #3791, .F. ) ;
#1339 = CARTESIAN_POINT ( 'NONE',  ( 0.8000000000000000444, 0.1600000000000000033, 0.000000000000000000 ) ) ;
#1340 = PLANE ( 'NONE',  #2285 ) ;
#1341 = AXIS2_PLACEMENT_3D ( 'NONE', #4308, #3890, #3206 ) ;
#1342 = MECHANICAL_DESIGN_GEOMETRIC_PRESENTATION_REPRESENTATION (  '', ( #3190 ), #4493 ) ;
#1343 = CARTESIAN_POINT ( 'NONE',  ( 0.8000000000000000444, 0.000000000000000000, 0.000000000000000000 ) ) ;
#1344 = MECHANICAL_DESIGN_GEOMETRIC_PRESENTATION_REPRESENTATION (  '', ( #681 ), #971 ) ;
#1345 = CIRCLE ( 'NONE', #2013, 0.2000000000000000111 ) ;
#1346 = COLOUR_RGB ( '',1.000000000000000000, 1.000000000000000000, 1.000000000000000000 ) ;
#1347 = EDGE_CURVE ( 'NONE', #415, #1361, #3340, .T. ) ;
#1348 = COLOUR_RGB ( '',0.9686274509803921573, 0.8784313725490195957, 0.5999999999999999778 ) ;
#1349 = FILL_AREA_STYLE ('',( #2768 ) ) ;
#1350 = DIRECTION ( 'NONE',  ( 0.000000000000000000, 0.000000000000000000, 1.000000000000000000 ) ) ;
#1351 = PLANE ( 'NONE',  #3844 ) ;
#1352 = VECTOR ( 'NONE', #2287, 1000.000000000000000 ) ;
#1353 =( GEOMETRIC_REPRESENTATION_CONTEXT ( 3 ) GLOBAL_UNCERTAINTY_ASSIGNED_CONTEXT ( ( #614 ) ) GLOBAL_UNIT_ASSIGNED_CONTEXT ( ( #563, #4082, #3454 ) ) REPRESENTATION_CONTEXT ( 'NONE', 'WORKASPACE' ) );
#1354 =( NAMED_UNIT ( * ) PLANE_ANGLE_UNIT ( ) SI_UNIT ( $, .RADIAN. ) );
#1355 = EDGE_CURVE ( 'NONE', #3905, #2994, #150, .T. ) ;
#1356 = FILL_AREA_STYLE_COLOUR ( '', #1867 ) ;
#1357 = FILL_AREA_STYLE ('',( #982 ) ) ;
#1358 =( LENGTH_UNIT ( ) NAMED_UNIT ( * ) SI_UNIT ( .MILLI., .METRE. ) );
#1359 = ORIENTED_EDGE ( 'NONE', *, *, #3958, .F. ) ;
#1360 = FACE_OUTER_BOUND ( 'NONE', #1478, .T. ) ;
#1361 = VERTEX_POINT ( 'NONE', #1168 ) ;
#1362 =( BOUNDED_CURVE ( )  B_SPLINE_CURVE ( 3, ( #123, #814, #1903, #2607 ),
 .UNSPECIFIED., .F., .F. ) 
 B_SPLINE_CURVE_WITH_KNOTS ( ( 4, 4 ),
 ( 3.141592653589787343, 4.660029102824863045 ),
 .UNSPECIFIED. ) 
 CURVE ( )  GEOMETRIC_REPRESENTATION_ITEM ( )  RATIONAL_B_SPLINE_CURVE ( ( 1.000000000000000000, 0.8169162473415229053, 0.8169162473415229053, 1.000000000000000000 ) ) 
 REPRESENTATION_ITEM ( '' )  );
#1363 = EDGE_CURVE ( 'NONE', #1088, #3178, #2964, .T. ) ;
#1364 = FILL_AREA_STYLE ('',( #1739 ) ) ;
#1365 = VECTOR ( 'NONE', #2286, 1000.000000000000000 ) ;
#1366 = ORIENTED_EDGE ( 'NONE', *, *, #844, .T. ) ;
#1367 = DIRECTION ( 'NONE',  ( 0.000000000000000000, 0.000000000000000000, -1.000000000000000000 ) ) ;
#1368 =( NAMED_UNIT ( * ) SI_UNIT ( $, .STERADIAN. ) SOLID_ANGLE_UNIT ( ) );
#1369 = STYLED_ITEM ( 'NONE', ( #690 ), #1010 ) ;
#1370 = DIRECTION ( 'NONE',  ( 0.000000000000000000, 0.000000000000000000, 1.000000000000000000 ) ) ;
#1371 = CARTESIAN_POINT ( 'NONE',  ( -0.2299999999999998435, 0.1600000000000000033, 0.4000000000000000222 ) ) ;
#1372 = FACE_OUTER_BOUND ( 'NONE', #1407, .T. ) ;
#1373 = CARTESIAN_POINT ( 'NONE',  ( 0.7500000000000000000, -0.01000000000000000021, -0.4000000000000000222 ) ) ;
#1374 = ORIENTED_EDGE ( 'NONE', *, *, #2806, .T. ) ;
#1375 = FILL_AREA_STYLE_COLOUR ( '', #2890 ) ;
#1376 = CARTESIAN_POINT ( 'NONE',  ( 0.000000000000000000, 0.1700000000000000122, 0.3499999999999999778 ) ) ;
#1377 = EDGE_CURVE ( 'NONE', #3831, #2541, #821, .T. ) ;
#1378 = CARTESIAN_POINT ( 'NONE',  ( -0.8000000000000000444, 0.1700000000000000122, 1.959434878635765230E-16 ) ) ;
#1379 = CARTESIAN_POINT ( 'NONE',  ( 0.8000000000000000444, 0.1600000000000000033, 0.000000000000000000 ) ) ;
#1380 = LINE ( 'NONE', #1817, #4503 ) ;
#1381 = PRESENTATION_STYLE_ASSIGNMENT (( #3136 ) ) ;
#1382 = ORIENTED_EDGE ( 'NONE', *, *, #2038, .T. ) ;
#1383 = CARTESIAN_POINT ( 'NONE',  ( -0.8000000000000000444, 0.1600000000000000033, 0.1500000000000001887 ) ) ;
#1384 = ORIENTED_EDGE ( 'NONE', *, *, #161, .T. ) ;
#1385 = STYLED_ITEM ( 'NONE', ( #2928 ), #4063 ) ;
#1386 =( LENGTH_UNIT ( ) NAMED_UNIT ( * ) SI_UNIT ( .MILLI., .METRE. ) );
#1387 = FACE_OUTER_BOUND ( 'NONE', #1845, .T. ) ;
#1388 = FILL_AREA_STYLE_COLOUR ( '', #2448 ) ;
#1389 = MECHANICAL_DESIGN_GEOMETRIC_PRESENTATION_REPRESENTATION (  '', ( #797 ), #565 ) ;
#1390 = VECTOR ( 'NONE', #4415, 1000.000000000000000 ) ;
#1391 =( NAMED_UNIT ( * ) PLANE_ANGLE_UNIT ( ) SI_UNIT ( $, .RADIAN. ) );
#1392 = ORIENTED_EDGE ( 'NONE', *, *, #3124, .F. ) ;
#1393 = MECHANICAL_DESIGN_GEOMETRIC_PRESENTATION_REPRESENTATION (  '', ( #357 ), #71 ) ;
#1394 = DIRECTION ( 'NONE',  ( -1.000000000000000000, 0.000000000000000000, -1.129377263005733837E-17 ) ) ;
#1395 = FACE_OUTER_BOUND ( 'NONE', #3580, .T. ) ;
#1396 = PRESENTATION_LAYER_ASSIGNMENT (  '', '', ( #2938 ) ) ;
#1397 = CARTESIAN_POINT ( 'NONE',  ( 0.000000000000000000, 0.000000000000000000, 0.000000000000000000 ) ) ;
#1398 = DIRECTION ( 'NONE',  ( 1.000000000000000000, 0.000000000000000000, 0.000000000000000000 ) ) ;
#1399 = DIRECTION ( 'NONE',  ( 4.336808689942011820E-16, -0.000000000000000000, -1.000000000000000000 ) ) ;
#1400 = SURFACE_SIDE_STYLE ('',( #2111 ) ) ;
#1401 =( NAMED_UNIT ( * ) SI_UNIT ( $, .STERADIAN. ) SOLID_ANGLE_UNIT ( ) );
#1402 = ORIENTED_EDGE ( 'NONE', *, *, #1355, .F. ) ;
#1403 =( LENGTH_UNIT ( ) NAMED_UNIT ( * ) SI_UNIT ( .MILLI., .METRE. ) );
#1404 = FILL_AREA_STYLE ('',( #359 ) ) ;
#1405 = ADVANCED_FACE ( 'NONE', ( #4356 ), #2593, .F. ) ;
#1406 = SURFACE_SIDE_STYLE ('',( #1100 ) ) ;
#1407 = EDGE_LOOP ( 'NONE', ( #2972, #1008, #4463, #3825 ) ) ;
#1408 = CYLINDRICAL_SURFACE ( 'NONE', #834, 0.1999999999999999833 ) ;
#1409 = ORIENTED_EDGE ( 'NONE', *, *, #3795, .F. ) ;
#1410 = DIRECTION ( 'NONE',  ( 0.000000000000000000, 0.000000000000000000, 1.000000000000000000 ) ) ;
#1411 = ORIENTED_EDGE ( 'NONE', *, *, #3662, .F. ) ;
#1412 = EDGE_CURVE ( 'NONE', #3859, #912, #2811, .T. ) ;
#1413 = PRESENTATION_STYLE_ASSIGNMENT (( #764 ) ) ;
#1414 = EDGE_CURVE ( 'NONE', #2794, #2606, #3494, .T. ) ;
#1415 = UNCERTAINTY_MEASURE_WITH_UNIT (LENGTH_MEASURE( 1.000000000000000082E-05 ), #405, 'distance_accuracy_value', 'NONE');
#1416 =( LENGTH_UNIT ( ) NAMED_UNIT ( * ) SI_UNIT ( .MILLI., .METRE. ) );
#1417 = VERTEX_POINT ( 'NONE', #3402 ) ;
#1418 = SURFACE_SIDE_STYLE ('',( #3850 ) ) ;
#1419 = SURFACE_STYLE_USAGE ( .BOTH. , #993 ) ;
#1420 = VECTOR ( 'NONE', #1164, 1000.000000000000000 ) ;
#1421 =( GEOMETRIC_REPRESENTATION_CONTEXT ( 3 ) GLOBAL_UNCERTAINTY_ASSIGNED_CONTEXT ( ( #2706 ) ) GLOBAL_UNIT_ASSIGNED_CONTEXT ( ( #2651, #2739, #4137 ) ) REPRESENTATION_CONTEXT ( 'NONE', 'WORKASPACE' ) );
#1422 = SURFACE_SIDE_STYLE ('',( #2161 ) ) ;
#1423 = APPLICATION_PROTOCOL_DEFINITION ( 'draft international standard', 'automotive_design', 1998, #3897 ) ;
#1424 =( GEOMETRIC_REPRESENTATION_CONTEXT ( 3 ) GLOBAL_UNCERTAINTY_ASSIGNED_CONTEXT ( ( #4001 ) ) GLOBAL_UNIT_ASSIGNED_CONTEXT ( ( #3399, #149, #1248 ) ) REPRESENTATION_CONTEXT ( 'NONE', 'WORKASPACE' ) );
#1425 =( NAMED_UNIT ( * ) PLANE_ANGLE_UNIT ( ) SI_UNIT ( $, .RADIAN. ) );
#1426 = MECHANICAL_DESIGN_GEOMETRIC_PRESENTATION_REPRESENTATION (  '', ( #599 ), #2527 ) ;
#1427 = SURFACE_STYLE_USAGE ( .BOTH. , #2467 ) ;
#1428 = EDGE_LOOP ( 'NONE', ( #3744, #388, #1951, #1057 ) ) ;
#1429 = PLANE ( 'NONE',  #2206 ) ;
#1430 = MECHANICAL_DESIGN_GEOMETRIC_PRESENTATION_REPRESENTATION (  '', ( #2813 ), #1199 ) ;
#1431 =( GEOMETRIC_REPRESENTATION_CONTEXT ( 3 ) GLOBAL_UNCERTAINTY_ASSIGNED_CONTEXT ( ( #207 ) ) GLOBAL_UNIT_ASSIGNED_CONTEXT ( ( #4287, #453, #2638 ) ) REPRESENTATION_CONTEXT ( 'NONE', 'WORKASPACE' ) );
#1432 = AXIS2_PLACEMENT_3D ( 'NONE', #2509, #3901, #2556 ) ;
#1433 =( GEOMETRIC_REPRESENTATION_CONTEXT ( 3 ) GLOBAL_UNCERTAINTY_ASSIGNED_CONTEXT ( ( #4484 ) ) GLOBAL_UNIT_ASSIGNED_CONTEXT ( ( #3903, #15, #3884 ) ) REPRESENTATION_CONTEXT ( 'NONE', 'WORKASPACE' ) );
#1434 = CARTESIAN_POINT ( 'NONE',  ( -0.7500000000000000000, 0.1700000000000000122, 0.000000000000000000 ) ) ;
#1435 =( LENGTH_UNIT ( ) NAMED_UNIT ( * ) SI_UNIT ( .MILLI., .METRE. ) );
#1436 = PLANE ( 'NONE',  #2971 ) ;
#1437 = DIRECTION ( 'NONE',  ( 0.000000000000000000, 0.000000000000000000, -1.000000000000000000 ) ) ;
#1438 =( GEOMETRIC_REPRESENTATION_CONTEXT ( 3 ) GLOBAL_UNCERTAINTY_ASSIGNED_CONTEXT ( ( #4110 ) ) GLOBAL_UNIT_ASSIGNED_CONTEXT ( ( #2050, #4062, #4126 ) ) REPRESENTATION_CONTEXT ( 'NONE', 'WORKASPACE' ) );
#1439 = VERTEX_POINT ( 'NONE', #243 ) ;
#1440 = VECTOR ( 'NONE', #350, 1000.000000000000000 ) ;
#1441 = DIRECTION ( 'NONE',  ( -1.000000000000000000, 0.000000000000000000, 0.000000000000000000 ) ) ;
#1442 = EDGE_CURVE ( 'NONE', #886, #1481, #579, .T. ) ;
#1443 = VERTEX_POINT ( 'NONE', #3482 ) ;
#1444 = PRESENTATION_LAYER_ASSIGNMENT (  '', '', ( #1804 ) ) ;
#1445 = DIRECTION ( 'NONE',  ( 0.000000000000000000, 0.000000000000000000, 1.000000000000000000 ) ) ;
#1446 = CARTESIAN_POINT ( 'NONE',  ( 0.6999999999999999556, -0.01000000000000000021, 0.4000000000000000222 ) ) ;
#1447 =( NAMED_UNIT ( * ) PLANE_ANGLE_UNIT ( ) SI_UNIT ( $, .RADIAN. ) );
#1448 = EDGE_LOOP ( 'NONE', ( #1077, #3208, #2678, #3619 ) ) ;
#1449 = LINE ( 'NONE', #2585, #2104 ) ;
#1450 = DIRECTION ( 'NONE',  ( -0.000000000000000000, -1.000000000000000000, -0.000000000000000000 ) ) ;
#1451 = MECHANICAL_DESIGN_GEOMETRIC_PRESENTATION_REPRESENTATION (  '', ( #2759 ), #2030 ) ;
#1452 = SURFACE_SIDE_STYLE ('',( #2871 ) ) ;
#1453 = CARTESIAN_POINT ( 'NONE',  ( -0.5749999999999999556, 0.000000000000000000, -0.4000000000000001887 ) ) ;
#1454 = ORIENTED_EDGE ( 'NONE', *, *, #1317, .T. ) ;
#1455 = STYLED_ITEM ( 'NONE', ( #2312 ), #1087 ) ;
#1456 = STYLED_ITEM ( 'NONE', ( #2158 ), #1576 ) ;
#1457 = CLOSED_SHELL ( 'NONE', ( #2028, #110, #335, #1216 ) ) ;
#1458 = SURFACE_STYLE_USAGE ( .BOTH. , #1406 ) ;
#1459 = VERTEX_POINT ( 'NONE', #345 ) ;
#1460 =( NAMED_UNIT ( * ) SI_UNIT ( $, .STERADIAN. ) SOLID_ANGLE_UNIT ( ) );
#1461 = ORIENTED_EDGE ( 'NONE', *, *, #2749, .T. ) ;
#1462 = LINE ( 'NONE', #759, #3554 ) ;
#1463 = EDGE_LOOP ( 'NONE', ( #2686, #3933, #4491, #1560 ) ) ;
#1464 = VECTOR ( 'NONE', #1399, 1000.000000000000000 ) ;
#1465 = DIRECTION ( 'NONE',  ( 0.000000000000000000, 1.000000000000000000, -0.000000000000000000 ) ) ;
#1466 = VECTOR ( 'NONE', #4002, 1000.000000000000000 ) ;
#1467 = CIRCLE ( 'NONE', #4533, 0.2499999999999998890 ) ;
#1468 = EDGE_LOOP ( 'NONE', ( #1366, #3685, #2329, #3156 ) ) ;
#1469 = CARTESIAN_POINT ( 'NONE',  ( -0.6800000000000000488, -0.01000000000000000021, -0.4000000000000000222 ) ) ;
#1470 = EDGE_CURVE ( 'NONE', #4239, #100, #3163, .T. ) ;
#1471 = VECTOR ( 'NONE', #2367, 1000.000000000000000 ) ;
#1472 = DIRECTION ( 'NONE',  ( 0.000000000000000000, 0.000000000000000000, 1.000000000000000000 ) ) ;
#1473 = VECTOR ( 'NONE', #2724, 1000.000000000000000 ) ;
#1474 = PRESENTATION_STYLE_ASSIGNMENT (( #724 ) ) ;
#1475 = DIRECTION ( 'NONE',  ( 0.000000000000000000, 0.000000000000000000, 1.000000000000000000 ) ) ;
#1476 = DIRECTION ( 'NONE',  ( -0.000000000000000000, -0.000000000000000000, -1.000000000000000000 ) ) ;
#1477 = UNCERTAINTY_MEASURE_WITH_UNIT (LENGTH_MEASURE( 1.000000000000000082E-05 ), #1227, 'distance_accuracy_value', 'NONE');
#1478 = EDGE_LOOP ( 'NONE', ( #2621, #434, #2298, #3299, #771, #213, #3866, #675 ) ) ;
#1479 = SURFACE_STYLE_FILL_AREA ( #3545 ) ;
#1480 = LINE ( 'NONE', #2269, #2387 ) ;
#1481 = VERTEX_POINT ( 'NONE', #2660 ) ;
#1482 = ORIENTED_EDGE ( 'NONE', *, *, #219, .T. ) ;
#1483 = MECHANICAL_DESIGN_GEOMETRIC_PRESENTATION_REPRESENTATION (  '', ( #4177 ), #2874 ) ;
#1484 = SURFACE_STYLE_FILL_AREA ( #93 ) ;
#1485 = DIRECTION ( 'NONE',  ( 0.000000000000000000, 0.000000000000000000, -1.000000000000000000 ) ) ;
#1486 = CARTESIAN_POINT ( 'NONE',  ( 0.1700000000000001510, 0.1700000000000000122, 0.1000000000000000056 ) ) ;
#1487 = ORIENTED_EDGE ( 'NONE', *, *, #1663, .F. ) ;
#1488 = CARTESIAN_POINT ( 'NONE',  ( -0.02999999999999989134, 0.1700000000000000122, -0.1000000000000000056 ) ) ;
#1489 = DIRECTION ( 'NONE',  ( 0.000000000000000000, 0.000000000000000000, -1.000000000000000000 ) ) ;
#1490 = DIRECTION ( 'NONE',  ( 0.000000000000000000, -1.000000000000000000, 0.000000000000000000 ) ) ;
#1491 = PRESENTATION_LAYER_ASSIGNMENT (  '', '', ( #3471 ) ) ;
#1492 = EDGE_CURVE ( 'NONE', #1417, #4139, #193, .T. ) ;
#1493 = LINE ( 'NONE', #492, #3062 ) ;
#1494 = PRODUCT_RELATED_PRODUCT_CATEGORY ( 'part', '', ( #2184 ) ) ;
#1495 = CARTESIAN_POINT ( 'NONE',  ( -0.7500000000000000000, 0.1700000000000000122, 0.3499999999999999778 ) ) ;
#1496 = CARTESIAN_POINT ( 'NONE',  ( 0.5999999999999999778, -0.01000000000000000021, -0.4000000000000000222 ) ) ;
#1497 = ADVANCED_FACE ( 'NONE', ( #324 ), #2001, .F. ) ;
#1498 = SURFACE_SIDE_STYLE ('',( #1102 ) ) ;
#1499 = ADVANCED_FACE ( 'NONE', ( #4447 ), #2786, .F. ) ;
#1500 = PLANE ( 'NONE',  #2944 ) ;
#1501 =( LENGTH_UNIT ( ) NAMED_UNIT ( * ) SI_UNIT ( .MILLI., .METRE. ) );
#1502 = CARTESIAN_POINT ( 'NONE',  ( 0.8000000000000000444, -0.01000000000000000021, -0.1499999999999999944 ) ) ;
#1503 = ORIENTED_EDGE ( 'NONE', *, *, #3355, .F. ) ;
#1504 = STYLED_ITEM ( 'NONE', ( #3737 ), #3211 ) ;
#1505 = FILL_AREA_STYLE ('',( #2202 ) ) ;
#1506 = VERTEX_POINT ( 'NONE', #2455 ) ;
#1507 = ADVANCED_FACE ( 'NONE', ( #3485 ), #4486, .F. ) ;
#1508 = MECHANICAL_DESIGN_GEOMETRIC_PRESENTATION_REPRESENTATION (  '', ( #1644 ), #969 ) ;
#1509 =( GEOMETRIC_REPRESENTATION_CONTEXT ( 3 ) GLOBAL_UNCERTAINTY_ASSIGNED_CONTEXT ( ( #1575 ) ) GLOBAL_UNIT_ASSIGNED_CONTEXT ( ( #2119, #2403, #2800 ) ) REPRESENTATION_CONTEXT ( 'NONE', 'WORKASPACE' ) );
#1510 = PRESENTATION_LAYER_ASSIGNMENT (  '', '', ( #171 ) ) ;
#1511 = FILL_AREA_STYLE ('',( #95 ) ) ;
#1512 = DIRECTION ( 'NONE',  ( -0.05226442768871396999, 0.9972646886342372285, 0.05226442768871396999 ) ) ;
#1513 = ORIENTED_EDGE ( 'NONE', *, *, #4271, .F. ) ;
#1514 = FACE_OUTER_BOUND ( 'NONE', #3611, .T. ) ;
#1515 = DIRECTION ( 'NONE',  ( -0.000000000000000000, -0.000000000000000000, -1.000000000000000000 ) ) ;
#1516 = LINE ( 'NONE', #3505, #1440 ) ;
#1517 =( BOUNDED_CURVE ( )  B_SPLINE_CURVE ( 3, ( #2530, #3926, #775, #4283 ),
 .UNSPECIFIED., .F., .F. ) 
 B_SPLINE_CURVE_WITH_KNOTS ( ( 4, 4 ),
 ( 3.141592653589792228, 4.660029102824857716 ),
 .UNSPECIFIED. ) 
 CURVE ( )  GEOMETRIC_REPRESENTATION_ITEM ( )  RATIONAL_B_SPLINE_CURVE ( ( 1.000000000000000000, 0.8169162473415252368, 0.8169162473415252368, 1.000000000000000000 ) ) 
 REPRESENTATION_ITEM ( '' )  );
#1518 = DIRECTION ( 'NONE',  ( 0.000000000000000000, 0.000000000000000000, -1.000000000000000000 ) ) ;
#1519 = PRESENTATION_STYLE_ASSIGNMENT (( #517 ) ) ;
#1520 = DIRECTION ( 'NONE',  ( -1.000000000000000000, -0.000000000000000000, -0.000000000000000000 ) ) ;
#1521 = SURFACE_SIDE_STYLE ('',( #1145 ) ) ;
#1522 = AXIS2_PLACEMENT_3D ( 'NONE', #172, #3584, #3265 ) ;
#1523 = EDGE_CURVE ( 'NONE', #325, #3376, #3095, .T. ) ;
#1524 = DIRECTION ( 'NONE',  ( 1.000000000000000000, 0.000000000000000000, 0.000000000000000000 ) ) ;
#1525 = SURFACE_SIDE_STYLE ('',( #85 ) ) ;
#1526 = AXIS2_PLACEMENT_3D ( 'NONE', #3215, #1163, #101 ) ;
#1527 = DIRECTION ( 'NONE',  ( -1.000000000000000000, 0.000000000000000000, 0.000000000000000000 ) ) ;
#1528 = ORIENTED_EDGE ( 'NONE', *, *, #4253, .F. ) ;
#1529 = EDGE_CURVE ( 'NONE', #3829, #2259, #2746, .T. ) ;
#1530 = ORIENTED_EDGE ( 'NONE', *, *, #2347, .F. ) ;
#1531 = ADVANCED_FACE ( 'NONE', ( #638 ), #719, .F. ) ;
#1532 = PLANE ( 'NONE',  #485 ) ;
#1533 = DIRECTION ( 'NONE',  ( 0.000000000000000000, -1.000000000000000000, 0.000000000000000000 ) ) ;
#1534 = UNCERTAINTY_MEASURE_WITH_UNIT (LENGTH_MEASURE( 1.000000000000000082E-05 ), #3480, 'distance_accuracy_value', 'NONE');
#1535 = FILL_AREA_STYLE ('',( #1602 ) ) ;
#1536 = ORIENTED_EDGE ( 'NONE', *, *, #889, .T. ) ;
#1537 = PLANE ( 'NONE',  #2884 ) ;
#1538 = CYLINDRICAL_SURFACE ( 'NONE', #3429, 0.2499999999999999445 ) ;
#1539 = CARTESIAN_POINT ( 'NONE',  ( -0.8000000000000000444, 0.1600000000000000033, 0.000000000000000000 ) ) ;
#1540 = ORIENTED_EDGE ( 'NONE', *, *, #2988, .F. ) ;
#1541 = COLOUR_RGB ( '',0.000000000000000000, 0.5019607843137254832, 0.000000000000000000 ) ;
#1542 = CARTESIAN_POINT ( 'NONE',  ( -0.02999999999999986705, 0.1600000000000000033, 0.1000000000000000194 ) ) ;
#1543 = DIRECTION ( 'NONE',  ( 5.583641188300348466E-14, 0.000000000000000000, 1.000000000000000000 ) ) ;
#1544 = VECTOR ( 'NONE', #859, 1000.000000000000000 ) ;
#1545 = FACE_OUTER_BOUND ( 'NONE', #1307, .T. ) ;
#1546 = PLANE ( 'NONE',  #1146 ) ;
#1547 = DIRECTION ( 'NONE',  ( -0.000000000000000000, 1.000000000000000000, 0.000000000000000000 ) ) ;
#1548 = SURFACE_STYLE_FILL_AREA ( #132 ) ;
#1549 = FILL_AREA_STYLE_COLOUR ( '', #240 ) ;
#1550 = STYLED_ITEM ( 'NONE', ( #3878 ), #1976 ) ;
#1551 = EDGE_LOOP ( 'NONE', ( #1824, #3142, #637, #3252 ) ) ;
#1552 = SURFACE_STYLE_FILL_AREA ( #2337 ) ;
#1553 = VERTEX_POINT ( 'NONE', #3557 ) ;
#1554 = PRESENTATION_LAYER_ASSIGNMENT (  '', '', ( #3529 ) ) ;
#1555 = FACE_OUTER_BOUND ( 'NONE', #1232, .T. ) ;
#1556 =( NAMED_UNIT ( * ) SI_UNIT ( $, .STERADIAN. ) SOLID_ANGLE_UNIT ( ) );
#1557 = UNCERTAINTY_MEASURE_WITH_UNIT (LENGTH_MEASURE( 1.000000000000000082E-05 ), #423, 'distance_accuracy_value', 'NONE');
#1558 = LINE ( 'NONE', #3691, #4458 ) ;
#1559 = EDGE_CURVE ( 'NONE', #2606, #886, #1449, .T. ) ;
#1560 = ORIENTED_EDGE ( 'NONE', *, *, #1442, .F. ) ;
#1561 = DIRECTION ( 'NONE',  ( -0.000000000000000000, 1.000000000000000000, -0.000000000000000000 ) ) ;
#1562 = EDGE_CURVE ( 'NONE', #1443, #1917, #2524, .T. ) ;
#1563 =( NAMED_UNIT ( * ) SI_UNIT ( $, .STERADIAN. ) SOLID_ANGLE_UNIT ( ) );
#1564 = DIRECTION ( 'NONE',  ( -0.000000000000000000, 0.000000000000000000, 1.000000000000000000 ) ) ;
#1565 = DIRECTION ( 'NONE',  ( 0.000000000000000000, 0.000000000000000000, 1.000000000000000000 ) ) ;
#1566 = COLOUR_RGB ( '',1.000000000000000000, 1.000000000000000000, 1.000000000000000000 ) ;
#1567 = LINE ( 'NONE', #1187, #1766 ) ;
#1568 = FACE_OUTER_BOUND ( 'NONE', #296, .T. ) ;
#1569 = ORIENTED_EDGE ( 'NONE', *, *, #360, .T. ) ;
#1570 = COLOUR_RGB ( '',1.000000000000000000, 1.000000000000000000, 1.000000000000000000 ) ;
#1571 = UNCERTAINTY_MEASURE_WITH_UNIT (LENGTH_MEASURE( 1.000000000000000082E-05 ), #2917, 'distance_accuracy_value', 'NONE');
#1572 =( NAMED_UNIT ( * ) SI_UNIT ( $, .STERADIAN. ) SOLID_ANGLE_UNIT ( ) );
#1573 = DIRECTION ( 'NONE',  ( 0.000000000000000000, -1.000000000000000000, 0.000000000000000000 ) ) ;
#1574 = STYLED_ITEM ( 'NONE', ( #416 ), #3469 ) ;
#1575 = UNCERTAINTY_MEASURE_WITH_UNIT (LENGTH_MEASURE( 1.000000000000000082E-05 ), #2119, 'distance_accuracy_value', 'NONE');
#1576 = ADVANCED_FACE ( 'NONE', ( #1514 ), #1538, .F. ) ;
#1577 = COLOUR_RGB ( '',0.7921568627450980005, 0.8196078431372548767, 0.9333333333333333481 ) ;
#1578 = CARTESIAN_POINT ( 'NONE',  ( 0.7500000000000000000, 0.1700000000000000122, 0.000000000000000000 ) ) ;
#1579 = SURFACE_STYLE_FILL_AREA ( #1535 ) ;
#1580 = COLOUR_RGB ( '',0.9686274509803921573, 0.8784313725490195957, 0.5999999999999999778 ) ;
#1581 =( GEOMETRIC_REPRESENTATION_CONTEXT ( 3 ) GLOBAL_UNCERTAINTY_ASSIGNED_CONTEXT ( ( #1899 ) ) GLOBAL_UNIT_ASSIGNED_CONTEXT ( ( #3853, #8, #1765 ) ) REPRESENTATION_CONTEXT ( 'NONE', 'WORKASPACE' ) );
#1582 = VECTOR ( 'NONE', #2876, 1000.000000000000000 ) ;
#1583 = ORIENTED_EDGE ( 'NONE', *, *, #2805, .T. ) ;
#1584 = SURFACE_SIDE_STYLE ('',( #2886 ) ) ;
#1585 = SURFACE_STYLE_FILL_AREA ( #2012 ) ;
#1586 = AXIS2_PLACEMENT_3D ( 'NONE', #704, #1324, #1045 ) ;
#1587 = PRESENTATION_LAYER_ASSIGNMENT (  '', '', ( #3563 ) ) ;
#1588 = PRESENTATION_LAYER_ASSIGNMENT (  '', '', ( #1949 ) ) ;
#1589 = EDGE_CURVE ( 'NONE', #2830, #1219, #336, .T. ) ;
#1590 = PLANE ( 'NONE',  #1725 ) ;
#1591 = ORIENTED_EDGE ( 'NONE', *, *, #4258, .F. ) ;
#1592 = FILL_AREA_STYLE ('',( #4300 ) ) ;
#1593 = FILL_AREA_STYLE ('',( #3333 ) ) ;
#1594 = SURFACE_STYLE_USAGE ( .BOTH. , #1249 ) ;
#1595 = DIRECTION ( 'NONE',  ( -0.000000000000000000, 1.000000000000000000, -0.000000000000000000 ) ) ;
#1596 = DIRECTION ( 'NONE',  ( 1.000000000000000000, 0.000000000000000000, -0.000000000000000000 ) ) ;
#1597 = VERTEX_POINT ( 'NONE', #546 ) ;
#1598 = EDGE_LOOP ( 'NONE', ( #2734, #1528, #3278, #208, #3082, #372, #2441, #931 ) ) ;
#1599 = COLOUR_RGB ( '',0.000000000000000000, 0.5019607843137254832, 0.000000000000000000 ) ;
#1600 = PRESENTATION_STYLE_ASSIGNMENT (( #183 ) ) ;
#1601 = CARTESIAN_POINT ( 'NONE',  ( 0.8000000000000000444, -0.01000000000000000021, -0.2000000000000000111 ) ) ;
#1602 = FILL_AREA_STYLE_COLOUR ( '', #869 ) ;
#1603 = ORIENTED_EDGE ( 'NONE', *, *, #899, .F. ) ;
#1604 = CARTESIAN_POINT ( 'NONE',  ( 0.8000000000000000444, 0.1600000000000000033, 0.000000000000000000 ) ) ;
#1605 = LINE ( 'NONE', #2676, #1390 ) ;
#1606 = UNCERTAINTY_MEASURE_WITH_UNIT (LENGTH_MEASURE( 1.000000000000000082E-05 ), #1165, 'distance_accuracy_value', 'NONE');
#1607 = ORIENTED_EDGE ( 'NONE', *, *, #2703, .T. ) ;
#1608 =( LENGTH_UNIT ( ) NAMED_UNIT ( * ) SI_UNIT ( .MILLI., .METRE. ) );
#1609 = ADVANCED_FACE ( 'NONE', ( #54 ), #3581, .F. ) ;
#1610 = EDGE_CURVE ( 'NONE', #1924, #3075, #1138, .T. ) ;
#1611 = VECTOR ( 'NONE', #4337, 1000.000000000000000 ) ;
#1612 = SURFACE_SIDE_STYLE ('',( #3141 ) ) ;
#1613 = AXIS2_PLACEMENT_3D ( 'NONE', #2646, #158, #4044 ) ;
#1614 = FACE_OUTER_BOUND ( 'NONE', #2516, .T. ) ;
#1615 = SURFACE_STYLE_FILL_AREA ( #244 ) ;
#1616 = DIRECTION ( 'NONE',  ( 0.000000000000000000, 0.000000000000000000, -1.000000000000000000 ) ) ;
#1617 = ORIENTED_EDGE ( 'NONE', *, *, #2342, .T. ) ;
#1618 = VERTEX_POINT ( 'NONE', #3600 ) ;
#1619 = COLOUR_RGB ( '',0.9686274509803921573, 0.8784313725490195957, 0.5999999999999999778 ) ;
#1620 = PLANE ( 'NONE',  #2406 ) ;
#1621 = FILL_AREA_STYLE ('',( #201 ) ) ;
#1622 = CARTESIAN_POINT ( 'NONE',  ( 0.3500000000000000333, 0.1700000000000000122, 0.3499999999999999778 ) ) ;
#1623 = LINE ( 'NONE', #3733, #1544 ) ;
#1624 = MECHANICAL_DESIGN_GEOMETRIC_PRESENTATION_REPRESENTATION (  '', ( #2780 ), #3807 ) ;
#1625 =( NAMED_UNIT ( * ) SI_UNIT ( $, .STERADIAN. ) SOLID_ANGLE_UNIT ( ) );
#1626 = ORIENTED_EDGE ( 'NONE', *, *, #1559, .T. ) ;
#1627 = CARTESIAN_POINT ( 'NONE',  ( 0.7500000000000000000, 0.000000000000000000, -0.4000000000000000222 ) ) ;
#1628 = PLANE ( 'NONE',  #3885 ) ;
#1629 = PRESENTATION_STYLE_ASSIGNMENT (( #2371 ) ) ;
#1630 = VECTOR ( 'NONE', #2054, 1000.000000000000000 ) ;
#1631 = ORIENTED_EDGE ( 'NONE', *, *, #2144, .T. ) ;
#1632 = EDGE_CURVE ( 'NONE', #2857, #1684, #3620, .T. ) ;
#1633 = FILL_AREA_STYLE ('',( #2662 ) ) ;
#1634 = FILL_AREA_STYLE_COLOUR ( '', #3414 ) ;
#1635 =( LENGTH_UNIT ( ) NAMED_UNIT ( * ) SI_UNIT ( .MILLI., .METRE. ) );
#1636 = ORIENTED_EDGE ( 'NONE', *, *, #3006, .F. ) ;
#1637 = EDGE_CURVE ( 'NONE', #4485, #877, #3431, .T. ) ;
#1638 = SURFACE_STYLE_FILL_AREA ( #227 ) ;
#1639 = VECTOR ( 'NONE', #1674, 1000.000000000000000 ) ;
#1640 = SURFACE_STYLE_FILL_AREA ( #2049 ) ;
#1641 = CARTESIAN_POINT ( 'NONE',  ( 0.1700000000000001510, 0.1700000000000000122, -0.1000000000000000056 ) ) ;
#1642 = LINE ( 'NONE', #2295, #1236 ) ;
#1643 = UNCERTAINTY_MEASURE_WITH_UNIT (LENGTH_MEASURE( 1.000000000000000082E-05 ), #1501, 'distance_accuracy_value', 'NONE');
#1644 = STYLED_ITEM ( 'NONE', ( #1857 ), #3547 ) ;
#1645 = LINE ( 'NONE', #3047, #964 ) ;
#1646 =( NAMED_UNIT ( * ) SI_UNIT ( $, .STERADIAN. ) SOLID_ANGLE_UNIT ( ) );
#1647 = MECHANICAL_DESIGN_GEOMETRIC_PRESENTATION_REPRESENTATION (  '', ( #2164 ), #2083 ) ;
#1648 =( GEOMETRIC_REPRESENTATION_CONTEXT ( 3 ) GLOBAL_UNCERTAINTY_ASSIGNED_CONTEXT ( ( #832 ) ) GLOBAL_UNIT_ASSIGNED_CONTEXT ( ( #1654, #2767, #1296 ) ) REPRESENTATION_CONTEXT ( 'NONE', 'WORKASPACE' ) );
#1649 = VECTOR ( 'NONE', #2145, 1000.000000000000000 ) ;
#1650 = MECHANICAL_DESIGN_GEOMETRIC_PRESENTATION_REPRESENTATION (  '', ( #3631 ), #1204 ) ;
#1651 = STYLED_ITEM ( 'NONE', ( #628 ), #2653 ) ;
#1652 = ORIENTED_EDGE ( 'NONE', *, *, #3940, .T. ) ;
#1653 = CARTESIAN_POINT ( 'NONE',  ( 0.5749999999999999556, 0.000000000000000000, -0.4000000000000000222 ) ) ;
#1654 =( LENGTH_UNIT ( ) NAMED_UNIT ( * ) SI_UNIT ( .MILLI., .METRE. ) );
#1655 = VECTOR ( 'NONE', #4255, 1000.000000000000000 ) ;
#1656 = UNCERTAINTY_MEASURE_WITH_UNIT (LENGTH_MEASURE( 1.000000000000000082E-05 ), #4004, 'distance_accuracy_value', 'NONE');
#1657 = DIRECTION ( 'NONE',  ( -1.000000000000000000, 0.000000000000000000, 0.000000000000000000 ) ) ;
#1658 =( NAMED_UNIT ( * ) PLANE_ANGLE_UNIT ( ) SI_UNIT ( $, .RADIAN. ) );
#1659 = DIRECTION ( 'NONE',  ( -0.000000000000000000, -1.000000000000000000, -0.000000000000000000 ) ) ;
#1660 = PRESENTATION_STYLE_ASSIGNMENT (( #2594 ) ) ;
#1661 = ORIENTED_EDGE ( 'NONE', *, *, #3122, .T. ) ;
#1662 = ORIENTED_EDGE ( 'NONE', *, *, #4253, .T. ) ;
#1663 = EDGE_CURVE ( 'NONE', #1699, #1239, #608, .T. ) ;
#1664 =( NAMED_UNIT ( * ) SI_UNIT ( $, .STERADIAN. ) SOLID_ANGLE_UNIT ( ) );
#1665 =( LENGTH_UNIT ( ) NAMED_UNIT ( * ) SI_UNIT ( .MILLI., .METRE. ) );
#1666 = DIRECTION ( 'NONE',  ( -1.000000000000000000, 0.000000000000000000, 0.000000000000000000 ) ) ;
#1667 = EDGE_CURVE ( 'NONE', #3214, #267, #4497, .T. ) ;
#1668 = LINE ( 'NONE', #883, #1823 ) ;
#1669 = DIRECTION ( 'NONE',  ( -0.000000000000000000, 1.000000000000000000, -0.000000000000000000 ) ) ;
#1670 = PRESENTATION_LAYER_ASSIGNMENT (  '', '', ( #1885 ) ) ;
#1671 = PRESENTATION_STYLE_ASSIGNMENT (( #1031 ) ) ;
#1672 = PRESENTATION_STYLE_ASSIGNMENT (( #1969 ) ) ;
#1673 = STYLED_ITEM ( 'NONE', ( #2567 ), #1609 ) ;
#1674 = DIRECTION ( 'NONE',  ( 0.000000000000000000, 0.000000000000000000, 1.000000000000000000 ) ) ;
#1675 = SURFACE_SIDE_STYLE ('',( #1337 ) ) ;
#1676 = ORIENTED_EDGE ( 'NONE', *, *, #2380, .F. ) ;
#1677 = DIRECTION ( 'NONE',  ( 0.000000000000000000, 0.000000000000000000, 1.000000000000000000 ) ) ;
#1678 =( NAMED_UNIT ( * ) SI_UNIT ( $, .STERADIAN. ) SOLID_ANGLE_UNIT ( ) );
#1679 =( NAMED_UNIT ( * ) SI_UNIT ( $, .STERADIAN. ) SOLID_ANGLE_UNIT ( ) );
#1680 = CIRCLE ( 'NONE', #2278, 0.2000000000000000111 ) ;
#1681 = FILL_AREA_STYLE_COLOUR ( '', #1101 ) ;
#1682 = FILL_AREA_STYLE_COLOUR ( '', #107 ) ;
#1683 = PRESENTATION_LAYER_ASSIGNMENT (  '', '', ( #4384 ) ) ;
#1684 = VERTEX_POINT ( 'NONE', #1259 ) ;
#1685 = DIRECTION ( 'NONE',  ( 0.000000000000000000, -0.000000000000000000, -1.000000000000000000 ) ) ;
#1686 = AXIS2_PLACEMENT_3D ( 'NONE', #3324, #4411, #2365 ) ;
#1687 = DIRECTION ( 'NONE',  ( -0.000000000000000000, 1.000000000000000000, -0.000000000000000000 ) ) ;
#1688 = SURFACE_SIDE_STYLE ('',( #3014 ) ) ;
#1689 = CARTESIAN_POINT ( 'NONE',  ( -0.8000000000000000444, -0.01000000000000000021, -0.4000000000000000222 ) ) ;
#1690 = ORIENTED_EDGE ( 'NONE', *, *, #2190, .T. ) ;
#1691 = FILL_AREA_STYLE ('',( #295 ) ) ;
#1692 = EDGE_LOOP ( 'NONE', ( #3443, #3862, #1194, #235 ) ) ;
#1693 = EDGE_CURVE ( 'NONE', #2070, #4239, #293, .T. ) ;
#1694 = LINE ( 'NONE', #2011, #4194 ) ;
#1695 = SURFACE_STYLE_USAGE ( .BOTH. , #1335 ) ;
#1696 =( GEOMETRIC_REPRESENTATION_CONTEXT ( 3 ) GLOBAL_UNCERTAINTY_ASSIGNED_CONTEXT ( ( #3020 ) ) GLOBAL_UNIT_ASSIGNED_CONTEXT ( ( #382, #822, #2221 ) ) REPRESENTATION_CONTEXT ( 'NONE', 'WORKASPACE' ) );
#1697 = UNCERTAINTY_MEASURE_WITH_UNIT (LENGTH_MEASURE( 1.000000000000000082E-05 ), #1781, 'distance_accuracy_value', 'NONE');
#1698 = STYLED_ITEM ( 'NONE', ( #2022 ), #2079 ) ;
#1699 = VERTEX_POINT ( 'NONE', #3389 ) ;
#1700 = CARTESIAN_POINT ( 'NONE',  ( -0.02999999999999986705, 0.1700000000000000122, 0.1000000000000000194 ) ) ;
#1701 =( LENGTH_UNIT ( ) NAMED_UNIT ( * ) SI_UNIT ( .MILLI., .METRE. ) );
#1702 = ADVANCED_FACE ( 'NONE', ( #3767 ), #2417, .T. ) ;
#1703 = VECTOR ( 'NONE', #2464, 1000.000000000000000 ) ;
#1704 = DIRECTION ( 'NONE',  ( -1.000000000000000000, 0.000000000000000000, 0.000000000000000000 ) ) ;
#1705 = FILL_AREA_STYLE ('',( #2377 ) ) ;
#1706 = SURFACE_SIDE_STYLE ('',( #2041 ) ) ;
#1707 = DIRECTION ( 'NONE',  ( 0.000000000000000000, 1.000000000000000000, -0.000000000000000000 ) ) ;
#1708 = ADVANCED_FACE ( 'NONE', ( #1281 ), #941, .T. ) ;
#1709 =( LENGTH_UNIT ( ) NAMED_UNIT ( * ) SI_UNIT ( .MILLI., .METRE. ) );
#1710 = FACE_OUTER_BOUND ( 'NONE', #891, .T. ) ;
#1711 = DIRECTION ( 'NONE',  ( -0.000000000000000000, -1.000000000000000000, -0.000000000000000000 ) ) ;
#1712 = LINE ( 'NONE', #683, #1053 ) ;
#1713 = FACE_OUTER_BOUND ( 'NONE', #422, .T. ) ;
#1714 = ORIENTED_EDGE ( 'NONE', *, *, #3655, .T. ) ;
#1715 = DIRECTION ( 'NONE',  ( -6.776263578034403945E-17, 0.000000000000000000, -1.000000000000000000 ) ) ;
#1716 = PRESENTATION_LAYER_ASSIGNMENT (  '', '', ( #3696 ) ) ;
#1717 = DIRECTION ( 'NONE',  ( 0.000000000000000000, 0.000000000000000000, 1.000000000000000000 ) ) ;
#1718 = COLOUR_RGB ( '',0.9686274509803921573, 0.8784313725490195957, 0.5999999999999999778 ) ;
#1719 = EDGE_LOOP ( 'NONE', ( #1218, #513, #16, #3503 ) ) ;
#1720 = FILL_AREA_STYLE ('',( #3143 ) ) ;
#1721 = CARTESIAN_POINT ( 'NONE',  ( 0.000000000000000000, 0.1600000000000000033, 0.4000000000000000222 ) ) ;
#1722 = EDGE_CURVE ( 'NONE', #521, #2753, #30, .T. ) ;
#1723 = COLOUR_RGB ( '',0.7921568627450980005, 0.8196078431372548767, 0.9333333333333333481 ) ;
#1724 =( LENGTH_UNIT ( ) NAMED_UNIT ( * ) SI_UNIT ( .MILLI., .METRE. ) );
#1725 = AXIS2_PLACEMENT_3D ( 'NONE', #3965, #909, #4345 ) ;
#1726 = SURFACE_SIDE_STYLE ('',( #2431 ) ) ;
#1727 = DIRECTION ( 'NONE',  ( 0.000000000000000000, -0.000000000000000000, -1.000000000000000000 ) ) ;
#1728 = LINE ( 'NONE', #4162, #3703 ) ;
#1729 = PRESENTATION_STYLE_ASSIGNMENT (( #2468 ) ) ;
#1730 = ORIENTED_EDGE ( 'NONE', *, *, #3602, .F. ) ;
#1731 = STYLED_ITEM ( 'NONE', ( #3449 ), #3063 ) ;
#1732 = AXIS2_PLACEMENT_3D ( 'NONE', #1305, #2715, #2027 ) ;
#1733 = SURFACE_SIDE_STYLE ('',( #4192 ) ) ;
#1734 = CARTESIAN_POINT ( 'NONE',  ( 0.000000000000000000, 0.000000000000000000, 0.000000000000000000 ) ) ;
#1735 = SURFACE_STYLE_FILL_AREA ( #2048 ) ;
#1736 = DIRECTION ( 'NONE',  ( 1.000000000000000000, -0.000000000000000000, 0.000000000000000000 ) ) ;
#1737 = CARTESIAN_POINT ( 'NONE',  ( -0.02999999999999989134, 0.1600000000000000033, -0.1000000000000000056 ) ) ;
#1738 = VERTEX_POINT ( 'NONE', #682 ) ;
#1739 = FILL_AREA_STYLE_COLOUR ( '', #2214 ) ;
#1740 = AXIS2_PLACEMENT_3D ( 'NONE', #3875, #1394, #4140 ) ;
#1741 = FILL_AREA_STYLE_COLOUR ( '', #1541 ) ;
#1742 = FILL_AREA_STYLE ('',( #4425 ) ) ;
#1743 = VERTEX_POINT ( 'NONE', #3203 ) ;
#1744 =( NAMED_UNIT ( * ) PLANE_ANGLE_UNIT ( ) SI_UNIT ( $, .RADIAN. ) );
#1745 = DIRECTION ( 'NONE',  ( 0.000000000000000000, 0.000000000000000000, -1.000000000000000000 ) ) ;
#1746 =( NAMED_UNIT ( * ) SI_UNIT ( $, .STERADIAN. ) SOLID_ANGLE_UNIT ( ) );
#1747 = PLANE ( 'NONE',  #3089 ) ;
#1748 = EDGE_CURVE ( 'NONE', #2606, #3397, #1773, .T. ) ;
#1749 =( NAMED_UNIT ( * ) PLANE_ANGLE_UNIT ( ) SI_UNIT ( $, .RADIAN. ) );
#1750 = LINE ( 'NONE', #2089, #2975 ) ;
#1751 = ORIENTED_EDGE ( 'NONE', *, *, #4040, .F. ) ;
#1752 = DIRECTION ( 'NONE',  ( 0.000000000000000000, 0.000000000000000000, 1.000000000000000000 ) ) ;
#1753 = PLANE ( 'NONE',  #175 ) ;
#1754 = ORIENTED_EDGE ( 'NONE', *, *, #192, .F. ) ;
#1755 =( NAMED_UNIT ( * ) SI_UNIT ( $, .STERADIAN. ) SOLID_ANGLE_UNIT ( ) );
#1756 = SURFACE_STYLE_USAGE ( .BOTH. , #1774 ) ;
#1757 = ORIENTED_EDGE ( 'NONE', *, *, #2325, .T. ) ;
#1758 = LINE ( 'NONE', #2121, #4343 ) ;
#1759 = ORIENTED_EDGE ( 'NONE', *, *, #2322, .T. ) ;
#1760 = VECTOR ( 'NONE', #902, 1000.000000000000000 ) ;
#1761 = PRODUCT_DEFINITION_FORMATION_WITH_SPECIFIED_SOURCE ( 'ANY', '', #2184, .NOT_KNOWN. ) ;
#1762 = VERTEX_POINT ( 'NONE', #2775 ) ;
#1763 = CARTESIAN_POINT ( 'NONE',  ( 0.5999999999999999778, 0.000000000000000000, 0.4000000000000000222 ) ) ;
#1764 = FILL_AREA_STYLE_COLOUR ( '', #2236 ) ;
#1765 =( NAMED_UNIT ( * ) SI_UNIT ( $, .STERADIAN. ) SOLID_ANGLE_UNIT ( ) );
#1766 = VECTOR ( 'NONE', #873, 1000.000000000000000 ) ;
#1767 =( LENGTH_UNIT ( ) NAMED_UNIT ( * ) SI_UNIT ( .MILLI., .METRE. ) );
#1768 = SURFACE_STYLE_USAGE ( .BOTH. , #2087 ) ;
#1769 =( LENGTH_UNIT ( ) NAMED_UNIT ( * ) SI_UNIT ( .MILLI., .METRE. ) );
#1770 = LINE ( 'NONE', #308, #4431 ) ;
#1771 = EDGE_LOOP ( 'NONE', ( #1181, #1103, #3248, #2508 ) ) ;
#1772 = DIRECTION ( 'NONE',  ( -0.000000000000000000, -1.000000000000000000, 0.000000000000000000 ) ) ;
#1773 = LINE ( 'NONE', #732, #397 ) ;
#1774 = SURFACE_SIDE_STYLE ('',( #1054 ) ) ;
#1775 = EDGE_LOOP ( 'NONE', ( #3715, #3983, #3810, #991 ) ) ;
#1776 = CARTESIAN_POINT ( 'NONE',  ( 0.7500000000000000000, 0.000000000000000000, 0.4000000000000000222 ) ) ;
#1777 = ORIENTED_EDGE ( 'NONE', *, *, #2314, .T. ) ;
#1778 =( NAMED_UNIT ( * ) SI_UNIT ( $, .STERADIAN. ) SOLID_ANGLE_UNIT ( ) );
#1779 = DIRECTION ( 'NONE',  ( -1.581128168208027217E-16, -0.000000000000000000, -1.000000000000000000 ) ) ;
#1780 = CARTESIAN_POINT ( 'NONE',  ( 0.8000000000000000444, 0.000000000000000000, 0.000000000000000000 ) ) ;
#1781 =( LENGTH_UNIT ( ) NAMED_UNIT ( * ) SI_UNIT ( .MILLI., .METRE. ) );
#1782 = ORIENTED_EDGE ( 'NONE', *, *, #1972, .F. ) ;
#1783 = CARTESIAN_POINT ( 'NONE',  ( -0.5154979824291564539, -0.1800000000000000211, 0.000000000000000000 ) ) ;
#1784 = CIRCLE ( 'NONE', #4339, 0.1499999999999999944 ) ;
#1785 = SURFACE_STYLE_FILL_AREA ( #283 ) ;
#1786 =( GEOMETRIC_REPRESENTATION_CONTEXT ( 3 ) GLOBAL_UNCERTAINTY_ASSIGNED_CONTEXT ( ( #2271 ) ) GLOBAL_UNIT_ASSIGNED_CONTEXT ( ( #3974, #827, #3300 ) ) REPRESENTATION_CONTEXT ( 'NONE', 'WORKASPACE' ) );
#1787 = LINE ( 'NONE', #1166, #1655 ) ;
#1788 = ORIENTED_EDGE ( 'NONE', *, *, #2694, .F. ) ;
#1789 =( NAMED_UNIT ( * ) PLANE_ANGLE_UNIT ( ) SI_UNIT ( $, .RADIAN. ) );
#1790 = SURFACE_STYLE_FILL_AREA ( #1404 ) ;
#1791 = PRESENTATION_LAYER_ASSIGNMENT (  '', '', ( #167 ) ) ;
#1792 = STYLED_ITEM ( 'NONE', ( #679 ), #1216 ) ;
#1793 = CARTESIAN_POINT ( 'NONE',  ( -0.7500000000000000000, 0.1700000000000000122, -0.3499999999999999778 ) ) ;
#1794 = FILL_AREA_STYLE ('',( #1122 ) ) ;
#1795 = VERTEX_POINT ( 'NONE', #2439 ) ;
#1796 = PRESENTATION_LAYER_ASSIGNMENT (  '', '', ( #29 ) ) ;
#1797 = FILL_AREA_STYLE_COLOUR ( '', #3121 ) ;
#1798 = CARTESIAN_POINT ( 'NONE',  ( 0.7949999999999999289, 0.1700000000000000122, 0.000000000000000000 ) ) ;
#1799 = COLOUR_RGB ( '',0.9686274509803921573, 0.8784313725490195957, 0.5999999999999999778 ) ;
#1800 = ORIENTED_EDGE ( 'NONE', *, *, #1722, .F. ) ;
#1801 = COLOUR_RGB ( '',0.000000000000000000, 0.5019607843137254832, 0.000000000000000000 ) ;
#1802 =( LENGTH_UNIT ( ) NAMED_UNIT ( * ) SI_UNIT ( .MILLI., .METRE. ) );
#1803 = EDGE_LOOP ( 'NONE', ( #1661, #4180, #4120, #4366 ) ) ;
#1804 = STYLED_ITEM ( 'NONE', ( #2895 ), #3207 ) ;
#1805 = CARTESIAN_POINT ( 'NONE',  ( 0.7949999999999999289, 0.1600000000000000033, 0.000000000000000000 ) ) ;
#1806 = EDGE_CURVE ( 'NONE', #2404, #3205, #2977, .T. ) ;
#1807 = LINE ( 'NONE', #4208, #2926 ) ;
#1808 = ORIENTED_EDGE ( 'NONE', *, *, #2864, .F. ) ;
#1809 = DIRECTION ( 'NONE',  ( -0.000000000000000000, 1.000000000000000000, -0.000000000000000000 ) ) ;
#1810 = FACE_OUTER_BOUND ( 'NONE', #4030, .T. ) ;
#1811 = FILL_AREA_STYLE ('',( #2213 ) ) ;
#1812 = PRESENTATION_LAYER_ASSIGNMENT (  '', '', ( #1884 ) ) ;
#1813 = FILL_AREA_STYLE ('',( #39 ) ) ;
#1814 = CARTESIAN_POINT ( 'NONE',  ( -0.8000000000000000444, -0.01000000000000000021, 0.4000000000000000222 ) ) ;
#1815 = FILL_AREA_STYLE ('',( #3543 ) ) ;
#1816 = ORIENTED_EDGE ( 'NONE', *, *, #1214, .T. ) ;
#1817 = CARTESIAN_POINT ( 'NONE',  ( -0.8000000000000000444, 0.5054101966249683331, -0.1499999999999999944 ) ) ;
#1818 = DIRECTION ( 'NONE',  ( -0.000000000000000000, -1.000000000000000000, 0.000000000000000000 ) ) ;
#1819 = ORIENTED_EDGE ( 'NONE', *, *, #2186, .T. ) ;
#1820 = FACE_OUTER_BOUND ( 'NONE', #1428, .T. ) ;
#1821 = ORIENTED_EDGE ( 'NONE', *, *, #693, .T. ) ;
#1822 = EDGE_CURVE ( 'NONE', #2474, #3980, #1380, .T. ) ;
#1823 = VECTOR ( 'NONE', #3391, 1000.000000000000000 ) ;
#1824 = ORIENTED_EDGE ( 'NONE', *, *, #889, .F. ) ;
#1825 =( NAMED_UNIT ( * ) PLANE_ANGLE_UNIT ( ) SI_UNIT ( $, .RADIAN. ) );
#1826 =( NAMED_UNIT ( * ) PLANE_ANGLE_UNIT ( ) SI_UNIT ( $, .RADIAN. ) );
#1827 = ADVANCED_FACE ( 'NONE', ( #2513 ), #3906, .F. ) ;
#1828 = STYLED_ITEM ( 'NONE', ( #1413 ), #972 ) ;
#1829 = COLOUR_RGB ( '',1.000000000000000000, 1.000000000000000000, 1.000000000000000000 ) ;
#1830 = CARTESIAN_POINT ( 'NONE',  ( -0.5749999999999999556, 0.000000000000000000, 0.4000000000000000777 ) ) ;
#1831 = FACE_OUTER_BOUND ( 'NONE', #133, .T. ) ;
#1832 = EDGE_CURVE ( 'NONE', #2247, #3205, #2118, .T. ) ;
#1833 = LINE ( 'NONE', #745, #606 ) ;
#1834 = COLOUR_RGB ( '',0.9686274509803921573, 0.8784313725490195957, 0.5999999999999999778 ) ;
#1835 = SURFACE_SIDE_STYLE ('',( #820 ) ) ;
#1836 = UNCERTAINTY_MEASURE_WITH_UNIT (LENGTH_MEASURE( 1.000000000000000082E-05 ), #4392, 'distance_accuracy_value', 'NONE');
#1837 = SURFACE_STYLE_USAGE ( .BOTH. , #2173 ) ;
#1838 = SURFACE_STYLE_FILL_AREA ( #1794 ) ;
#1839 = VERTEX_POINT ( 'NONE', #4243 ) ;
#1840 = ADVANCED_FACE ( 'NONE', ( #3521 ), #1436, .F. ) ;
#1841 = SURFACE_STYLE_FILL_AREA ( #435 ) ;
#1842 = DIRECTION ( 'NONE',  ( 0.000000000000000000, 1.000000000000000000, -0.000000000000000000 ) ) ;
#1843 = ORIENTED_EDGE ( 'NONE', *, *, #3795, .T. ) ;
#1844 = CARTESIAN_POINT ( 'NONE',  ( -0.8000000000000000444, 0.1600000000000000033, 0.000000000000000000 ) ) ;
#1845 = EDGE_LOOP ( 'NONE', ( #1591, #3525, #2879, #1247 ) ) ;
#1846 =( GEOMETRIC_REPRESENTATION_CONTEXT ( 3 ) GLOBAL_UNCERTAINTY_ASSIGNED_CONTEXT ( ( #4394 ) ) GLOBAL_UNIT_ASSIGNED_CONTEXT ( ( #1386, #3055, #2663 ) ) REPRESENTATION_CONTEXT ( 'NONE', 'WORKASPACE' ) );
#1847 = CARTESIAN_POINT ( 'NONE',  ( 0.8000000000000000444, 0.1700000000000000122, 0.1499999999999999944 ) ) ;
#1848 = DIRECTION ( 'NONE',  ( -0.000000000000000000, -0.000000000000000000, -1.000000000000000000 ) ) ;
#1849 = VERTEX_POINT ( 'NONE', #3887 ) ;
#1850 = LINE ( 'NONE', #4297, #1420 ) ;
#1851 = VECTOR ( 'NONE', #1515, 1000.000000000000000 ) ;
#1852 = ADVANCED_FACE ( 'NONE', ( #3342 ), #2199, .F. ) ;
#1853 = CARTESIAN_POINT ( 'NONE',  ( 0.5749999999999999556, 0.000000000000000000, 0.4000000000000000222 ) ) ;
#1854 = SURFACE_STYLE_USAGE ( .BOTH. , #3967 ) ;
#1855 = CARTESIAN_POINT ( 'NONE',  ( 0.8000000000000000444, 0.1600000000000000033, -0.1499999999999999944 ) ) ;
#1856 =( GEOMETRIC_REPRESENTATION_CONTEXT ( 3 ) GLOBAL_UNCERTAINTY_ASSIGNED_CONTEXT ( ( #951 ) ) GLOBAL_UNIT_ASSIGNED_CONTEXT ( ( #4204, #2405, #633 ) ) REPRESENTATION_CONTEXT ( 'NONE', 'WORKASPACE' ) );
#1857 = PRESENTATION_STYLE_ASSIGNMENT (( #3609 ) ) ;
#1858 = DIRECTION ( 'NONE',  ( -0.000000000000000000, -1.000000000000000000, -0.000000000000000000 ) ) ;
#1859 =( LENGTH_UNIT ( ) NAMED_UNIT ( * ) SI_UNIT ( .MILLI., .METRE. ) );
#1860 = DIRECTION ( 'NONE',  ( -0.000000000000000000, 0.000000000000000000, 1.000000000000000000 ) ) ;
#1861 = DIRECTION ( 'NONE',  ( 0.000000000000000000, 0.000000000000000000, 1.000000000000000000 ) ) ;
#1862 = ORIENTED_EDGE ( 'NONE', *, *, #299, .T. ) ;
#1863 = COLOUR_RGB ( '',0.9686274509803921573, 0.8784313725490195957, 0.5999999999999999778 ) ;
#1864 = CARTESIAN_POINT ( 'NONE',  ( -0.7500000000000000000, 0.1600000000000000033, 0.3499999999999999778 ) ) ;
#1865 = ORIENTED_EDGE ( 'NONE', *, *, #404, .T. ) ;
#1866 = PRESENTATION_LAYER_ASSIGNMENT (  '', '', ( #677 ) ) ;
#1867 = COLOUR_RGB ( '',0.9686274509803921573, 0.8784313725490195957, 0.5999999999999999778 ) ;
#1868 = MECHANICAL_DESIGN_GEOMETRIC_PRESENTATION_REPRESENTATION (  '', ( #1651 ), #3558 ) ;
#1869 = STYLED_ITEM ( 'NONE', ( #3099 ), #1970 ) ;
#1870 = SURFACE_STYLE_USAGE ( .BOTH. , #3616 ) ;
#1871 = UNCERTAINTY_MEASURE_WITH_UNIT (LENGTH_MEASURE( 1.000000000000000082E-05 ), #2107, 'distance_accuracy_value', 'NONE');
#1872 = PRESENTATION_LAYER_ASSIGNMENT (  '', '', ( #4281 ) ) ;
#1873 = CARTESIAN_POINT ( 'NONE',  ( -0.8000000000000000444, 0.000000000000000000, -0.4000000000000000222 ) ) ;
#1874 = VERTEX_POINT ( 'NONE', #477 ) ;
#1875 = SURFACE_STYLE_FILL_AREA ( #2955 ) ;
#1876 = FILL_AREA_STYLE_COLOUR ( '', #4072 ) ;
#1877 = CARTESIAN_POINT ( 'NONE',  ( 0.5749999999999999556, 0.000000000000000000, -0.4000000000000000222 ) ) ;
#1878 = ORIENTED_EDGE ( 'NONE', *, *, #4008, .F. ) ;
#1879 = DIRECTION ( 'NONE',  ( 0.000000000000000000, 0.000000000000000000, 1.000000000000000000 ) ) ;
#1880 = DIRECTION ( 'NONE',  ( -0.000000000000000000, -0.000000000000000000, 1.000000000000000000 ) ) ;
#1881 = SURFACE_STYLE_FILL_AREA ( #846 ) ;
#1882 = CARTESIAN_POINT ( 'NONE',  ( 0.8000000000000000444, 0.1600000000000000033, -0.4000000000000000222 ) ) ;
#1883 = SURFACE_SIDE_STYLE ('',( #3722 ) ) ;
#1884 = STYLED_ITEM ( 'NONE', ( #3502 ), #1405 ) ;
#1885 = STYLED_ITEM ( 'NONE', ( #3653 ), #503 ) ;
#1886 = ADVANCED_FACE ( 'NONE', ( #1930 ), #2967, .T. ) ;
#1887 = DIRECTION ( 'NONE',  ( 0.000000000000000000, -1.000000000000000000, 0.000000000000000000 ) ) ;
#1888 = AXIS2_PLACEMENT_3D ( 'NONE', #3838, #1084, #2860 ) ;
#1889 = AXIS2_PLACEMENT_3D ( 'NONE', #3919, #76, #1489 ) ;
#1890 = PLANE ( 'NONE',  #2598 ) ;
#1891 = EDGE_LOOP ( 'NONE', ( #1338, #439, #756, #1751 ) ) ;
#1892 = UNCERTAINTY_MEASURE_WITH_UNIT (LENGTH_MEASURE( 1.000000000000000082E-05 ), #4382, 'distance_accuracy_value', 'NONE');
#1893 =( NAMED_UNIT ( * ) SI_UNIT ( $, .STERADIAN. ) SOLID_ANGLE_UNIT ( ) );
#1894 = EDGE_CURVE ( 'NONE', #3010, #1459, #4036, .T. ) ;
#1895 = ORIENTED_EDGE ( 'NONE', *, *, #4466, .F. ) ;
#1896 = UNCERTAINTY_MEASURE_WITH_UNIT (LENGTH_MEASURE( 1.000000000000000082E-05 ), #3467, 'distance_accuracy_value', 'NONE');
#1897 = CARTESIAN_POINT ( 'NONE',  ( -9.486769009248156402E-17, 0.1600000000000000033, -0.3499999999999997558 ) ) ;
#1898 = EDGE_CURVE ( 'NONE', #877, #1762, #1345, .T. ) ;
#1899 = UNCERTAINTY_MEASURE_WITH_UNIT (LENGTH_MEASURE( 1.000000000000000082E-05 ), #3853, 'distance_accuracy_value', 'NONE');
#1900 = CARTESIAN_POINT ( 'NONE',  ( -0.5749999999999999556, 0.000000000000000000, -0.4000000000000001887 ) ) ;
#1901 = ORIENTED_EDGE ( 'NONE', *, *, #257, .T. ) ;
#1902 =( NAMED_UNIT ( * ) PLANE_ANGLE_UNIT ( ) SI_UNIT ( $, .RADIAN. ) );
#1903 = CARTESIAN_POINT ( 'NONE',  ( -0.5639594718795153394, -0.2106658261716748692, -0.3889594718795154615 ) ) ;
#1904 = CARTESIAN_POINT ( 'NONE',  ( -0.3500000000000000333, 0.1700000000000000122, 0.3499999999999999778 ) ) ;
#1905 = VECTOR ( 'NONE', #2648, 1000.000000000000000 ) ;
#1906 = SURFACE_SIDE_STYLE ('',( #1143 ) ) ;
#1907 = DIRECTION ( 'NONE',  ( 0.000000000000000000, -1.000000000000000000, 0.000000000000000000 ) ) ;
#1908 = COLOUR_RGB ( '',1.000000000000000000, 1.000000000000000000, 1.000000000000000000 ) ;
#1909 = CIRCLE ( 'NONE', #4092, 0.2499999999999998890 ) ;
#1910 = MECHANICAL_DESIGN_GEOMETRIC_PRESENTATION_REPRESENTATION (  '', ( #2055 ), #279 ) ;
#1911 = EDGE_CURVE ( 'NONE', #2994, #4441, #2616, .T. ) ;
#1912 =( LENGTH_UNIT ( ) NAMED_UNIT ( * ) SI_UNIT ( .MILLI., .METRE. ) );
#1913 = FILL_AREA_STYLE ('',( #3995 ) ) ;
#1914 = PLANE ( 'NONE',  #3275 ) ;
#1915 = EDGE_LOOP ( 'NONE', ( #3061, #2576, #401, #2454 ) ) ;
#1916 =( NAMED_UNIT ( * ) PLANE_ANGLE_UNIT ( ) SI_UNIT ( $, .RADIAN. ) );
#1917 = VERTEX_POINT ( 'NONE', #4306 ) ;
#1918 = VECTOR ( 'NONE', #303, 1000.000000000000000 ) ;
#1919 = SURFACE_STYLE_FILL_AREA ( #505 ) ;
#1920 = ADVANCED_FACE ( 'NONE', ( #2245 ), #1890, .F. ) ;
#1921 = SURFACE_STYLE_USAGE ( .BOTH. , #420 ) ;
#1922 = CARTESIAN_POINT ( 'NONE',  ( -0.8000000000000000444, 0.1600000000000000033, 0.000000000000000000 ) ) ;
#1923 = PRESENTATION_LAYER_ASSIGNMENT (  '', '', ( #2143 ) ) ;
#1924 = VERTEX_POINT ( 'NONE', #3781 ) ;
#1925 = FILL_AREA_STYLE_COLOUR ( '', #3330 ) ;
#1926 = LINE ( 'NONE', #2654, #3707 ) ;
#1927 = FACE_OUTER_BOUND ( 'NONE', #1551, .T. ) ;
#1928 = CARTESIAN_POINT ( 'NONE',  ( 0.8000000000000000444, 0.000000000000000000, -0.2000000000000000111 ) ) ;
#1929 =( NAMED_UNIT ( * ) PLANE_ANGLE_UNIT ( ) SI_UNIT ( $, .RADIAN. ) );
#1930 = FACE_OUTER_BOUND ( 'NONE', #3907, .T. ) ;
#1931 = ORIENTED_EDGE ( 'NONE', *, *, #360, .F. ) ;
#1932 = VECTOR ( 'NONE', #3920, 1000.000000000000000 ) ;
#1933 = VERTEX_POINT ( 'NONE', #2710 ) ;
#1934 = VECTOR ( 'NONE', #4334, 1000.000000000000000 ) ;
#1935 = CARTESIAN_POINT ( 'NONE',  ( -0.3500000000000000333, 0.1700000000000000122, 0.3499999999999999778 ) ) ;
#1936 = COLOUR_RGB ( '',0.000000000000000000, 0.5019607843137254832, 0.000000000000000000 ) ;
#1937 = FILL_AREA_STYLE ('',( #881 ) ) ;
#1938 = CARTESIAN_POINT ( 'NONE',  ( 0.5654294591668851400, -0.1826167978121472357, -0.3904294591668852621 ) ) ;
#1939 = FACE_OUTER_BOUND ( 'NONE', #2907, .T. ) ;
#1940 = CIRCLE ( 'NONE', #4496, 0.1499999999999999944 ) ;
#1941 = COLOUR_RGB ( '',0.9686274509803921573, 0.8784313725490195957, 0.5999999999999999778 ) ;
#1942 = ADVANCED_FACE ( 'NONE', ( #954 ), #1351, .T. ) ;
#1943 = COLOUR_RGB ( '',0.9686274509803921573, 0.8784313725490195957, 0.5999999999999999778 ) ;
#1944 = AXIS2_PLACEMENT_3D ( 'NONE', #647, #3430, #2401 ) ;
#1945 = ORIENTED_EDGE ( 'NONE', *, *, #4323, .T. ) ;
#1946 = LINE ( 'NONE', #1604, #380 ) ;
#1947 = DIRECTION ( 'NONE',  ( 0.000000000000000000, 1.000000000000000000, -0.000000000000000000 ) ) ;
#1948 = AXIS2_PLACEMENT_3D ( 'NONE', #3747, #586, #3412 ) ;
#1949 = STYLED_ITEM ( 'NONE', ( #1629 ), #3948 ) ;
#1950 = CARTESIAN_POINT ( 'NONE',  ( 0.8000000000000000444, -0.01000000000000000021, -0.2000000000000000111 ) ) ;
#1951 = ORIENTED_EDGE ( 'NONE', *, *, #1898, .F. ) ;
#1952 = FILL_AREA_STYLE_COLOUR ( '', #69 ) ;
#1953 =( NAMED_UNIT ( * ) PLANE_ANGLE_UNIT ( ) SI_UNIT ( $, .RADIAN. ) );
#1954 = SURFACE_SIDE_STYLE ('',( #2941 ) ) ;
#1955 = DIRECTION ( 'NONE',  ( 1.000000000000000000, 0.000000000000000000, -0.000000000000000000 ) ) ;
#1956 =( LENGTH_UNIT ( ) NAMED_UNIT ( * ) SI_UNIT ( .MILLI., .METRE. ) );
#1957 = ORIENTED_EDGE ( 'NONE', *, *, #4511, .F. ) ;
#1958 = PRESENTATION_STYLE_ASSIGNMENT (( #3661 ) ) ;
#1959 = ORIENTED_EDGE ( 'NONE', *, *, #3852, .T. ) ;
#1960 = MECHANICAL_DESIGN_GEOMETRIC_PRESENTATION_REPRESENTATION (  '', ( #1884 ), #2911 ) ;
#1961 = FACE_OUTER_BOUND ( 'NONE', #4544, .T. ) ;
#1962 = FILL_AREA_STYLE ('',( #1876 ) ) ;
#1963 = DIRECTION ( 'NONE',  ( 0.000000000000000000, 0.000000000000000000, 1.000000000000000000 ) ) ;
#1964 = DIRECTION ( 'NONE',  ( -0.000000000000000000, 1.000000000000000000, -0.000000000000000000 ) ) ;
#1965 = VECTOR ( 'NONE', #3349, 1000.000000000000000 ) ;
#1966 = SURFACE_STYLE_FILL_AREA ( #3018 ) ;
#1967 = UNCERTAINTY_MEASURE_WITH_UNIT (LENGTH_MEASURE( 1.000000000000000082E-05 ), #354, 'distance_accuracy_value', 'NONE');
#1968 = ORIENTED_EDGE ( 'NONE', *, *, #3655, .F. ) ;
#1969 = SURFACE_STYLE_USAGE ( .BOTH. , #945 ) ;
#1970 = MANIFOLD_SOLID_BREP ( 'Boss-Extrude4[4]', #121 ) ;
#1971 = FACE_OUTER_BOUND ( 'NONE', #250, .T. ) ;
#1972 = EDGE_CURVE ( 'NONE', #2587, #1933, #3921, .T. ) ;
#1973 = EDGE_LOOP ( 'NONE', ( #11, #386, #339, #1607 ) ) ;
#1974 = ADVANCED_FACE ( 'NONE', ( #2002 ), #3404, .F. ) ;
#1975 = FILL_AREA_STYLE_COLOUR ( '', #1863 ) ;
#1976 = ADVANCED_FACE ( 'NONE', ( #1372 ), #3220, .T. ) ;
#1977 = UNCERTAINTY_MEASURE_WITH_UNIT (LENGTH_MEASURE( 1.000000000000000082E-05 ), #2254, 'distance_accuracy_value', 'NONE');
#1978 = ADVANCED_FACE ( 'NONE', ( #4189 ), #997, .T. ) ;
#1979 = AXIS2_PLACEMENT_3D ( 'NONE', #1734, #2731, #3132 ) ;
#1980 = DIRECTION ( 'NONE',  ( 0.000000000000000000, 0.000000000000000000, 1.000000000000000000 ) ) ;
#1981 =( NAMED_UNIT ( * ) PLANE_ANGLE_UNIT ( ) SI_UNIT ( $, .RADIAN. ) );
#1982 = EDGE_LOOP ( 'NONE', ( #3367, #21, #1895, #2097 ) ) ;
#1983 = LINE ( 'NONE', #3745, #3476 ) ;
#1984 = VERTEX_POINT ( 'NONE', #3928 ) ;
#1985 = SURFACE_SIDE_STYLE ('',( #1735 ) ) ;
#1986 = MECHANICAL_DESIGN_GEOMETRIC_PRESENTATION_REPRESENTATION (  '', ( #3960 ), #1171 ) ;
#1987 = MANIFOLD_SOLID_BREP ( 'Fillet1', #2273 ) ;
#1988 =( LENGTH_UNIT ( ) NAMED_UNIT ( * ) SI_UNIT ( .MILLI., .METRE. ) );
#1989 =( LENGTH_UNIT ( ) NAMED_UNIT ( * ) SI_UNIT ( .MILLI., .METRE. ) );
#1990 =( GEOMETRIC_REPRESENTATION_CONTEXT ( 3 ) GLOBAL_UNCERTAINTY_ASSIGNED_CONTEXT ( ( #3401 ) ) GLOBAL_UNIT_ASSIGNED_CONTEXT ( ( #3078, #4467, #4448 ) ) REPRESENTATION_CONTEXT ( 'NONE', 'WORKASPACE' ) );
#1991 = CARTESIAN_POINT ( 'NONE',  ( 0.6999999999999999556, -0.01000000000000000021, 0.4000000000000000222 ) ) ;
#1992 = SURFACE_SIDE_STYLE ('',( #2760 ) ) ;
#1993 = LINE ( 'NONE', #4067, #1195 ) ;
#1994 = MANIFOLD_SOLID_BREP ( 'Boss-Extrude4[5]', #863 ) ;
#1995 = PLANE ( 'NONE',  #3000 ) ;
#1996 = ORIENTED_EDGE ( 'NONE', *, *, #2342, .F. ) ;
#1997 = ADVANCED_FACE ( 'NONE', ( #2146 ), #4241, .F. ) ;
#1998 = FACE_OUTER_BOUND ( 'NONE', #3002, .T. ) ;
#1999 = EDGE_CURVE ( 'NONE', #3461, #2684, #4314, .T. ) ;
#2000 = ADVANCED_FACE ( 'NONE', ( #3904 ), #433, .T. ) ;
#2001 = PLANE ( 'NONE',  #3723 ) ;
#2002 = FACE_OUTER_BOUND ( 'NONE', #4318, .T. ) ;
#2003 = LINE ( 'NONE', #955, #3638 ) ;
#2004 = ORIENTED_EDGE ( 'NONE', *, *, #736, .F. ) ;
#2005 = CARTESIAN_POINT ( 'NONE',  ( -0.02999999999999982195, 0.1700000000000000122, 0.4000000000000000222 ) ) ;
#2006 = FACE_OUTER_BOUND ( 'NONE', #4018, .T. ) ;
#2007 = VECTOR ( 'NONE', #3285, 1000.000000000000000 ) ;
#2008 =( GEOMETRIC_REPRESENTATION_CONTEXT ( 3 ) GLOBAL_UNCERTAINTY_ASSIGNED_CONTEXT ( ( #1656 ) ) GLOBAL_UNIT_ASSIGNED_CONTEXT ( ( #4004, #2584, #4367 ) ) REPRESENTATION_CONTEXT ( 'NONE', 'WORKASPACE' ) );
#2009 = DIRECTION ( 'NONE',  ( -0.000000000000000000, -1.000000000000000000, 0.000000000000000000 ) ) ;
#2010 =( GEOMETRIC_REPRESENTATION_CONTEXT ( 3 ) GLOBAL_UNCERTAINTY_ASSIGNED_CONTEXT ( ( #507 ) ) GLOBAL_UNIT_ASSIGNED_CONTEXT ( ( #1007, #3157, #1331 ) ) REPRESENTATION_CONTEXT ( 'NONE', 'WORKASPACE' ) );
#2011 = CARTESIAN_POINT ( 'NONE',  ( 0.5999999999999999778, -0.01000000000000000021, 0.4000000000000000222 ) ) ;
#2012 = FILL_AREA_STYLE ('',( #164 ) ) ;
#2013 = AXIS2_PLACEMENT_3D ( 'NONE', #4329, #4379, #113 ) ;
#2014 = SURFACE_STYLE_FILL_AREA ( #4483 ) ;
#2015 = AXIS2_PLACEMENT_3D ( 'NONE', #1496, #1099, #747 ) ;
#2016 = VECTOR ( 'NONE', #3196, 1000.000000000000000 ) ;
#2017 = VERTEX_POINT ( 'NONE', #221 ) ;
#2018 = STYLED_ITEM ( 'NONE', ( #4454 ), #1708 ) ;
#2019 = PRESENTATION_LAYER_ASSIGNMENT (  '', '', ( #3564 ) ) ;
#2020 = DIRECTION ( 'NONE',  ( 1.000000000000000000, 0.000000000000000000, 0.000000000000000000 ) ) ;
#2021 = FACE_OUTER_BOUND ( 'NONE', #2029, .T. ) ;
#2022 = PRESENTATION_STYLE_ASSIGNMENT (( #3464 ) ) ;
#2023 = SURFACE_STYLE_USAGE ( .BOTH. , #3761 ) ;
#2024 = DIRECTION ( 'NONE',  ( -1.000000000000000000, 0.000000000000000000, -0.000000000000000000 ) ) ;
#2025 = EDGE_LOOP ( 'NONE', ( #4540, #2280, #804, #4406 ) ) ;
#2026 = DIRECTION ( 'NONE',  ( -0.05226442768871396999, 0.9972646886342372285, -0.05226442768871397693 ) ) ;
#2027 = DIRECTION ( 'NONE',  ( 0.000000000000000000, 0.000000000000000000, -1.000000000000000000 ) ) ;
#2028 = ADVANCED_FACE ( 'NONE', ( #1614 ), #1275, .T. ) ;
#2029 = EDGE_LOOP ( 'NONE', ( #1203, #3640, #3975, #896 ) ) ;
#2030 =( GEOMETRIC_REPRESENTATION_CONTEXT ( 3 ) GLOBAL_UNCERTAINTY_ASSIGNED_CONTEXT ( ( #3073 ) ) GLOBAL_UNIT_ASSIGNED_CONTEXT ( ( #2039, #4509, #278 ) ) REPRESENTATION_CONTEXT ( 'NONE', 'WORKASPACE' ) );
#2031 = DIRECTION ( 'NONE',  ( -1.000000000000000000, 0.000000000000000000, 6.776263578034403945E-17 ) ) ;
#2032 = EDGE_CURVE ( 'NONE', #1618, #1046, #1567, .T. ) ;
#2033 = LINE ( 'NONE', #3438, #3759 ) ;
#2034 = MANIFOLD_SOLID_BREP ( 'Boss-Extrude4[6]', #3654 ) ;
#2035 =( NAMED_UNIT ( * ) SI_UNIT ( $, .STERADIAN. ) SOLID_ANGLE_UNIT ( ) );
#2036 = VECTOR ( 'NONE', #1123, 1000.000000000000000 ) ;
#2037 = EDGE_LOOP ( 'NONE', ( #898, #3593, #2599, #4508 ) ) ;
#2038 = EDGE_CURVE ( 'NONE', #2270, #3058, #4098, .T. ) ;
#2039 =( LENGTH_UNIT ( ) NAMED_UNIT ( * ) SI_UNIT ( .MILLI., .METRE. ) );
#2040 = VECTOR ( 'NONE', #1093, 1000.000000000000000 ) ;
#2041 = SURFACE_STYLE_FILL_AREA ( #918 ) ;
#2042 = SURFACE_STYLE_FILL_AREA ( #3081 ) ;
#2043 = COLOUR_RGB ( '',0.9686274509803921573, 0.8784313725490195957, 0.5999999999999999778 ) ;
#2044 = VERTEX_POINT ( 'NONE', #851 ) ;
#2045 = CARTESIAN_POINT ( 'NONE',  ( 0.8000000000000000444, -0.01000000000000000021, 0.000000000000000000 ) ) ;
#2046 = EDGE_CURVE ( 'NONE', #2017, #190, #669, .T. ) ;
#2047 =( GEOMETRIC_REPRESENTATION_CONTEXT ( 3 ) GLOBAL_UNCERTAINTY_ASSIGNED_CONTEXT ( ( #2425 ) ) GLOBAL_UNIT_ASSIGNED_CONTEXT ( ( #3370, #2068, #2415 ) ) REPRESENTATION_CONTEXT ( 'NONE', 'WORKASPACE' ) );
#2048 = FILL_AREA_STYLE ('',( #1356 ) ) ;
#2049 = FILL_AREA_STYLE ('',( #940 ) ) ;
#2050 =( LENGTH_UNIT ( ) NAMED_UNIT ( * ) SI_UNIT ( .MILLI., .METRE. ) );
#2051 = SURFACE_STYLE_USAGE ( .BOTH. , #4477 ) ;
#2052 = ORIENTED_EDGE ( 'NONE', *, *, #3506, .T. ) ;
#2053 =( GEOMETRIC_REPRESENTATION_CONTEXT ( 3 ) GLOBAL_UNCERTAINTY_ASSIGNED_CONTEXT ( ( #3269 ) ) GLOBAL_UNIT_ASSIGNED_CONTEXT ( ( #3418, #3090, #654 ) ) REPRESENTATION_CONTEXT ( 'NONE', 'WORKASPACE' ) );
#2054 = DIRECTION ( 'NONE',  ( 1.000000000000000000, 0.000000000000000000, 0.000000000000000000 ) ) ;
#2055 = STYLED_ITEM ( 'NONE', ( #3444 ), #578 ) ;
#2056 = EDGE_CURVE ( 'NONE', #3010, #52, #700, .T. ) ;
#2057 = PRESENTATION_STYLE_ASSIGNMENT (( #986 ) ) ;
#2058 = MECHANICAL_DESIGN_GEOMETRIC_PRESENTATION_REPRESENTATION (  '', ( #1550 ), #281 ) ;
#2059 = FACE_OUTER_BOUND ( 'NONE', #4519, .T. ) ;
#2060 = UNCERTAINTY_MEASURE_WITH_UNIT (LENGTH_MEASURE( 1.000000000000000082E-05 ), #1027, 'distance_accuracy_value', 'NONE');
#2061 = ORIENTED_EDGE ( 'NONE', *, *, #3274, .T. ) ;
#2062 = FILL_AREA_STYLE_COLOUR ( '', #1801 ) ;
#2063 = VECTOR ( 'NONE', #3243, 1000.000000000000000 ) ;
#2064 = FILL_AREA_STYLE_COLOUR ( '', #292 ) ;
#2065 =( NAMED_UNIT ( * ) SI_UNIT ( $, .STERADIAN. ) SOLID_ANGLE_UNIT ( ) );
#2066 = SURFACE_STYLE_USAGE ( .BOTH. , #645 ) ;
#2067 = ORIENTED_EDGE ( 'NONE', *, *, #1161, .T. ) ;
#2068 =( NAMED_UNIT ( * ) PLANE_ANGLE_UNIT ( ) SI_UNIT ( $, .RADIAN. ) );
#2069 = CARTESIAN_POINT ( 'NONE',  ( 0.8000000000000000444, 0.1600000000000000033, -0.1499999999999999944 ) ) ;
#2070 = VERTEX_POINT ( 'NONE', #2376 ) ;
#2071 = DIRECTION ( 'NONE',  ( -0.000000000000000000, 1.000000000000000000, 0.000000000000000000 ) ) ;
#2072 = ORIENTED_EDGE ( 'NONE', *, *, #3460, .F. ) ;
#2073 = FILL_AREA_STYLE ('',( #3869 ) ) ;
#2074 = CARTESIAN_POINT ( 'NONE',  ( 0.000000000000000000, 0.1600000000000000033, 0.000000000000000000 ) ) ;
#2075 = MECHANICAL_DESIGN_GEOMETRIC_PRESENTATION_REPRESENTATION (  '', ( #4049 ), #3029 ) ;
#2076 = FILL_AREA_STYLE_COLOUR ( '', #1718 ) ;
#2077 = DIRECTION ( 'NONE',  ( -0.000000000000000000, -1.000000000000000000, -0.000000000000000000 ) ) ;
#2078 = PRESENTATION_LAYER_ASSIGNMENT (  '', '', ( #3913 ) ) ;
#2079 = ADVANCED_FACE ( 'NONE', ( #3855 ), #1747, .F. ) ;
#2080 = CARTESIAN_POINT ( 'NONE',  ( 0.8000000000000000444, -0.01000000000000000021, 0.000000000000000000 ) ) ;
#2081 = ORIENTED_EDGE ( 'NONE', *, *, #191, .T. ) ;
#2082 = CARTESIAN_POINT ( 'NONE',  ( 0.7949999999999999289, 0.1700000000000000122, -0.1999999999999999833 ) ) ;
#2083 =( GEOMETRIC_REPRESENTATION_CONTEXT ( 3 ) GLOBAL_UNCERTAINTY_ASSIGNED_CONTEXT ( ( #2579 ) ) GLOBAL_UNIT_ASSIGNED_CONTEXT ( ( #3789, #713, #3524 ) ) REPRESENTATION_CONTEXT ( 'NONE', 'WORKASPACE' ) );
#2084 = FILL_AREA_STYLE ('',( #2062 ) ) ;
#2085 = MECHANICAL_DESIGN_GEOMETRIC_PRESENTATION_REPRESENTATION (  '', ( #2602 ), #105 ) ;
#2086 = FILL_AREA_STYLE ('',( #3488 ) ) ;
#2087 = SURFACE_SIDE_STYLE ('',( #1785 ) ) ;
#2088 = DIRECTION ( 'NONE',  ( -1.000000000000000000, 0.000000000000000000, 0.000000000000000000 ) ) ;
#2089 = CARTESIAN_POINT ( 'NONE',  ( 0.6999999999999999556, -0.01000000000000000021, 0.2291287847477919415 ) ) ;
#2090 = EDGE_LOOP ( 'NONE', ( #2300, #319, #4017, #1374 ) ) ;
#2091 = VECTOR ( 'NONE', #622, 1000.000000000000000 ) ;
#2092 = FILL_AREA_STYLE_COLOUR ( '', #1197 ) ;
#2093 = FACE_OUTER_BOUND ( 'NONE', #646, .T. ) ;
#2094 = CYLINDRICAL_SURFACE ( 'NONE', #1267, 0.1499999999999999944 ) ;
#2095 = VERTEX_POINT ( 'NONE', #2791 ) ;
#2096 = CARTESIAN_POINT ( 'NONE',  ( -0.7500000000000000000, 0.1600000000000000033, 0.000000000000000000 ) ) ;
#2097 = ORIENTED_EDGE ( 'NONE', *, *, #1377, .T. ) ;
#2098 = CARTESIAN_POINT ( 'NONE',  ( -0.8000000000000000444, 0.000000000000000000, -0.1499999999999998002 ) ) ;
#2099 = EDGE_LOOP ( 'NONE', ( #824, #4023, #488, #2201, #718, #2341 ) ) ;
#2100 = MECHANICAL_DESIGN_GEOMETRIC_PRESENTATION_REPRESENTATION (  '', ( #2987 ), #3577 ) ;
#2101 = PRODUCT_DEFINITION_CONTEXT ( 'detailed design', #3897, 'design' ) ;
#2102 = PLANE ( 'NONE',  #2704 ) ;
#2103 = PRESENTATION_LAYER_ASSIGNMENT (  '', '', ( #4071 ) ) ;
#2104 = VECTOR ( 'NONE', #2502, 1000.000000000000000 ) ;
#2105 = ORIENTED_EDGE ( 'NONE', *, *, #2347, .T. ) ;
#2106 = SURFACE_STYLE_USAGE ( .BOTH. , #1418 ) ;
#2107 =( LENGTH_UNIT ( ) NAMED_UNIT ( * ) SI_UNIT ( .MILLI., .METRE. ) );
#2108 = CLOSED_SHELL ( 'NONE', ( #1974, #3063, #2000, #1840, #3526, #2453 ) ) ;
#2109 = APPLICATION_PROTOCOL_DEFINITION ( 'draft international standard', 'automotive_design', 1998, #3434 ) ;
#2110 = FILL_AREA_STYLE ('',( #1044 ) ) ;
#2111 = SURFACE_STYLE_FILL_AREA ( #58 ) ;
#2112 = FACE_OUTER_BOUND ( 'NONE', #3660, .T. ) ;
#2113 = LINE ( 'NONE', #4144, #2091 ) ;
#2114 = ORIENTED_EDGE ( 'NONE', *, *, #1229, .T. ) ;
#2115 = ADVANCED_FACE ( 'NONE', ( #619 ), #4161, .F. ) ;
#2116 = DIRECTION ( 'NONE',  ( 0.000000000000000000, -1.000000000000000000, 0.000000000000000000 ) ) ;
#2117 = ORIENTED_EDGE ( 'NONE', *, *, #2696, .T. ) ;
#2118 = LINE ( 'NONE', #2096, #3416 ) ;
#2119 =( LENGTH_UNIT ( ) NAMED_UNIT ( * ) SI_UNIT ( .MILLI., .METRE. ) );
#2120 = ORIENTED_EDGE ( 'NONE', *, *, #4133, .F. ) ;
#2121 = CARTESIAN_POINT ( 'NONE',  ( 0.8000000000000000444, -0.01000000000000000021, -0.4000000000000000222 ) ) ;
#2122 = ORIENTED_EDGE ( 'NONE', *, *, #3133, .F. ) ;
#2123 =( GEOMETRIC_REPRESENTATION_CONTEXT ( 3 ) GLOBAL_UNCERTAINTY_ASSIGNED_CONTEXT ( ( #1159 ) ) GLOBAL_UNIT_ASSIGNED_CONTEXT ( ( #487, #2228, #463 ) ) REPRESENTATION_CONTEXT ( 'NONE', 'WORKASPACE' ) );
#2124 = SURFACE_STYLE_FILL_AREA ( #2073 ) ;
#2125 = PLANE ( 'NONE',  #4418 ) ;
#2126 = STYLED_ITEM ( 'NONE', ( #3882 ), #4335 ) ;
#2127 = COLOUR_RGB ( '',0.9686274509803921573, 0.8784313725490195957, 0.5999999999999999778 ) ;
#2128 = MANIFOLD_SOLID_BREP ( 'Boss-Extrude6[2]', #1457 ) ;
#2129 = CARTESIAN_POINT ( 'NONE',  ( -0.8000000000000000444, 0.1700000000000000122, 0.000000000000000000 ) ) ;
#2130 = PRESENTATION_STYLE_ASSIGNMENT (( #3186 ) ) ;
#2131 = VERTEX_POINT ( 'NONE', #3981 ) ;
#2132 = MECHANICAL_DESIGN_GEOMETRIC_PRESENTATION_REPRESENTATION (  '', ( #141 ), #1696 ) ;
#2133 = PRESENTATION_STYLE_ASSIGNMENT (( #2106 ) ) ;
#2134 = PLANE ( 'NONE',  #825 ) ;
#2135 = MECHANICAL_DESIGN_GEOMETRIC_PRESENTATION_REPRESENTATION (  '', ( #3529 ), #2008 ) ;
#2136 = PLANE ( 'NONE',  #2416 ) ;
#2137 = ADVANCED_FACE ( 'NONE', ( #887 ), #3125, .T. ) ;
#2138 = LINE ( 'NONE', #4235, #2040 ) ;
#2139 =( LENGTH_UNIT ( ) NAMED_UNIT ( * ) SI_UNIT ( .MILLI., .METRE. ) );
#2140 = DIRECTION ( 'NONE',  ( 0.000000000000000000, 0.000000000000000000, -1.000000000000000000 ) ) ;
#2141 = VERTEX_POINT ( 'NONE', #1205 ) ;
#2142 = FACE_OUTER_BOUND ( 'NONE', #2981, .T. ) ;
#2143 = STYLED_ITEM ( 'NONE', ( #648 ), #51 ) ;
#2144 = EDGE_CURVE ( 'NONE', #1506, #225, #4295, .T. ) ;
#2145 = DIRECTION ( 'NONE',  ( -0.000000000000000000, 1.000000000000000000, -0.000000000000000000 ) ) ;
#2146 = FACE_OUTER_BOUND ( 'NONE', #3484, .T. ) ;
#2147 = VERTEX_POINT ( 'NONE', #352 ) ;
#2148 = PRESENTATION_STYLE_ASSIGNMENT (( #4169 ) ) ;
#2149 = PRESENTATION_STYLE_ASSIGNMENT (( #1756 ) ) ;
#2150 = ORIENTED_EDGE ( 'NONE', *, *, #3598, .T. ) ;
#2151 = FILL_AREA_STYLE ('',( #2515 ) ) ;
#2152 = ORIENTED_EDGE ( 'NONE', *, *, #252, .T. ) ;
#2153 = PRESENTATION_STYLE_ASSIGNMENT (( #762 ) ) ;
#2154 = DIRECTION ( 'NONE',  ( 0.000000000000000000, 0.000000000000000000, -1.000000000000000000 ) ) ;
#2155 = SURFACE_STYLE_FILL_AREA ( #3458 ) ;
#2156 = PRESENTATION_STYLE_ASSIGNMENT (( #791 ) ) ;
#2157 = ORIENTED_EDGE ( 'NONE', *, *, #572, .T. ) ;
#2158 = PRESENTATION_STYLE_ASSIGNMENT (( #1111 ) ) ;
#2159 = CARTESIAN_POINT ( 'NONE',  ( 0.3499999999999999778, 0.1700000000000000122, -5.421010862427523403E-17 ) ) ;
#2160 = PRESENTATION_LAYER_ASSIGNMENT (  '', '', ( #748 ) ) ;
#2161 = SURFACE_STYLE_FILL_AREA ( #1811 ) ;
#2162 =( GEOMETRIC_REPRESENTATION_CONTEXT ( 3 ) GLOBAL_UNCERTAINTY_ASSIGNED_CONTEXT ( ( #1192 ) ) GLOBAL_UNIT_ASSIGNED_CONTEXT ( ( #1403, #2795, #2471 ) ) REPRESENTATION_CONTEXT ( 'NONE', 'WORKASPACE' ) );
#2163 = DIRECTION ( 'NONE',  ( 0.000000000000000000, 0.000000000000000000, -1.000000000000000000 ) ) ;
#2164 = STYLED_ITEM ( 'NONE', ( #2757 ), #3379 ) ;
#2165 = DIRECTION ( 'NONE',  ( -1.581128168208027217E-16, -0.000000000000000000, -1.000000000000000000 ) ) ;
#2166 = CARTESIAN_POINT ( 'NONE',  ( -0.6800000000000000488, -0.01000000000000000021, 0.1600000000000000033 ) ) ;
#2167 =( LENGTH_UNIT ( ) NAMED_UNIT ( * ) SI_UNIT ( .MILLI., .METRE. ) );
#2168 = PLANE ( 'NONE',  #18 ) ;
#2169 = LINE ( 'NONE', #82, #3339 ) ;
#2170 = CIRCLE ( 'NONE', #313, 0.2000000000000000111 ) ;
#2171 =( GEOMETRIC_REPRESENTATION_CONTEXT ( 3 ) GLOBAL_UNCERTAINTY_ASSIGNED_CONTEXT ( ( #2951 ) ) GLOBAL_UNIT_ASSIGNED_CONTEXT ( ( #1113, #2526, #3922 ) ) REPRESENTATION_CONTEXT ( 'NONE', 'WORKASPACE' ) );
#2172 = COLOUR_RGB ( '',0.9686274509803921573, 0.8784313725490195957, 0.5999999999999999778 ) ;
#2173 = SURFACE_SIDE_STYLE ('',( #3224 ) ) ;
#2174 = ORIENTED_EDGE ( 'NONE', *, *, #351, .T. ) ;
#2175 = VECTOR ( 'NONE', #4518, 1000.000000000000000 ) ;
#2176 = FILL_AREA_STYLE ('',( #3135 ) ) ;
#2177 = DIRECTION ( 'NONE',  ( 0.000000000000000000, 0.000000000000000000, 1.000000000000000000 ) ) ;
#2178 = PRESENTATION_LAYER_ASSIGNMENT (  '', '', ( #2018 ) ) ;
#2179 = ORIENTED_EDGE ( 'NONE', *, *, #4149, .F. ) ;
#2180 = DIRECTION ( 'NONE',  ( 0.000000000000000000, 0.000000000000000000, 1.000000000000000000 ) ) ;
#2181 = EDGE_LOOP ( 'NONE', ( #3120, #855, #198, #1821 ) ) ;
#2182 = ADVANCED_FACE ( 'NONE', ( #3672 ), #1537, .T. ) ;
#2183 =( NAMED_UNIT ( * ) SI_UNIT ( $, .STERADIAN. ) SOLID_ANGLE_UNIT ( ) );
#2184 = PRODUCT ( 'KR EELP41.22-Q1S1-36-A8J8-020-R18', 'KR EELP41.22-Q1S1-36-A8J8-020-R18', '', ( #426 ) ) ;
#2185 = CARTESIAN_POINT ( 'NONE',  ( -0.8000000000000000444, 0.1600000000000000033, -0.1499999999999998002 ) ) ;
#2186 = EDGE_CURVE ( 'NONE', #864, #2259, #1694, .T. ) ;
#2187 = ORIENTED_EDGE ( 'NONE', *, *, #2325, .F. ) ;
#2188 = FILL_AREA_STYLE_COLOUR ( '', #861 ) ;
#2189 =( LENGTH_UNIT ( ) NAMED_UNIT ( * ) SI_UNIT ( .MILLI., .METRE. ) );
#2190 = EDGE_CURVE ( 'NONE', #2830, #3475, #4439, .T. ) ;
#2191 = CARTESIAN_POINT ( 'NONE',  ( 0.6999999999999999556, 0.000000000000000000, -0.4000000000000000222 ) ) ;
#2192 = CARTESIAN_POINT ( 'NONE',  ( 0.5999999999999998668, -0.01000000000000000021, 0.1499999999999996336 ) ) ;
#2193 = DIRECTION ( 'NONE',  ( -0.000000000000000000, -0.000000000000000000, 1.000000000000000000 ) ) ;
#2194 = COLOUR_RGB ( '',0.9686274509803921573, 0.8784313725490195957, 0.5999999999999999778 ) ;
#2195 = FILL_AREA_STYLE_COLOUR ( '', #3625 ) ;
#2196 = DIRECTION ( 'NONE',  ( 0.000000000000000000, 0.000000000000000000, -1.000000000000000000 ) ) ;
#2197 = CARTESIAN_POINT ( 'NONE',  ( 0.8000000000000000444, -0.01000000000000000021, 0.000000000000000000 ) ) ;
#2198 = ORIENTED_EDGE ( 'NONE', *, *, #3239, .T. ) ;
#2199 = PLANE ( 'NONE',  #3044 ) ;
#2200 = DIRECTION ( 'NONE',  ( -0.000000000000000000, 1.000000000000000000, -0.000000000000000000 ) ) ;
#2201 = ORIENTED_EDGE ( 'NONE', *, *, #4089, .T. ) ;
#2202 = FILL_AREA_STYLE_COLOUR ( '', #3410 ) ;
#2203 = ORIENTED_EDGE ( 'NONE', *, *, #3093, .T. ) ;
#2204 = CARTESIAN_POINT ( 'NONE',  ( 0.000000000000000000, 0.1700000000000000122, 0.3499999999999999778 ) ) ;
#2205 = LINE ( 'NONE', #2580, #3106 ) ;
#2206 = AXIS2_PLACEMENT_3D ( 'NONE', #708, #548, #289 ) ;
#2207 = DIRECTION ( 'NONE',  ( 1.000000000000000000, 0.000000000000000000, -1.548860246407864076E-16 ) ) ;
#2208 = EDGE_CURVE ( 'NONE', #3455, #2147, #3070, .T. ) ;
#2209 =( GEOMETRIC_REPRESENTATION_CONTEXT ( 3 ) GLOBAL_UNCERTAINTY_ASSIGNED_CONTEXT ( ( #3843 ) ) GLOBAL_UNIT_ASSIGNED_CONTEXT ( ( #3542, #729, #943 ) ) REPRESENTATION_CONTEXT ( 'NONE', 'WORKASPACE' ) );
#2210 = ORIENTED_EDGE ( 'NONE', *, *, #3173, .F. ) ;
#2211 =( NAMED_UNIT ( * ) SI_UNIT ( $, .STERADIAN. ) SOLID_ANGLE_UNIT ( ) );
#2212 = PLANE ( 'NONE',  #3826 ) ;
#2213 = FILL_AREA_STYLE_COLOUR ( '', #537 ) ;
#2214 = COLOUR_RGB ( '',0.000000000000000000, 0.5019607843137254832, 0.000000000000000000 ) ;
#2215 = PRESENTATION_LAYER_ASSIGNMENT (  '', '', ( #141 ) ) ;
#2216 = PRESENTATION_STYLE_ASSIGNMENT (( #818 ) ) ;
#2217 = CARTESIAN_POINT ( 'NONE',  ( 0.5749999999999999556, 0.000000000000000000, -0.4000000000000000222 ) ) ;
#2218 = CARTESIAN_POINT ( 'NONE',  ( -0.7500000000000000000, 0.1600000000000000033, -0.1948717526990507709 ) ) ;
#2219 = UNCERTAINTY_MEASURE_WITH_UNIT (LENGTH_MEASURE( 1.000000000000000082E-05 ), #716, 'distance_accuracy_value', 'NONE');
#2220 = SURFACE_STYLE_USAGE ( .BOTH. , #84 ) ;
#2221 =( NAMED_UNIT ( * ) SI_UNIT ( $, .STERADIAN. ) SOLID_ANGLE_UNIT ( ) );
#2222 =( NAMED_UNIT ( * ) SI_UNIT ( $, .STERADIAN. ) SOLID_ANGLE_UNIT ( ) );
#2223 = ORIENTED_EDGE ( 'NONE', *, *, #2235, .F. ) ;
#2224 = SURFACE_SIDE_STYLE ('',( #1173 ) ) ;
#2225 = ORIENTED_EDGE ( 'NONE', *, *, #2563, .T. ) ;
#2226 = CARTESIAN_POINT ( 'NONE',  ( 0.7500000000000000000, -0.01000000000000000021, -0.4000000000000000222 ) ) ;
#2227 = UNCERTAINTY_MEASURE_WITH_UNIT (LENGTH_MEASURE( 1.000000000000000082E-05 ), #1724, 'distance_accuracy_value', 'NONE');
#2228 =( NAMED_UNIT ( * ) PLANE_ANGLE_UNIT ( ) SI_UNIT ( $, .RADIAN. ) );
#2229 = ORIENTED_EDGE ( 'NONE', *, *, #2546, .T. ) ;
#2230 = SURFACE_SIDE_STYLE ('',( #1875 ) ) ;
#2231 = DIRECTION ( 'NONE',  ( 0.000000000000000000, 0.000000000000000000, 1.000000000000000000 ) ) ;
#2232 =( NAMED_UNIT ( * ) SI_UNIT ( $, .STERADIAN. ) SOLID_ANGLE_UNIT ( ) );
#2233 = ORIENTED_EDGE ( 'NONE', *, *, #1211, .T. ) ;
#2234 = PRESENTATION_STYLE_ASSIGNMENT (( #212 ) ) ;
#2235 = EDGE_CURVE ( 'NONE', #3034, #1874, #1313, .T. ) ;
#2236 = COLOUR_RGB ( '',1.000000000000000000, 1.000000000000000000, 1.000000000000000000 ) ;
#2237 = CARTESIAN_POINT ( 'NONE',  ( -0.8000000000000000444, 0.1600000000000000033, 0.1500000000000001887 ) ) ;
#2238 = ADVANCED_FACE ( 'NONE', ( #4108 ), #2697, .F. ) ;
#2239 = DIRECTION ( 'NONE',  ( -0.000000000000000000, 1.000000000000000000, -0.000000000000000000 ) ) ;
#2240 = VECTOR ( 'NONE', #275, 1000.000000000000000 ) ;
#2241 = PRESENTATION_STYLE_ASSIGNMENT (( #1594 ) ) ;
#2242 = AXIS2_PLACEMENT_3D ( 'NONE', #651, #2071, #4524 ) ;
#2243 = STYLED_ITEM ( 'NONE', ( #734 ), #3486 ) ;
#2244 = CARTESIAN_POINT ( 'NONE',  ( 0.8000000000000000444, 0.1600000000000000033, 0.4000000000000000222 ) ) ;
#2245 = FACE_OUTER_BOUND ( 'NONE', #2469, .T. ) ;
#2246 = DIRECTION ( 'NONE',  ( 0.000000000000000000, 0.000000000000000000, 1.000000000000000000 ) ) ;
#2247 = VERTEX_POINT ( 'NONE', #4046 ) ;
#2248 = ORIENTED_EDGE ( 'NONE', *, *, #4408, .F. ) ;
#2249 = PRESENTATION_LAYER_ASSIGNMENT (  '', '', ( #27 ) ) ;
#2250 = STYLED_ITEM ( 'NONE', ( #2709 ), #399 ) ;
#2251 = AXIS2_PLACEMENT_3D ( 'NONE', #3276, #2200, #2246 ) ;
#2252 = LINE ( 'NONE', #3615, #1965 ) ;
#2253 = CIRCLE ( 'NONE', #317, 0.1499999999999999944 ) ;
#2254 =( LENGTH_UNIT ( ) NAMED_UNIT ( * ) SI_UNIT ( .MILLI., .METRE. ) );
#2255 = UNCERTAINTY_MEASURE_WITH_UNIT (LENGTH_MEASURE( 1.000000000000000082E-05 ), #3168, 'distance_accuracy_value', 'NONE');
#2256 = CIRCLE ( 'NONE', #768, 0.1999999999999999833 ) ;
#2257 = CARTESIAN_POINT ( 'NONE',  ( 0.8000000000000000444, 0.000000000000000000, 0.000000000000000000 ) ) ;
#2258 = DIRECTION ( 'NONE',  ( 1.000000000000000000, -0.000000000000000000, 1.548860246407864076E-16 ) ) ;
#2259 = VERTEX_POINT ( 'NONE', #987 ) ;
#2260 =( NAMED_UNIT ( * ) PLANE_ANGLE_UNIT ( ) SI_UNIT ( $, .RADIAN. ) );
#2261 = EDGE_CURVE ( 'NONE', #144, #4106, #1993, .T. ) ;
#2262 =( NAMED_UNIT ( * ) SI_UNIT ( $, .STERADIAN. ) SOLID_ANGLE_UNIT ( ) );
#2263 = VECTOR ( 'NONE', #2409, 1000.000000000000000 ) ;
#2264 = MECHANICAL_DESIGN_GEOMETRIC_PRESENTATION_REPRESENTATION (  '', ( #47 ), #119 ) ;
#2265 = FILL_AREA_STYLE_COLOUR ( '', #145 ) ;
#2266 = PRESENTATION_LAYER_ASSIGNMENT (  '', '', ( #1456 ) ) ;
#2267 =( NAMED_UNIT ( * ) SI_UNIT ( $, .STERADIAN. ) SOLID_ANGLE_UNIT ( ) );
#2268 = SURFACE_STYLE_USAGE ( .BOTH. , #801 ) ;
#2269 = CARTESIAN_POINT ( 'NONE',  ( 0.5999999999999999778, -0.01000000000000000021, 0.4000000000000000222 ) ) ;
#2270 = VERTEX_POINT ( 'NONE', #3693 ) ;
#2271 = UNCERTAINTY_MEASURE_WITH_UNIT (LENGTH_MEASURE( 1.000000000000000082E-05 ), #3974, 'distance_accuracy_value', 'NONE');
#2272 = ORIENTED_EDGE ( 'NONE', *, *, #1001, .F. ) ;
#2273 = CLOSED_SHELL ( 'NONE', ( #578, #200, #1976, #730, #3902, #1030, #598, #1978 ) ) ;
#2274 = SURFACE_SIDE_STYLE ('',( #3279 ) ) ;
#2275 = UNCERTAINTY_MEASURE_WITH_UNIT (LENGTH_MEASURE( 1.000000000000000082E-05 ), #4032, 'distance_accuracy_value', 'NONE');
#2276 = PRESENTATION_STYLE_ASSIGNMENT (( #1921 ) ) ;
#2277 = DIRECTION ( 'NONE',  ( 0.000000000000000000, 0.000000000000000000, 1.000000000000000000 ) ) ;
#2278 = AXIS2_PLACEMENT_3D ( 'NONE', #2937, #4252, #1518 ) ;
#2279 = DIRECTION ( 'NONE',  ( 0.000000000000000000, 0.000000000000000000, 1.000000000000000000 ) ) ;
#2280 = ORIENTED_EDGE ( 'NONE', *, *, #1748, .T. ) ;
#2281 =( LENGTH_UNIT ( ) NAMED_UNIT ( * ) SI_UNIT ( .MILLI., .METRE. ) );
#2282 = PRESENTATION_LAYER_ASSIGNMENT (  '', '', ( #2627 ) ) ;
#2283 = CARTESIAN_POINT ( 'NONE',  ( -0.8000000000000000444, 0.1600000000000000033, 0.4000000000000000222 ) ) ;
#2284 =( NAMED_UNIT ( * ) SI_UNIT ( $, .STERADIAN. ) SOLID_ANGLE_UNIT ( ) );
#2285 = AXIS2_PLACEMENT_3D ( 'NONE', #1653, #4051, #892 ) ;
#2286 = DIRECTION ( 'NONE',  ( -0.000000000000000000, 1.000000000000000000, -0.000000000000000000 ) ) ;
#2287 = DIRECTION ( 'NONE',  ( -0.000000000000000000, -1.000000000000000000, -0.000000000000000000 ) ) ;
#2288 = STYLED_ITEM ( 'NONE', ( #4328 ), #2028 ) ;
#2289 = ORIENTED_EDGE ( 'NONE', *, *, #4430, .T. ) ;
#2290 =( NAMED_UNIT ( * ) PLANE_ANGLE_UNIT ( ) SI_UNIT ( $, .RADIAN. ) );
#2291 = ORIENTED_EDGE ( 'NONE', *, *, #3337, .T. ) ;
#2292 = EDGE_CURVE ( 'NONE', #3371, #3697, #590, .T. ) ;
#2293 = SURFACE_STYLE_USAGE ( .BOTH. , #2995 ) ;
#2294 = DIRECTION ( 'NONE',  ( 0.000000000000000000, 0.000000000000000000, 1.000000000000000000 ) ) ;
#2295 = CARTESIAN_POINT ( 'NONE',  ( 0.8000000000000000444, -0.01000000000000000021, -0.1499999999999999944 ) ) ;
#2296 = CARTESIAN_POINT ( 'NONE',  ( 0.7500000000000000000, -0.01000000000000000021, 0.2449489742783176882 ) ) ;
#2297 = VECTOR ( 'NONE', #4536, 1000.000000000000000 ) ;
#2298 = ORIENTED_EDGE ( 'NONE', *, *, #327, .T. ) ;
#2299 = LINE ( 'NONE', #4369, #1639 ) ;
#2300 = ORIENTED_EDGE ( 'NONE', *, *, #1589, .F. ) ;
#2301 = CARTESIAN_POINT ( 'NONE',  ( 0.8000000000000000444, -0.01000000000000000021, 0.000000000000000000 ) ) ;
#2302 = PLANE ( 'NONE',  #4349 ) ;
#2303 = FACE_OUTER_BOUND ( 'NONE', #4079, .T. ) ;
#2304 = AXIS2_PLACEMENT_3D ( 'NONE', #3283, #2258, #4276 ) ;
#2305 = SURFACE_SIDE_STYLE ('',( #4074 ) ) ;
#2306 =( LENGTH_UNIT ( ) NAMED_UNIT ( * ) SI_UNIT ( .MILLI., .METRE. ) );
#2307 = PRESENTATION_STYLE_ASSIGNMENT (( #2639 ) ) ;
#2308 = ORIENTED_EDGE ( 'NONE', *, *, #2261, .F. ) ;
#2309 = ORIENTED_EDGE ( 'NONE', *, *, #4068, .F. ) ;
#2310 = COLOUR_RGB ( '',0.9686274509803921573, 0.8784313725490195957, 0.5999999999999999778 ) ;
#2311 =( GEOMETRIC_REPRESENTATION_CONTEXT ( 3 ) GLOBAL_UNCERTAINTY_ASSIGNED_CONTEXT ( ( #3998 ) ) GLOBAL_UNIT_ASSIGNED_CONTEXT ( ( #1302, #3804, #707 ) ) REPRESENTATION_CONTEXT ( 'NONE', 'WORKASPACE' ) );
#2312 = PRESENTATION_STYLE_ASSIGNMENT (( #1241 ) ) ;
#2313 = AXIS2_PLACEMENT_3D ( 'NONE', #2872, #2384, #1410 ) ;
#2314 = EDGE_CURVE ( 'NONE', #864, #521, #2033, .T. ) ;
#2315 = MECHANICAL_DESIGN_GEOMETRIC_PRESENTATION_REPRESENTATION (  '', ( #242 ), #2963 ) ;
#2316 = VECTOR ( 'NONE', #2843, 1000.000000000000000 ) ;
#2317 = FILL_AREA_STYLE_COLOUR ( '', #3668 ) ;
#2318 = CARTESIAN_POINT ( 'NONE',  ( -0.7949999999999999289, 0.1700000000000000122, 0.000000000000000000 ) ) ;
#2319 = PRESENTATION_LAYER_ASSIGNMENT (  '', '', ( #1651 ) ) ;
#2320 = PRESENTATION_LAYER_ASSIGNMENT (  '', '', ( #3115 ) ) ;
#2321 = AXIS2_PLACEMENT_3D ( 'NONE', #930, #4138, #3752 ) ;
#2322 = EDGE_CURVE ( 'NONE', #1553, #1035, #2324, .T. ) ;
#2323 = ORIENTED_EDGE ( 'NONE', *, *, #2235, .T. ) ;
#2324 = LINE ( 'NONE', #1627, #2383 ) ;
#2325 = EDGE_CURVE ( 'NONE', #1743, #3086, #1784, .T. ) ;
#2326 = VECTOR ( 'NONE', #4288, 1000.000000000000000 ) ;
#2327 = CARTESIAN_POINT ( 'NONE',  ( 0.8000000000000000444, 0.1600000000000000033, -0.4000000000000000222 ) ) ;
#2328 = EDGE_CURVE ( 'NONE', #1933, #1743, #1946, .T. ) ;
#2329 = ORIENTED_EDGE ( 'NONE', *, *, #327, .F. ) ;
#2330 =( NAMED_UNIT ( * ) SI_UNIT ( $, .STERADIAN. ) SOLID_ANGLE_UNIT ( ) );
#2331 = SURFACE_SIDE_STYLE ('',( #4052 ) ) ;
#2332 = CARTESIAN_POINT ( 'NONE',  ( -0.8000000000000000444, 0.1700000000000000122, 1.959434878635765230E-16 ) ) ;
#2333 =( NAMED_UNIT ( * ) PLANE_ANGLE_UNIT ( ) SI_UNIT ( $, .RADIAN. ) );
#2334 =( NAMED_UNIT ( * ) SI_UNIT ( $, .STERADIAN. ) SOLID_ANGLE_UNIT ( ) );
#2335 = CARTESIAN_POINT ( 'NONE',  ( -0.8000000000000000444, 0.1700000000000000122, 0.1999374902313220403 ) ) ;
#2336 = ORIENTED_EDGE ( 'NONE', *, *, #3852, .F. ) ;
#2337 = FILL_AREA_STYLE ('',( #154 ) ) ;
#2338 = ORIENTED_EDGE ( 'NONE', *, *, #2853, .F. ) ;
#2339 = MECHANICAL_DESIGN_GEOMETRIC_PRESENTATION_REPRESENTATION (  '', ( #1885 ), #330 ) ;
#2340 = FACE_OUTER_BOUND ( 'NONE', #1915, .T. ) ;
#2341 = ORIENTED_EDGE ( 'NONE', *, *, #4344, .T. ) ;
#2342 = EDGE_CURVE ( 'NONE', #1417, #68, #550, .T. ) ;
#2343 = UNCERTAINTY_MEASURE_WITH_UNIT (LENGTH_MEASURE( 1.000000000000000082E-05 ), #1635, 'distance_accuracy_value', 'NONE');
#2344 = SURFACE_STYLE_USAGE ( .BOTH. , #1263 ) ;
#2345 = EDGE_CURVE ( 'NONE', #163, #1933, #232, .T. ) ;
#2346 = LINE ( 'NONE', #3440, #3925 ) ;
#2347 = EDGE_CURVE ( 'NONE', #68, #3514, #1645, .T. ) ;
#2348 = ORIENTED_EDGE ( 'NONE', *, *, #2806, .F. ) ;
#2349 = CARTESIAN_POINT ( 'NONE',  ( -0.8000000000000000444, -0.01000000000000000021, -0.1499999999999999944 ) ) ;
#2350 = CARTESIAN_POINT ( 'NONE',  ( 0.5749999999999999556, 0.000000000000000000, 0.4000000000000000222 ) ) ;
#2351 = VECTOR ( 'NONE', #3553, 1000.000000000000000 ) ;
#2352 =( LENGTH_UNIT ( ) NAMED_UNIT ( * ) SI_UNIT ( .MILLI., .METRE. ) );
#2353 = UNCERTAINTY_MEASURE_WITH_UNIT (LENGTH_MEASURE( 1.000000000000000082E-05 ), #2281, 'distance_accuracy_value', 'NONE');
#2354 =( LENGTH_UNIT ( ) NAMED_UNIT ( * ) SI_UNIT ( .MILLI., .METRE. ) );
#2355 = AXIS2_PLACEMENT_3D ( 'NONE', #2318, #1772, #1752 ) ;
#2356 = CARTESIAN_POINT ( 'NONE',  ( 0.8000000000000000444, -0.01000000000000000021, 0.000000000000000000 ) ) ;
#2357 = SURFACE_SIDE_STYLE ('',( #934 ) ) ;
#2358 = DIRECTION ( 'NONE',  ( -0.000000000000000000, -1.000000000000000000, -0.000000000000000000 ) ) ;
#2359 = CARTESIAN_POINT ( 'NONE',  ( -0.02999999999999986705, 0.1700000000000000122, 0.1000000000000000194 ) ) ;
#2360 = ORIENTED_EDGE ( 'NONE', *, *, #338, .F. ) ;
#2361 = LINE ( 'NONE', #3387, #4500 ) ;
#2362 = AXIS2_PLACEMENT_3D ( 'NONE', #1076, #2490, #2511 ) ;
#2363 = DIRECTION ( 'NONE',  ( 0.000000000000000000, 0.000000000000000000, -1.000000000000000000 ) ) ;
#2364 = CARTESIAN_POINT ( 'NONE',  ( -0.6800000000000000488, -0.01000000000000000021, 0.1600000000000000033 ) ) ;
#2365 = DIRECTION ( 'NONE',  ( 0.000000000000000000, 0.000000000000000000, -1.000000000000000000 ) ) ;
#2366 = MECHANICAL_DESIGN_GEOMETRIC_PRESENTATION_REPRESENTATION (  '', ( #1698 ), #363 ) ;
#2367 = DIRECTION ( 'NONE',  ( -0.000000000000000000, 1.000000000000000000, -0.000000000000000000 ) ) ;
#2368 = DIRECTION ( 'NONE',  ( -4.336808689942011820E-16, 0.000000000000000000, -1.000000000000000000 ) ) ;
#2369 = DIRECTION ( 'NONE',  ( 0.000000000000000000, -0.000000000000000000, -1.000000000000000000 ) ) ;
#2370 = MECHANICAL_DESIGN_GEOMETRIC_PRESENTATION_REPRESENTATION (  '', ( #3319 ), #3686 ) ;
#2371 = SURFACE_STYLE_USAGE ( .BOTH. , #261 ) ;
#2372 = EDGE_LOOP ( 'NONE', ( #1757, #1754, #4245, #3326 ) ) ;
#2373 = LINE ( 'NONE', #3076, #880 ) ;
#2374 = CARTESIAN_POINT ( 'NONE',  ( 0.5999999999999999778, 0.000000000000000000, -0.4000000000000000222 ) ) ;
#2375 = ADVANCED_FACE ( 'NONE', ( #3181 ), #3840, .T. ) ;
#2376 = CARTESIAN_POINT ( 'NONE',  ( 0.8000000000000000444, -0.01000000000000000021, 0.4000000000000000222 ) ) ;
#2377 = FILL_AREA_STYLE_COLOUR ( '', #3770 ) ;
#2378 = FILL_AREA_STYLE_COLOUR ( '', #2461 ) ;
#2379 = ORIENTED_EDGE ( 'NONE', *, *, #3433, .F. ) ;
#2380 = EDGE_CURVE ( 'NONE', #4239, #3371, #2477, .T. ) ;
#2381 = SURFACE_SIDE_STYLE ('',( #3388 ) ) ;
#2382 = PRESENTATION_STYLE_ASSIGNMENT (( #270 ) ) ;
#2383 = VECTOR ( 'NONE', #3394, 1000.000000000000000 ) ;
#2384 = DIRECTION ( 'NONE',  ( 0.000000000000000000, -1.000000000000000000, 0.000000000000000000 ) ) ;
#2385 = COLOUR_RGB ( '',0.9686274509803921573, 0.8784313725490195957, 0.5999999999999999778 ) ;
#2386 = DIRECTION ( 'NONE',  ( 0.000000000000000000, 0.000000000000000000, -1.000000000000000000 ) ) ;
#2387 = VECTOR ( 'NONE', #2878, 1000.000000000000000 ) ;
#2388 = AXIS2_PLACEMENT_3D ( 'NONE', #4358, #3972, #2990 ) ;
#2389 = UNCERTAINTY_MEASURE_WITH_UNIT (LENGTH_MEASURE( 1.000000000000000082E-05 ), #4319, 'distance_accuracy_value', 'NONE');
#2390 = AXIS2_PLACEMENT_3D ( 'NONE', #3448, #195, #1980 ) ;
#2391 = VERTEX_POINT ( 'NONE', #2497 ) ;
#2392 = DIRECTION ( 'NONE',  ( 1.581128168208027464E-16, 0.000000000000000000, 1.000000000000000000 ) ) ;
#2393 = AXIS2_PLACEMENT_3D ( 'NONE', #4251, #4183, #3262 ) ;
#2394 = ADVANCED_FACE ( 'NONE', ( #739 ), #2125, .F. ) ;
#2395 =( GEOMETRIC_REPRESENTATION_CONTEXT ( 3 ) GLOBAL_UNCERTAINTY_ASSIGNED_CONTEXT ( ( #1196 ) ) GLOBAL_UNIT_ASSIGNED_CONTEXT ( ( #796, #3024, #1272 ) ) REPRESENTATION_CONTEXT ( 'NONE', 'WORKASPACE' ) );
#2396 = FACE_OUTER_BOUND ( 'NONE', #545, .T. ) ;
#2397 = DIRECTION ( 'NONE',  ( 0.000000000000000000, 0.000000000000000000, 1.000000000000000000 ) ) ;
#2398 = PLANE ( 'NONE',  #2744 ) ;
#2399 = CARTESIAN_POINT ( 'NONE',  ( -0.5749999999999999556, 0.000000000000000000, -0.4000000000000001887 ) ) ;
#2400 = EDGE_CURVE ( 'NONE', #705, #3599, #4506, .T. ) ;
#2401 = DIRECTION ( 'NONE',  ( 0.000000000000000000, 0.000000000000000000, 1.000000000000000000 ) ) ;
#2402 = CARTESIAN_POINT ( 'NONE',  ( 0.3499999999999999223, 0.1600000000000000033, -0.3499999999999998668 ) ) ;
#2403 =( NAMED_UNIT ( * ) PLANE_ANGLE_UNIT ( ) SI_UNIT ( $, .RADIAN. ) );
#2404 = VERTEX_POINT ( 'NONE', #1011 ) ;
#2405 =( NAMED_UNIT ( * ) PLANE_ANGLE_UNIT ( ) SI_UNIT ( $, .RADIAN. ) );
#2406 = AXIS2_PLACEMENT_3D ( 'NONE', #182, #1573, #3013 ) ;
#2407 = DIRECTION ( 'NONE',  ( 0.000000000000000000, 0.000000000000000000, 1.000000000000000000 ) ) ;
#2408 = ORIENTED_EDGE ( 'NONE', *, *, #2781, .T. ) ;
#2409 = DIRECTION ( 'NONE',  ( -1.000000000000000000, -0.000000000000000000, -0.000000000000000000 ) ) ;
#2410 = SURFACE_SIDE_STYLE ('',( #3779 ) ) ;
#2411 = PRESENTATION_STYLE_ASSIGNMENT (( #3858 ) ) ;
#2412 = MECHANICAL_DESIGN_GEOMETRIC_PRESENTATION_REPRESENTATION (  '', ( #4384 ), #4233 ) ;
#2413 = ORIENTED_EDGE ( 'NONE', *, *, #1529, .F. ) ;
#2414 = FACE_OUTER_BOUND ( 'NONE', #573, .T. ) ;
#2415 =( NAMED_UNIT ( * ) SI_UNIT ( $, .STERADIAN. ) SOLID_ANGLE_UNIT ( ) );
#2416 = AXIS2_PLACEMENT_3D ( 'NONE', #4184, #3537, #1472 ) ;
#2417 = PLANE ( 'NONE',  #4354 ) ;
#2418 = SURFACE_STYLE_FILL_AREA ( #1005 ) ;
#2419 = ADVANCED_FACE ( 'NONE', ( #2423 ), #657, .T. ) ;
#2420 = ORIENTED_EDGE ( 'NONE', *, *, #2208, .T. ) ;
#2421 = EDGE_CURVE ( 'NONE', #52, #3753, #2520, .T. ) ;
#2422 =( LENGTH_UNIT ( ) NAMED_UNIT ( * ) SI_UNIT ( .MILLI., .METRE. ) );
#2423 = FACE_OUTER_BOUND ( 'NONE', #1891, .T. ) ;
#2424 = COLOUR_RGB ( '',1.000000000000000000, 1.000000000000000000, 1.000000000000000000 ) ;
#2425 = UNCERTAINTY_MEASURE_WITH_UNIT (LENGTH_MEASURE( 1.000000000000000082E-05 ), #3370, 'distance_accuracy_value', 'NONE');
#2426 = LINE ( 'NONE', #3817, #2545 ) ;
#2427 = FILL_AREA_STYLE ('',( #1015 ) ) ;
#2428 = ORIENTED_EDGE ( 'NONE', *, *, #3302, .F. ) ;
#2429 = LINE ( 'NONE', #3876, #1191 ) ;
#2430 = VECTOR ( 'NONE', #2165, 1000.000000000000000 ) ;
#2431 = SURFACE_STYLE_FILL_AREA ( #2086 ) ;
#2432 = CARTESIAN_POINT ( 'NONE',  ( 0.1700000000000001510, 0.1600000000000000033, -0.1000000000000000056 ) ) ;
#2433 = SURFACE_STYLE_USAGE ( .BOTH. , #1452 ) ;
#2434 = DIRECTION ( 'NONE',  ( 0.000000000000000000, 0.000000000000000000, -1.000000000000000000 ) ) ;
#2435 = VERTEX_POINT ( 'NONE', #3645 ) ;
#2436 = PRESENTATION_STYLE_ASSIGNMENT (( #4147 ) ) ;
#2437 = FACE_OUTER_BOUND ( 'NONE', #1448, .T. ) ;
#2438 = ORIENTED_EDGE ( 'NONE', *, *, #899, .T. ) ;
#2439 = CARTESIAN_POINT ( 'NONE',  ( 0.8000000000000000444, -0.01000000000000000021, 0.2499999999999999445 ) ) ;
#2440 =( LENGTH_UNIT ( ) NAMED_UNIT ( * ) SI_UNIT ( .MILLI., .METRE. ) );
#2441 = ORIENTED_EDGE ( 'NONE', *, *, #259, .F. ) ;
#2442 = DIRECTION ( 'NONE',  ( 0.000000000000000000, 1.000000000000000000, -0.000000000000000000 ) ) ;
#2443 = EDGE_LOOP ( 'NONE', ( #366, #465, #43, #1382 ) ) ;
#2444 = SURFACE_STYLE_USAGE ( .BOTH. , #4175 ) ;
#2445 = VECTOR ( 'NONE', #2721, 1000.000000000000114 ) ;
#2446 = CARTESIAN_POINT ( 'NONE',  ( -0.02999999999999986705, 0.1700000000000000122, 0.1000000000000000194 ) ) ;
#2447 = EDGE_CURVE ( 'NONE', #3376, #1849, #4292, .T. ) ;
#2448 = COLOUR_RGB ( '',0.9686274509803921573, 0.8784313725490195957, 0.5999999999999999778 ) ;
#2449 = SURFACE_STYLE_USAGE ( .BOTH. , #1032 ) ;
#2450 = SURFACE_STYLE_FILL_AREA ( #2883 ) ;
#2451 = PRESENTATION_LAYER_ASSIGNMENT (  '', '', ( #3623 ) ) ;
#2452 = STYLED_ITEM ( 'NONE', ( #3493 ), #3534 ) ;
#2453 = ADVANCED_FACE ( 'NONE', ( #1134 ), #4269, .F. ) ;
#2454 = ORIENTED_EDGE ( 'NONE', *, *, #629, .T. ) ;
#2455 = CARTESIAN_POINT ( 'NONE',  ( 0.1700000000000001510, 0.1700000000000000122, -0.1000000000000000056 ) ) ;
#2456 = LINE ( 'NONE', #2159, #4338 ) ;
#2457 = STYLED_ITEM ( 'NONE', ( #4375 ), #3294 ) ;
#2458 = PRESENTATION_LAYER_ASSIGNMENT (  '', '', ( #3987 ) ) ;
#2459 = FACE_OUTER_BOUND ( 'NONE', #2712, .T. ) ;
#2460 = PRESENTATION_LAYER_ASSIGNMENT (  '', '', ( #396 ) ) ;
#2461 = COLOUR_RGB ( '',0.000000000000000000, 0.5019607843137254832, 0.000000000000000000 ) ;
#2462 = DIRECTION ( 'NONE',  ( -0.000000000000000000, -1.000000000000000000, 0.000000000000000000 ) ) ;
#2463 = SURFACE_SIDE_STYLE ('',( #1043 ) ) ;
#2464 = DIRECTION ( 'NONE',  ( 1.000000000000000000, -0.000000000000000000, 1.414176746720223400E-16 ) ) ;
#2465 = SURFACE_STYLE_USAGE ( .BOTH. , #1400 ) ;
#2466 = CARTESIAN_POINT ( 'NONE',  ( 0.1700000000000001510, 0.1600000000000000033, -0.1000000000000000056 ) ) ;
#2467 = SURFACE_SIDE_STYLE ('',( #1095 ) ) ;
#2468 = SURFACE_STYLE_USAGE ( .BOTH. , #3782 ) ;
#2469 = EDGE_LOOP ( 'NONE', ( #3277, #2765, #2223, #1254 ) ) ;
#2470 = AXIS2_PLACEMENT_3D ( 'NONE', #2752, #1707, #2793 ) ;
#2471 =( NAMED_UNIT ( * ) SI_UNIT ( $, .STERADIAN. ) SOLID_ANGLE_UNIT ( ) );
#2472 = ORIENTED_EDGE ( 'NONE', *, *, #2864, .T. ) ;
#2473 = DIRECTION ( 'NONE',  ( -0.000000000000000000, -1.000000000000000000, -0.000000000000000000 ) ) ;
#2474 = VERTEX_POINT ( 'NONE', #2549 ) ;
#2475 = ORIENTED_EDGE ( 'NONE', *, *, #2668, .F. ) ;
#2476 = FILL_AREA_STYLE ('',( #3233 ) ) ;
#2477 = LINE ( 'NONE', #3161, #1117 ) ;
#2478 =( GEOMETRIC_REPRESENTATION_CONTEXT ( 3 ) GLOBAL_UNCERTAINTY_ASSIGNED_CONTEXT ( ( #3793 ) ) GLOBAL_UNIT_ASSIGNED_CONTEXT ( ( #2354, #4530, #2764 ) ) REPRESENTATION_CONTEXT ( 'NONE', 'WORKASPACE' ) );
#2479 = EDGE_CURVE ( 'NONE', #2577, #3205, #3941, .T. ) ;
#2480 =( GEOMETRIC_REPRESENTATION_CONTEXT ( 3 ) GLOBAL_UNCERTAINTY_ASSIGNED_CONTEXT ( ( #3587 ) ) GLOBAL_UNIT_ASSIGNED_CONTEXT ( ( #879, #4409, #3688 ) ) REPRESENTATION_CONTEXT ( 'NONE', 'WORKASPACE' ) );
#2481 = CARTESIAN_POINT ( 'NONE',  ( 0.7500000000000000000, -0.01000000000000000021, 0.4000000000000000222 ) ) ;
#2482 = EDGE_LOOP ( 'NONE', ( #1384, #4501, #65, #3900 ) ) ;
#2483 =( NAMED_UNIT ( * ) PLANE_ANGLE_UNIT ( ) SI_UNIT ( $, .RADIAN. ) );
#2484 = EDGE_CURVE ( 'NONE', #502, #3214, #2205, .T. ) ;
#2485 = CARTESIAN_POINT ( 'NONE',  ( 0.7500000000000000000, 0.000000000000000000, 0.2449489742783176882 ) ) ;
#2486 = LINE ( 'NONE', #701, #2297 ) ;
#2487 =( NAMED_UNIT ( * ) PLANE_ANGLE_UNIT ( ) SI_UNIT ( $, .RADIAN. ) );
#2488 = LINE ( 'NONE', #3267, #3119 ) ;
#2489 = EDGE_LOOP ( 'NONE', ( #919, #2420, #1174, #1968, #122, #4321, #1503, #2198 ) ) ;
#2490 = DIRECTION ( 'NONE',  ( -0.000000000000000000, 1.000000000000000000, -0.000000000000000000 ) ) ;
#2491 = ORIENTED_EDGE ( 'NONE', *, *, #351, .F. ) ;
#2492 = DIRECTION ( 'NONE',  ( 0.000000000000000000, 0.000000000000000000, 1.000000000000000000 ) ) ;
#2493 = DIRECTION ( 'NONE',  ( 0.000000000000000000, 0.000000000000000000, 1.000000000000000000 ) ) ;
#2494 = ORIENTED_EDGE ( 'NONE', *, *, #2479, .T. ) ;
#2495 = ORIENTED_EDGE ( 'NONE', *, *, #476, .T. ) ;
#2496 = CIRCLE ( 'NONE', #3306, 0.2499999999999998890 ) ;
#2497 = CARTESIAN_POINT ( 'NONE',  ( 0.7500000000000000000, 0.1700000000000000122, 0.1948717526990507709 ) ) ;
#2498 = DIRECTION ( 'NONE',  ( 0.000000000000000000, 0.000000000000000000, 1.000000000000000000 ) ) ;
#2499 = MECHANICAL_DESIGN_GEOMETRIC_PRESENTATION_REPRESENTATION (  '', ( #4465 ), #4026 ) ;
#2500 = VERTEX_POINT ( 'NONE', #1847 ) ;
#2501 = PRESENTATION_LAYER_ASSIGNMENT (  '', '', ( #2780 ) ) ;
#2502 = DIRECTION ( 'NONE',  ( -0.000000000000000000, 1.000000000000000000, -0.000000000000000000 ) ) ;
#2503 = SURFACE_SIDE_STYLE ('',( #373 ) ) ;
#2504 = CARTESIAN_POINT ( 'NONE',  ( 0.5999999999999999778, 0.000000000000000000, -0.4000000000000000222 ) ) ;
#2505 = LINE ( 'NONE', #702, #2316 ) ;
#2506 = SURFACE_SIDE_STYLE ('',( #4236 ) ) ;
#2507 = CARTESIAN_POINT ( 'NONE',  ( -0.8000000000000000444, -0.01000000000000000021, 0.000000000000000000 ) ) ;
#2508 = ORIENTED_EDGE ( 'NONE', *, *, #524, .T. ) ;
#2509 = CARTESIAN_POINT ( 'NONE',  ( 0.000000000000000000, 0.1600000000000000033, 0.000000000000000000 ) ) ;
#2510 = CARTESIAN_POINT ( 'NONE',  ( 0.8000000000000000444, 0.5054101966249683331, 0.000000000000000000 ) ) ;
#2511 = DIRECTION ( 'NONE',  ( 0.000000000000000000, 0.000000000000000000, 1.000000000000000000 ) ) ;
#2512 = ORIENTED_EDGE ( 'NONE', *, *, #2988, .T. ) ;
#2513 = FACE_OUTER_BOUND ( 'NONE', #92, .T. ) ;
#2514 = VERTEX_POINT ( 'NONE', #4313 ) ;
#2515 = FILL_AREA_STYLE_COLOUR ( '', #4492 ) ;
#2516 = EDGE_LOOP ( 'NONE', ( #2272, #1487 ) ) ;
#2517 = ADVANCED_FACE ( 'NONE', ( #3254 ), #1176, .T. ) ;
#2518 = SURFACE_SIDE_STYLE ('',( #1108 ) ) ;
#2519 = DIRECTION ( 'NONE',  ( -4.336808689942012313E-16, 0.000000000000000000, -1.000000000000000000 ) ) ;
#2520 = LINE ( 'NONE', #1897, #3035 ) ;
#2521 = EDGE_CURVE ( 'NONE', #782, #502, #3768, .T. ) ;
#2522 = LINE ( 'NONE', #717, #561 ) ;
#2523 = ORIENTED_EDGE ( 'NONE', *, *, #4410, .T. ) ;
#2524 = LINE ( 'NONE', #445, #928 ) ;
#2525 = MECHANICAL_DESIGN_GEOMETRIC_PRESENTATION_REPRESENTATION (  '', ( #3623 ), #162 ) ;
#2526 =( NAMED_UNIT ( * ) PLANE_ANGLE_UNIT ( ) SI_UNIT ( $, .RADIAN. ) );
#2527 =( GEOMETRIC_REPRESENTATION_CONTEXT ( 3 ) GLOBAL_UNCERTAINTY_ASSIGNED_CONTEXT ( ( #501 ) ) GLOBAL_UNIT_ASSIGNED_CONTEXT ( ( #3999, #2290, #2620 ) ) REPRESENTATION_CONTEXT ( 'NONE', 'WORKASPACE' ) );
#2528 = DIRECTION ( 'NONE',  ( -0.000000000000000000, 1.000000000000000000, -0.000000000000000000 ) ) ;
#2529 = PRESENTATION_LAYER_ASSIGNMENT (  '', '', ( #1504 ) ) ;
#2530 = CARTESIAN_POINT ( 'NONE',  ( 0.5154979824291564539, -0.2300000000000000100, 0.3879462107649005453 ) ) ;
#2531 = LINE ( 'NONE', #3566, #532 ) ;
#2532 = MECHANICAL_DESIGN_GEOMETRIC_PRESENTATION_REPRESENTATION (  '', ( #167 ), #1266 ) ;
#2533 = CARTESIAN_POINT ( 'NONE',  ( 0.5154979824291564539, -0.1800000000000000211, 0.000000000000000000 ) ) ;
#2534 =( GEOMETRIC_REPRESENTATION_CONTEXT ( 3 ) GLOBAL_UNCERTAINTY_ASSIGNED_CONTEXT ( ( #118 ) ) GLOBAL_UNIT_ASSIGNED_CONTEXT ( ( #2139, #332, #4537 ) ) REPRESENTATION_CONTEXT ( 'NONE', 'WORKASPACE' ) );
#2535 = CARTESIAN_POINT ( 'NONE',  ( -0.5654294591668851400, -0.1826167978121472080, 0.3879462107649004898 ) ) ;
#2536 =( NAMED_UNIT ( * ) PLANE_ANGLE_UNIT ( ) SI_UNIT ( $, .RADIAN. ) );
#2537 = UNCERTAINTY_MEASURE_WITH_UNIT (LENGTH_MEASURE( 1.000000000000000082E-05 ), #2882, 'distance_accuracy_value', 'NONE');
#2538 = CIRCLE ( 'NONE', #1206, 0.1999999999999999833 ) ;
#2539 = STYLED_ITEM ( 'NONE', ( #4534 ), #3681 ) ;
#2540 = STYLED_ITEM ( 'NONE', ( #2732 ), #1154 ) ;
#2541 = VERTEX_POINT ( 'NONE', #3351 ) ;
#2542 = VECTOR ( 'NONE', #4237, 1000.000000000000000 ) ;
#2543 = DIRECTION ( 'NONE',  ( 0.000000000000000000, 1.000000000000000000, -0.000000000000000000 ) ) ;
#2544 = EDGE_LOOP ( 'NONE', ( #3918, #2413, #3556, #4080 ) ) ;
#2545 = VECTOR ( 'NONE', #2077, 1000.000000000000000 ) ;
#2546 = EDGE_CURVE ( 'NONE', #340, #886, #4421, .T. ) ;
#2547 = EDGE_LOOP ( 'NONE', ( #230, #226, #4261, #2630 ) ) ;
#2548 = LINE ( 'NONE', #2204, #2688 ) ;
#2549 = CARTESIAN_POINT ( 'NONE',  ( -0.8000000000000000444, 0.1700000000000000122, -0.1499999999999999944 ) ) ;
#2550 =( LENGTH_UNIT ( ) NAMED_UNIT ( * ) SI_UNIT ( .MILLI., .METRE. ) );
#2551 = ORIENTED_EDGE ( 'NONE', *, *, #2056, .F. ) ;
#2552 = CARTESIAN_POINT ( 'NONE',  ( 0.000000000000000000, 0.1600000000000000033, -0.4000000000000000222 ) ) ;
#2553 = DIRECTION ( 'NONE',  ( 0.000000000000000000, -0.9986295347545739443, -0.05233595624294388321 ) ) ;
#2554 = PRESENTATION_STYLE_ASSIGNMENT (( #819 ) ) ;
#2555 = CARTESIAN_POINT ( 'NONE',  ( -0.7949999999999999289, 0.1700000000000000122, 0.000000000000000000 ) ) ;
#2556 = DIRECTION ( 'NONE',  ( 0.000000000000000000, 0.000000000000000000, 1.000000000000000000 ) ) ;
#2557 =( NAMED_UNIT ( * ) PLANE_ANGLE_UNIT ( ) SI_UNIT ( $, .RADIAN. ) );
#2558 = FILL_AREA_STYLE ('',( #1549 ) ) ;
#2559 = VERTEX_POINT ( 'NONE', #1622 ) ;
#2560 = SURFACE_STYLE_USAGE ( .BOTH. , #2224 ) ;
#2561 = ORIENTED_EDGE ( 'NONE', *, *, #3847, .T. ) ;
#2562 = FILL_AREA_STYLE ('',( #2644 ) ) ;
#2563 = EDGE_CURVE ( 'NONE', #3408, #2640, #1042, .T. ) ;
#2564 = COLOUR_RGB ( '',0.9686274509803921573, 0.8784313725490195957, 0.5999999999999999778 ) ;
#2565 = CIRCLE ( 'NONE', #504, 0.1499999999999999944 ) ;
#2566 = ORIENTED_EDGE ( 'NONE', *, *, #219, .F. ) ;
#2567 = PRESENTATION_STYLE_ASSIGNMENT (( #3259 ) ) ;
#2568 = LINE ( 'NONE', #3964, #2445 ) ;
#2569 = AXIS2_PLACEMENT_3D ( 'NONE', #2446, #1715, #2031 ) ;
#2570 = LINE ( 'NONE', #1542, #2430 ) ;
#2571 =( LENGTH_UNIT ( ) NAMED_UNIT ( * ) SI_UNIT ( .MILLI., .METRE. ) );
#2572 = CARTESIAN_POINT ( 'NONE',  ( 0.6999999999999999556, 0.000000000000000000, -0.4000000000000000222 ) ) ;
#2573 = AXIS2_PLACEMENT_3D ( 'NONE', #2680, #151, #933 ) ;
#2574 = CARTESIAN_POINT ( 'NONE',  ( -0.8000000000000000444, 0.000000000000000000, 0.1499999999999999944 ) ) ;
#2575 = DIRECTION ( 'NONE',  ( -0.000000000000000000, -1.000000000000000000, -0.000000000000000000 ) ) ;
#2576 = ORIENTED_EDGE ( 'NONE', *, *, #1412, .F. ) ;
#2577 = VERTEX_POINT ( 'NONE', #271 ) ;
#2578 = DIRECTION ( 'NONE',  ( -0.000000000000000000, 0.000000000000000000, -1.000000000000000000 ) ) ;
#2579 = UNCERTAINTY_MEASURE_WITH_UNIT (LENGTH_MEASURE( 1.000000000000000082E-05 ), #3789, 'distance_accuracy_value', 'NONE');
#2580 = CARTESIAN_POINT ( 'NONE',  ( 0.5749999999999999556, 0.000000000000000000, -0.4000000000000000222 ) ) ;
#2581 = UNCERTAINTY_MEASURE_WITH_UNIT (LENGTH_MEASURE( 1.000000000000000082E-05 ), #2550, 'distance_accuracy_value', 'NONE');
#2582 = LINE ( 'NONE', #2296, #1466 ) ;
#2583 = VERTEX_POINT ( 'NONE', #1689 ) ;
#2584 =( NAMED_UNIT ( * ) PLANE_ANGLE_UNIT ( ) SI_UNIT ( $, .RADIAN. ) );
#2585 = CARTESIAN_POINT ( 'NONE',  ( 0.8000000000000000444, -0.01000000000000000021, 0.1499999999999999944 ) ) ;
#2586 = CARTESIAN_POINT ( 'NONE',  ( -0.5654294591668851400, -0.1826167978121472080, 0.3904294591668851511 ) ) ;
#2587 = VERTEX_POINT ( 'NONE', #4020 ) ;
#2588 = PLANE ( 'NONE',  #4053 ) ;
#2589 = VECTOR ( 'NONE', #907, 1000.000000000000000 ) ;
#2590 =( NAMED_UNIT ( * ) PLANE_ANGLE_UNIT ( ) SI_UNIT ( $, .RADIAN. ) );
#2591 = MECHANICAL_DESIGN_GEOMETRIC_PRESENTATION_REPRESENTATION (  '', ( #1504 ), #1424 ) ;
#2592 = STYLED_ITEM ( 'NONE', ( #1326 ), #3526 ) ;
#2593 = PLANE ( 'NONE',  #4005 ) ;
#2594 = SURFACE_STYLE_USAGE ( .BOTH. , #2942 ) ;
#2595 = CARTESIAN_POINT ( 'NONE',  ( 0.6999999999999999556, -0.01000000000000000021, 0.2291287847477919415 ) ) ;
#2596 = VERTEX_POINT ( 'NONE', #2669 ) ;
#2597 = COLOUR_RGB ( '',0.9686274509803921573, 0.8784313725490195957, 0.5999999999999999778 ) ;
#2598 = AXIS2_PLACEMENT_3D ( 'NONE', #4449, #2397, #1955 ) ;
#2599 = ORIENTED_EDGE ( 'NONE', *, *, #2635, .T. ) ;
#2600 = PRESENTATION_LAYER_ASSIGNMENT (  '', '', ( #1050 ) ) ;
#2601 = VECTOR ( 'NONE', #2358, 1000.000000000000000 ) ;
#2602 = STYLED_ITEM ( 'NONE', ( #1184 ), #3902 ) ;
#2603 = UNCERTAINTY_MEASURE_WITH_UNIT (LENGTH_MEASURE( 1.000000000000000082E-05 ), #4143, 'distance_accuracy_value', 'NONE');
#2604 = AXIS2_PLACEMENT_3D ( 'NONE', #2507, #3899, #429 ) ;
#2605 = LINE ( 'NONE', #159, #3664 ) ;
#2606 = VERTEX_POINT ( 'NONE', #4364 ) ;
#2607 = CARTESIAN_POINT ( 'NONE',  ( -0.5654294591668853620, -0.1826167978121472080, -0.3904294591668853731 ) ) ;
#2608 = PLANE ( 'NONE',  #4209 ) ;
#2609 =( LENGTH_UNIT ( ) NAMED_UNIT ( * ) SI_UNIT ( .MILLI., .METRE. ) );
#2610 = EDGE_CURVE ( 'NONE', #1762, #705, #3040, .T. ) ;
#2611 = CARTESIAN_POINT ( 'NONE',  ( -0.3499999999999999223, 0.1600000000000000033, -0.3499999999999998668 ) ) ;
#2612 = FILL_AREA_STYLE_COLOUR ( '', #481 ) ;
#2613 = CIRCLE ( 'NONE', #3867, 0.1999999999999999833 ) ;
#2614 =( LENGTH_UNIT ( ) NAMED_UNIT ( * ) SI_UNIT ( .MILLI., .METRE. ) );
#2615 = MECHANICAL_DESIGN_GEOMETRIC_PRESENTATION_REPRESENTATION (  '', ( #1456 ), #3213 ) ;
#2616 = LINE ( 'NONE', #2919, #1133 ) ;
#2617 = LINE ( 'NONE', #2335, #603 ) ;
#2618 = EDGE_LOOP ( 'NONE', ( #4145, #2551, #3088, #4289 ) ) ;
#2619 = UNCERTAINTY_MEASURE_WITH_UNIT (LENGTH_MEASURE( 1.000000000000000082E-05 ), #3336, 'distance_accuracy_value', 'NONE');
#2620 =( NAMED_UNIT ( * ) SI_UNIT ( $, .STERADIAN. ) SOLID_ANGLE_UNIT ( ) );
#2621 = ORIENTED_EDGE ( 'NONE', *, *, #4433, .T. ) ;
#2622 = DIRECTION ( 'NONE',  ( 0.000000000000000000, 0.000000000000000000, 1.000000000000000000 ) ) ;
#2623 = LINE ( 'NONE', #1601, #3308 ) ;
#2624 = COLOUR_RGB ( '',1.000000000000000000, 1.000000000000000000, 1.000000000000000000 ) ;
#2625 = CARTESIAN_POINT ( 'NONE',  ( -0.2299999999999999545, 0.1700000000000000122, -0.4000000000000000222 ) ) ;
#2626 = ORIENTED_EDGE ( 'NONE', *, *, #2484, .F. ) ;
#2627 = STYLED_ITEM ( 'NONE', ( #3501 ), #4041 ) ;
#2628 = DIRECTION ( 'NONE',  ( -0.000000000000000000, -1.000000000000000000, -0.000000000000000000 ) ) ;
#2629 = VECTOR ( 'NONE', #2979, 1000.000000000000000 ) ;
#2630 = ORIENTED_EDGE ( 'NONE', *, *, #1632, .T. ) ;
#2631 = CARTESIAN_POINT ( 'NONE',  ( 0.8000000000000000444, 0.5054101966249683331, 0.1499999999999999944 ) ) ;
#2632 = FILL_AREA_STYLE_COLOUR ( '', #4123 ) ;
#2633 = STYLED_ITEM ( 'NONE', ( #2057 ), #882 ) ;
#2634 =( GEOMETRIC_REPRESENTATION_CONTEXT ( 3 ) GLOBAL_UNCERTAINTY_ASSIGNED_CONTEXT ( ( #3305 ) ) GLOBAL_UNIT_ASSIGNED_CONTEXT ( ( #795, #4324, #2330 ) ) REPRESENTATION_CONTEXT ( 'NONE', 'WORKASPACE' ) );
#2635 = EDGE_CURVE ( 'NONE', #2640, #1924, #609, .T. ) ;
#2636 = EDGE_CURVE ( 'NONE', #4003, #1506, #1242, .T. ) ;
#2637 = SURFACE_STYLE_USAGE ( .BOTH. , #1235 ) ;
#2638 =( NAMED_UNIT ( * ) SI_UNIT ( $, .STERADIAN. ) SOLID_ANGLE_UNIT ( ) );
#2639 = SURFACE_STYLE_USAGE ( .BOTH. , #559 ) ;
#2640 = VERTEX_POINT ( 'NONE', #4105 ) ;
#2641 = DIRECTION ( 'NONE',  ( -2.710505431213761085E-16, 0.000000000000000000, -1.000000000000000000 ) ) ;
#2642 = ORIENTED_EDGE ( 'NONE', *, *, #4124, .F. ) ;
#2643 = ADVANCED_FACE ( 'NONE', ( #3748 ), #3067, .T. ) ;
#2644 = FILL_AREA_STYLE_COLOUR ( '', #3212 ) ;
#2645 = ADVANCED_FACE ( 'NONE', ( #2340 ), #959, .F. ) ;
#2646 = CARTESIAN_POINT ( 'NONE',  ( -0.8000000000000000444, -0.01000000000000000021, 0.000000000000000000 ) ) ;
#2647 = MECHANICAL_DESIGN_GEOMETRIC_PRESENTATION_REPRESENTATION (  '', ( #890 ), #1846 ) ;
#2648 = DIRECTION ( 'NONE',  ( -1.000000000000000000, -0.000000000000000000, -0.000000000000000000 ) ) ;
#2649 = UNCERTAINTY_MEASURE_WITH_UNIT (LENGTH_MEASURE( 1.000000000000000082E-05 ), #307, 'distance_accuracy_value', 'NONE');
#2650 = ORIENTED_EDGE ( 'NONE', *, *, #1, .F. ) ;
#2651 =( LENGTH_UNIT ( ) NAMED_UNIT ( * ) SI_UNIT ( .MILLI., .METRE. ) );
#2652 = PLANE ( 'NONE',  #210 ) ;
#2653 = ADVANCED_FACE ( 'NONE', ( #3522 ), #1408, .T. ) ;
#2654 = CARTESIAN_POINT ( 'NONE',  ( -0.8000000000000000444, 0.1700000000000000122, -0.1999374902313220403 ) ) ;
#2655 = UNCERTAINTY_MEASURE_WITH_UNIT (LENGTH_MEASURE( 1.000000000000000082E-05 ), #3836, 'distance_accuracy_value', 'NONE');
#2656 = ORIENTED_EDGE ( 'NONE', *, *, #2186, .F. ) ;
#2657 = CARTESIAN_POINT ( 'NONE',  ( 0.8000000000000000444, -0.01000000000000000021, -0.4000000000000000222 ) ) ;
#2658 = PLANE ( 'NONE',  #387 ) ;
#2659 =( NAMED_UNIT ( * ) PLANE_ANGLE_UNIT ( ) SI_UNIT ( $, .RADIAN. ) );
#2660 = CARTESIAN_POINT ( 'NONE',  ( 0.8000000000000000444, 0.000000000000000000, 0.2000000000000000111 ) ) ;
#2661 = STYLED_ITEM ( 'NONE', ( #1672 ), #2238 ) ;
#2662 = FILL_AREA_STYLE_COLOUR ( '', #1098 ) ;
#2663 =( NAMED_UNIT ( * ) SI_UNIT ( $, .STERADIAN. ) SOLID_ANGLE_UNIT ( ) );
#2664 = ORIENTED_EDGE ( 'NONE', *, *, #3487, .T. ) ;
#2665 = PLANE ( 'NONE',  #1121 ) ;
#2666 = ORIENTED_EDGE ( 'NONE', *, *, #4174, .T. ) ;
#2667 = CIRCLE ( 'NONE', #528, 0.1999999999999999833 ) ;
#2668 = EDGE_CURVE ( 'NONE', #3384, #2857, #1079, .T. ) ;
#2669 = CARTESIAN_POINT ( 'NONE',  ( -0.02999999999999986705, 0.1600000000000000033, 0.1000000000000000194 ) ) ;
#2670 = VECTOR ( 'NONE', #849, 1000.000000000000000 ) ;
#2671 = FILL_AREA_STYLE ('',( #2317 ) ) ;
#2672 = AXIS2_PLACEMENT_3D ( 'NONE', #269, #1687, #731 ) ;
#2673 = COLOUR_RGB ( '',0.9686274509803921573, 0.8784313725490195957, 0.5999999999999999778 ) ;
#2674 = PRESENTATION_LAYER_ASSIGNMENT (  '', '', ( #316 ) ) ;
#2675 = CARTESIAN_POINT ( 'NONE',  ( 0.8000000000000000444, -0.01000000000000000021, -0.4000000000000000222 ) ) ;
#2676 = CARTESIAN_POINT ( 'NONE',  ( -0.8000000000000000444, 0.000000000000000000, -0.4000000000000000222 ) ) ;
#2677 =( GEOMETRIC_REPRESENTATION_CONTEXT ( 3 ) GLOBAL_UNCERTAINTY_ASSIGNED_CONTEXT ( ( #1896 ) ) GLOBAL_UNIT_ASSIGNED_CONTEXT ( ( #3467, #3968, #3929 ) ) REPRESENTATION_CONTEXT ( 'NONE', 'WORKASPACE' ) );
#2678 = ORIENTED_EDGE ( 'NONE', *, *, #1158, .F. ) ;
#2679 = DIRECTION ( 'NONE',  ( -0.000000000000000000, -0.000000000000000000, 1.000000000000000000 ) ) ;
#2680 = CARTESIAN_POINT ( 'NONE',  ( 0.000000000000000000, 0.1700000000000000122, 0.000000000000000000 ) ) ;
#2681 =( NAMED_UNIT ( * ) PLANE_ANGLE_UNIT ( ) SI_UNIT ( $, .RADIAN. ) );
#2682 = CARTESIAN_POINT ( 'NONE',  ( 0.7949999999999999289, 0.1600000000000000033, 0.000000000000000000 ) ) ;
#2683 = CARTESIAN_POINT ( 'NONE',  ( -0.7500000000000000000, 0.1600000000000000033, 0.1948717526990507709 ) ) ;
#2684 = VERTEX_POINT ( 'NONE', #4127 ) ;
#2685 = FACE_OUTER_BOUND ( 'NONE', #367, .T. ) ;
#2686 = ORIENTED_EDGE ( 'NONE', *, *, #2546, .F. ) ;
#2687 =( GEOMETRIC_REPRESENTATION_CONTEXT ( 3 ) GLOBAL_UNCERTAINTY_ASSIGNED_CONTEXT ( ( #2925 ) ) GLOBAL_UNIT_ASSIGNED_CONTEXT ( ( #2571, #450, #1563 ) ) REPRESENTATION_CONTEXT ( 'NONE', 'WORKASPACE' ) );
#2688 = VECTOR ( 'NONE', #72, 1000.000000000000000 ) ;
#2689 = MECHANICAL_DESIGN_GEOMETRIC_PRESENTATION_REPRESENTATION (  '', ( #1673 ), #1290 ) ;
#2690 =( NAMED_UNIT ( * ) PLANE_ANGLE_UNIT ( ) SI_UNIT ( $, .RADIAN. ) );
#2691 = CARTESIAN_POINT ( 'NONE',  ( 0.5749999999999999556, 0.000000000000000000, -0.4000000000000000222 ) ) ;
#2692 = DIRECTION ( 'NONE',  ( -4.336808689942011820E-16, 0.000000000000000000, -1.000000000000000000 ) ) ;
#2693 = CLOSED_SHELL ( 'NONE', ( #361, #4335, #3962, #3604, #3211, #393, #1010, #2182, #2137, #3872, #1222, #847, #3576 ) ) ;
#2694 = EDGE_CURVE ( 'NONE', #3886, #912, #294, .T. ) ;
#2695 = CARTESIAN_POINT ( 'NONE',  ( 0.8000000000000000444, 0.000000000000000000, 0.1499999999999999944 ) ) ;
#2696 = EDGE_CURVE ( 'NONE', #46, #3406, #1712, .T. ) ;
#2697 = PLANE ( 'NONE',  #3256 ) ;
#2698 =( NAMED_UNIT ( * ) PLANE_ANGLE_UNIT ( ) SI_UNIT ( $, .RADIAN. ) );
#2699 = ADVANCED_FACE ( 'NONE', ( #2756 ), #3474, .F. ) ;
#2700 = ORIENTED_EDGE ( 'NONE', *, *, #697, .T. ) ;
#2701 = DIRECTION ( 'NONE',  ( -0.000000000000000000, 1.000000000000000000, 0.000000000000000000 ) ) ;
#2702 = CARTESIAN_POINT ( 'NONE',  ( 0.8000000000000000444, 0.000000000000000000, 0.000000000000000000 ) ) ;
#2703 = EDGE_CURVE ( 'NONE', #3149, #3905, #4278, .T. ) ;
#2704 = AXIS2_PLACEMENT_3D ( 'NONE', #4228, #2498, #120 ) ;
#2705 = SURFACE_STYLE_FILL_AREA ( #2084 ) ;
#2706 = UNCERTAINTY_MEASURE_WITH_UNIT (LENGTH_MEASURE( 1.000000000000000082E-05 ), #2651, 'distance_accuracy_value', 'NONE');
#2707 = CIRCLE ( 'NONE', #1613, 0.1499999999999999944 ) ;
#2708 =( LENGTH_UNIT ( ) NAMED_UNIT ( * ) SI_UNIT ( .MILLI., .METRE. ) );
#2709 = PRESENTATION_STYLE_ASSIGNMENT (( #1252 ) ) ;
#2710 = CARTESIAN_POINT ( 'NONE',  ( 0.8000000000000000444, 0.1600000000000000033, 0.1999374902313220403 ) ) ;
#2711 = CARTESIAN_POINT ( 'NONE',  ( 0.7500000000000000000, 0.1600000000000000033, -0.000000000000000000 ) ) ;
#2712 = EDGE_LOOP ( 'NONE', ( #3497, #3648, #4307, #3572 ) ) ;
#2713 = PRESENTATION_LAYER_ASSIGNMENT (  '', '', ( #1240 ) ) ;
#2714 = COLOUR_RGB ( '',0.9686274509803921573, 0.8784313725490195957, 0.5999999999999999778 ) ;
#2715 = DIRECTION ( 'NONE',  ( -0.000000000000000000, 1.000000000000000000, -0.000000000000000000 ) ) ;
#2716 = DIRECTION ( 'NONE',  ( 0.000000000000000000, 0.000000000000000000, 1.000000000000000000 ) ) ;
#2717 = CARTESIAN_POINT ( 'NONE',  ( -0.6800000000000000488, -0.01000000000000000021, -0.4000000000000000222 ) ) ;
#2718 = LINE ( 'NONE', #3392, #444 ) ;
#2719 = EDGE_CURVE ( 'NONE', #1481, #2541, #2170, .T. ) ;
#2720 = CARTESIAN_POINT ( 'NONE',  ( -0.7500000000000000000, 0.1600000000000000033, 0.000000000000000000 ) ) ;
#2721 = DIRECTION ( 'NONE',  ( 0.05226442768871396999, 0.9972646886342372285, 0.05226442768871396999 ) ) ;
#2722 = COLOUR_RGB ( '',0.9686274509803921573, 0.8784313725490195957, 0.5999999999999999778 ) ;
#2723 = ORIENTED_EDGE ( 'NONE', *, *, #421, .F. ) ;
#2724 = DIRECTION ( 'NONE',  ( -0.000000000000000000, 1.000000000000000000, -0.000000000000000000 ) ) ;
#2725 = EDGE_CURVE ( 'NONE', #3376, #1088, #3842, .T. ) ;
#2726 = SURFACE_SIDE_STYLE ('',( #4443 ) ) ;
#2727 = DIRECTION ( 'NONE',  ( 0.000000000000000000, 1.000000000000000000, 0.000000000000000000 ) ) ;
#2728 =( NAMED_UNIT ( * ) SI_UNIT ( $, .STERADIAN. ) SOLID_ANGLE_UNIT ( ) );
#2729 = EDGE_LOOP ( 'NONE', ( #976, #966, #786, #2336 ) ) ;
#2730 = SURFACE_SIDE_STYLE ('',( #310 ) ) ;
#2731 = DIRECTION ( 'NONE',  ( 0.000000000000000000, 1.000000000000000000, -0.000000000000000000 ) ) ;
#2732 = PRESENTATION_STYLE_ASSIGNMENT (( #3038 ) ) ;
#2733 = DIRECTION ( 'NONE',  ( -1.000000000000000000, 0.000000000000000000, -0.000000000000000000 ) ) ;
#2734 = ORIENTED_EDGE ( 'NONE', *, *, #3152, .F. ) ;
#2735 = MECHANICAL_DESIGN_GEOMETRIC_PRESENTATION_REPRESENTATION (  '', ( #831 ), #3335 ) ;
#2736 = PRESENTATION_LAYER_ASSIGNMENT (  '', '', ( #1574 ) ) ;
#2737 = PLANE ( 'NONE',  #3451 ) ;
#2738 = STYLED_ITEM ( 'NONE', ( #3127 ), #456 ) ;
#2739 =( NAMED_UNIT ( * ) PLANE_ANGLE_UNIT ( ) SI_UNIT ( $, .RADIAN. ) );
#2740 = PRESENTATION_LAYER_ASSIGNMENT (  '', '', ( #835 ) ) ;
#2741 = COLOUR_RGB ( '',0.000000000000000000, 0.5019607843137254832, 0.000000000000000000 ) ;
#2742 = VECTOR ( 'NONE', #3682, 1000.000000000000000 ) ;
#2743 = UNCERTAINTY_MEASURE_WITH_UNIT (LENGTH_MEASURE( 1.000000000000000082E-05 ), #1416, 'distance_accuracy_value', 'NONE');
#2744 = AXIS2_PLACEMENT_3D ( 'NONE', #3292, #40, #1475 ) ;
#2745 = ORIENTED_EDGE ( 'NONE', *, *, #4089, .F. ) ;
#2746 = LINE ( 'NONE', #1763, #2263 ) ;
#2747 = FILL_AREA_STYLE ('',( #4182 ) ) ;
#2748 = LINE ( 'NONE', #3053, #4499 ) ;
#2749 = EDGE_CURVE ( 'NONE', #4333, #3371, #1125, .T. ) ;
#2750 = SURFACE_STYLE_FILL_AREA ( #1349 ) ;
#2751 = LINE ( 'NONE', #3465, #1703 ) ;
#2752 = CARTESIAN_POINT ( 'NONE',  ( 0.7949999999999999289, 0.1700000000000000122, 0.000000000000000000 ) ) ;
#2753 = VERTEX_POINT ( 'NONE', #2595 ) ;
#2754 = LINE ( 'NONE', #1000, #3037 ) ;
#2755 = PRESENTATION_STYLE_ASSIGNMENT (( #3806 ) ) ;
#2756 = FACE_OUTER_BOUND ( 'NONE', #2443, .T. ) ;
#2757 = PRESENTATION_STYLE_ASSIGNMENT (( #2777 ) ) ;
#2758 = ORIENTED_EDGE ( 'NONE', *, *, #1001, .T. ) ;
#2759 = STYLED_ITEM ( 'NONE', ( #4112 ), #1507 ) ;
#2760 = SURFACE_STYLE_FILL_AREA ( #960 ) ;
#2761 = CARTESIAN_POINT ( 'NONE',  ( -0.8000000000000000444, -0.01000000000000000021, 0.4000000000000000222 ) ) ;
#2762 = MECHANICAL_DESIGN_GEOMETRIC_PRESENTATION_REPRESENTATION (  '', ( #189 ), #2480 ) ;
#2763 =( BOUNDED_CURVE ( )  B_SPLINE_CURVE ( 3, ( #1938, #3710, #231, #588 ),
 .UNSPECIFIED., .F., .F. ) 
 B_SPLINE_CURVE_WITH_KNOTS ( ( 4, 4 ),
 ( 4.764748857944523408, 6.283185307179586232 ),
 .UNSPECIFIED. ) 
 CURVE ( )  GEOMETRIC_REPRESENTATION_ITEM ( )  RATIONAL_B_SPLINE_CURVE ( ( 1.000000000000000000, 0.8169162473415259029, 0.8169162473415259029, 1.000000000000000000 ) ) 
 REPRESENTATION_ITEM ( '' )  );
#2764 =( NAMED_UNIT ( * ) SI_UNIT ( $, .STERADIAN. ) SOLID_ANGLE_UNIT ( ) );
#2765 = ORIENTED_EDGE ( 'NONE', *, *, #576, .F. ) ;
#2766 =( NAMED_UNIT ( * ) SI_UNIT ( $, .STERADIAN. ) SOLID_ANGLE_UNIT ( ) );
#2767 =( NAMED_UNIT ( * ) PLANE_ANGLE_UNIT ( ) SI_UNIT ( $, .RADIAN. ) );
#2768 = FILL_AREA_STYLE_COLOUR ( '', #3743 ) ;
#2769 = PLANE ( 'NONE',  #1586 ) ;
#2770 = VECTOR ( 'NONE', #4022, 1000.000000000000000 ) ;
#2771 = VERTEX_POINT ( 'NONE', #3639 ) ;
#2772 = ADVANCED_FACE ( 'NONE', ( #3610 ), #3996, .T. ) ;
#2773 =( GEOMETRIC_REPRESENTATION_CONTEXT ( 3 ) GLOBAL_UNCERTAINTY_ASSIGNED_CONTEXT ( ( #1315 ) ) GLOBAL_UNIT_ASSIGNED_CONTEXT ( ( #1989, #1283, #1746 ) ) REPRESENTATION_CONTEXT ( 'NONE', 'WORKASPACE' ) );
#2774 = CARTESIAN_POINT ( 'NONE',  ( -0.8000000000000000444, 0.1600000000000000033, 0.1999374902313220403 ) ) ;
#2775 = CARTESIAN_POINT ( 'NONE',  ( -0.6800000000000000488, -0.01000000000000000021, 0.1600000000000000033 ) ) ;
#2776 = EDGE_CURVE ( 'NONE', #4038, #864, #1480, .T. ) ;
#2777 = SURFACE_STYLE_USAGE ( .BOTH. , #3833 ) ;
#2778 = EDGE_LOOP ( 'NONE', ( #3595, #2114, #1110, #2289 ) ) ;
#2779 = EDGE_CURVE ( 'NONE', #3590, #3455, #1940, .T. ) ;
#2780 = STYLED_ITEM ( 'NONE', ( #2411 ), #1978 ) ;
#2781 = EDGE_CURVE ( 'NONE', #2391, #163, #2538, .T. ) ;
#2782 = SURFACE_STYLE_FILL_AREA ( #4527 ) ;
#2783 = MECHANICAL_DESIGN_GEOMETRIC_PRESENTATION_REPRESENTATION (  '', ( #2938 ), #1990 ) ;
#2784 =( NAMED_UNIT ( * ) PLANE_ANGLE_UNIT ( ) SI_UNIT ( $, .RADIAN. ) );
#2785 = ORIENTED_EDGE ( 'NONE', *, *, #4271, .T. ) ;
#2786 = PLANE ( 'NONE',  #1740 ) ;
#2787 = SURFACE_STYLE_USAGE ( .BOTH. , #2503 ) ;
#2788 = DIRECTION ( 'NONE',  ( -1.000000000000000000, 0.000000000000000000, -0.000000000000000000 ) ) ;
#2789 = COLOUR_RGB ( '',0.000000000000000000, 0.5019607843137254832, 0.000000000000000000 ) ;
#2790 = DIRECTION ( 'NONE',  ( 0.000000000000000000, 0.000000000000000000, 1.000000000000000000 ) ) ;
#2791 = CARTESIAN_POINT ( 'NONE',  ( 0.7500000000000000000, 0.1700000000000000122, -0.1948717526990507709 ) ) ;
#2792 = DIRECTION ( 'NONE',  ( 0.000000000000000000, 0.000000000000000000, 1.000000000000000000 ) ) ;
#2793 = DIRECTION ( 'NONE',  ( 0.000000000000000000, 0.000000000000000000, 1.000000000000000000 ) ) ;
#2794 = VERTEX_POINT ( 'NONE', #1502 ) ;
#2795 =( NAMED_UNIT ( * ) PLANE_ANGLE_UNIT ( ) SI_UNIT ( $, .RADIAN. ) );
#2796 = CYLINDRICAL_SURFACE ( 'NONE', #1686, 0.1999999999999999833 ) ;
#2797 = PRESENTATION_STYLE_ASSIGNMENT (( #1458 ) ) ;
#2798 = FACE_OUTER_BOUND ( 'NONE', #2482, .T. ) ;
#2799 = DIRECTION ( 'NONE',  ( 0.000000000000000000, -1.000000000000000000, 0.000000000000000000 ) ) ;
#2800 =( NAMED_UNIT ( * ) SI_UNIT ( $, .STERADIAN. ) SOLID_ANGLE_UNIT ( ) );
#2801 = ORIENTED_EDGE ( 'NONE', *, *, #1806, .T. ) ;
#2802 = EDGE_CURVE ( 'NONE', #52, #3886, #3934, .T. ) ;
#2803 = LINE ( 'NONE', #3107, #311 ) ;
#2804 = ORIENTED_EDGE ( 'NONE', *, *, #188, .T. ) ;
#2805 = EDGE_CURVE ( 'NONE', #225, #3406, #1152, .T. ) ;
#2806 = EDGE_CURVE ( 'NONE', #4396, #1219, #2617, .T. ) ;
#2807 = VECTOR ( 'NONE', #2386, 1000.000000000000000 ) ;
#2808 = SURFACE_STYLE_USAGE ( .BOTH. , #322 ) ;
#2809 = SURFACE_SIDE_STYLE ('',( #370 ) ) ;
#2810 = VECTOR ( 'NONE', #4350, 1000.000000000000000 ) ;
#2811 = LINE ( 'NONE', #4179, #615 ) ;
#2812 = ORIENTED_EDGE ( 'NONE', *, *, #1414, .F. ) ;
#2813 = STYLED_ITEM ( 'NONE', ( #755 ), #2772 ) ;
#2814 = MECHANICAL_DESIGN_GEOMETRIC_PRESENTATION_REPRESENTATION (  '', ( #171 ), #3634 ) ;
#2815 = VECTOR ( 'NONE', #1476, 1000.000000000000000 ) ;
#2816 = DIRECTION ( 'NONE',  ( -0.000000000000000000, -1.000000000000000000, 0.000000000000000000 ) ) ;
#2817 = STYLED_ITEM ( 'NONE', ( #1381 ), #2699 ) ;
#2818 = MECHANICAL_DESIGN_GEOMETRIC_PRESENTATION_REPRESENTATION (  '', ( #316 ), #1431 ) ;
#2819 = SHAPE_DEFINITION_REPRESENTATION ( #3680, #2992 ) ;
#2820 = VECTOR ( 'NONE', #3675, 1000.000000000000000 ) ;
#2821 = DIRECTION ( 'NONE',  ( 0.000000000000000000, -1.000000000000000000, 0.000000000000000000 ) ) ;
#2822 = SURFACE_SIDE_STYLE ('',( #4215 ) ) ;
#2823 = FILL_AREA_STYLE ('',( #1023 ) ) ;
#2824 = ORIENTED_EDGE ( 'NONE', *, *, #2844, .T. ) ;
#2825 =( GEOMETRIC_REPRESENTATION_CONTEXT ( 3 ) GLOBAL_UNCERTAINTY_ASSIGNED_CONTEXT ( ( #4312 ) ) GLOBAL_UNIT_ASSIGNED_CONTEXT ( ( #1956, #3057, #499 ) ) REPRESENTATION_CONTEXT ( 'NONE', 'WORKASPACE' ) );
#2826 =( LENGTH_UNIT ( ) NAMED_UNIT ( * ) SI_UNIT ( .MILLI., .METRE. ) );
#2827 = CARTESIAN_POINT ( 'NONE',  ( -0.6800000000000000488, 0.000000000000000000, 0.1600000000000000033 ) ) ;
#2828 = LINE ( 'NONE', #780, #1649 ) ;
#2829 = SURFACE_STYLE_USAGE ( .BOTH. , #4196 ) ;
#2830 = VERTEX_POINT ( 'NONE', #2683 ) ;
#2831 = ORIENTED_EDGE ( 'NONE', *, *, #736, .T. ) ;
#2832 = CARTESIAN_POINT ( 'NONE',  ( 0.5154979824291564539, -0.2300000000000000100, 0.3879462107649005453 ) ) ;
#2833 = STYLED_ITEM ( 'NONE', ( #2133 ), #1531 ) ;
#2834 =( GEOMETRIC_REPRESENTATION_CONTEXT ( 3 ) GLOBAL_UNCERTAINTY_ASSIGNED_CONTEXT ( ( #2219 ) ) GLOBAL_UNIT_ASSIGNED_CONTEXT ( ( #716, #441, #1778 ) ) REPRESENTATION_CONTEXT ( 'NONE', 'WORKASPACE' ) );
#2835 = STYLED_ITEM ( 'NONE', ( #2382 ), #1702 ) ;
#2836 = ORIENTED_EDGE ( 'NONE', *, *, #2668, .T. ) ;
#2837 = SURFACE_STYLE_FILL_AREA ( #792 ) ;
#2838 = EDGE_CURVE ( 'NONE', #2587, #912, #4016, .T. ) ;
#2839 = FILL_AREA_STYLE ('',( #3217 ) ) ;
#2840 = CLOSED_SHELL ( 'NONE', ( #3547, #4063, #2394, #3714, #530, #4266 ) ) ;
#2841 = FILL_AREA_STYLE ('',( #57 ) ) ;
#2842 = DIRECTION ( 'NONE',  ( -0.000000000000000000, -0.000000000000000000, -1.000000000000000000 ) ) ;
#2843 = DIRECTION ( 'NONE',  ( 1.000000000000000000, -0.000000000000000000, -0.000000000000000000 ) ) ;
#2844 = EDGE_CURVE ( 'NONE', #726, #1984, #2903, .T. ) ;
#2845 = DIRECTION ( 'NONE',  ( 0.05233595624294388321, -0.9986295347545739443, 0.000000000000000000 ) ) ;
#2846 = CARTESIAN_POINT ( 'NONE',  ( -0.02999999999999988787, 0.1700000000000000122, -0.4000000000000000222 ) ) ;
#2847 = ORIENTED_EDGE ( 'NONE', *, *, #2776, .T. ) ;
#2848 = AXIS2_PLACEMENT_3D ( 'NONE', #643, #2821, #1727 ) ;
#2849 = SURFACE_SIDE_STYLE ('',( #1790 ) ) ;
#2850 = CARTESIAN_POINT ( 'NONE',  ( 0.1700000000000001510, 0.1700000000000000122, 0.1000000000000000056 ) ) ;
#2851 = STYLED_ITEM ( 'NONE', ( #234 ), #3962 ) ;
#2852 = CARTESIAN_POINT ( 'NONE',  ( -0.6800000000000000488, -0.01000000000000000021, -0.1600000000000000033 ) ) ;
#2853 = EDGE_CURVE ( 'NONE', #582, #4389, #2003, .T. ) ;
#2854 = CARTESIAN_POINT ( 'NONE',  ( 0.8000000000000000444, 0.000000000000000000, 0.4000000000000000222 ) ) ;
#2855 = ORIENTED_EDGE ( 'NONE', *, *, #4480, .T. ) ;
#2856 = CARTESIAN_POINT ( 'NONE',  ( 0.6999999999999999556, 0.000000000000000000, -0.2291287847477919415 ) ) ;
#2857 = VERTEX_POINT ( 'NONE', #935 ) ;
#2858 = VECTOR ( 'NONE', #2692, 1000.000000000000000 ) ;
#2859 = FILL_AREA_STYLE_COLOUR ( '', #4037 ) ;
#2860 = DIRECTION ( 'NONE',  ( 0.000000000000000000, 0.000000000000000000, 1.000000000000000000 ) ) ;
#2861 =( GEOMETRIC_REPRESENTATION_CONTEXT ( 3 ) GLOBAL_UNCERTAINTY_ASSIGNED_CONTEXT ( ( #1477 ) ) GLOBAL_UNIT_ASSIGNED_CONTEXT ( ( #1227, #888, #3694 ) ) REPRESENTATION_CONTEXT ( 'NONE', 'WORKASPACE' ) );
#2862 = FACE_OUTER_BOUND ( 'NONE', #1226, .T. ) ;
#2863 = AXIS2_PLACEMENT_3D ( 'NONE', #1295, #2701, #3698 ) ;
#2864 = EDGE_CURVE ( 'NONE', #3864, #2877, #3405, .T. ) ;
#2865 = ORIENTED_EDGE ( 'NONE', *, *, #1347, .T. ) ;
#2866 = COLOUR_RGB ( '',1.000000000000000000, 1.000000000000000000, 1.000000000000000000 ) ;
#2867 =( NAMED_UNIT ( * ) PLANE_ANGLE_UNIT ( ) SI_UNIT ( $, .RADIAN. ) );
#2868 = LINE ( 'NONE', #3674, #90 ) ;
#2869 = ADVANCED_FACE ( 'NONE', ( #3727 ), #1914, .F. ) ;
#2870 = DIRECTION ( 'NONE',  ( 4.707462222126511385E-17, -0.05233595624294388321, 0.9986295347545739443 ) ) ;
#2871 = SURFACE_STYLE_FILL_AREA ( #1021 ) ;
#2872 = CARTESIAN_POINT ( 'NONE',  ( 0.8000000000000000444, -0.01000000000000000021, 0.000000000000000000 ) ) ;
#2873 = CARTESIAN_POINT ( 'NONE',  ( 0.6999999999999999556, -0.01000000000000000021, -0.2291287847477919415 ) ) ;
#2874 =( GEOMETRIC_REPRESENTATION_CONTEXT ( 3 ) GLOBAL_UNCERTAINTY_ASSIGNED_CONTEXT ( ( #2655 ) ) GLOBAL_UNIT_ASSIGNED_CONTEXT ( ( #3836, #715, #4084 ) ) REPRESENTATION_CONTEXT ( 'NONE', 'WORKASPACE' ) );
#2875 = CYLINDRICAL_SURFACE ( 'NONE', #394, 0.1499999999999999944 ) ;
#2876 = DIRECTION ( 'NONE',  ( 0.000000000000000000, 0.000000000000000000, 1.000000000000000000 ) ) ;
#2877 = VERTEX_POINT ( 'NONE', #581 ) ;
#2878 = DIRECTION ( 'NONE',  ( -1.000000000000000000, -0.000000000000000000, -0.000000000000000000 ) ) ;
#2879 = ORIENTED_EDGE ( 'NONE', *, *, #3264, .T. ) ;
#2880 =( NAMED_UNIT ( * ) PLANE_ANGLE_UNIT ( ) SI_UNIT ( $, .RADIAN. ) );
#2881 = ORIENTED_EDGE ( 'NONE', *, *, #758, .F. ) ;
#2882 =( LENGTH_UNIT ( ) NAMED_UNIT ( * ) SI_UNIT ( .MILLI., .METRE. ) );
#2883 = FILL_AREA_STYLE ('',( #1741 ) ) ;
#2884 = AXIS2_PLACEMENT_3D ( 'NONE', #840, #146, #4341 ) ;
#2885 = EDGE_LOOP ( 'NONE', ( #1536, #2566, #4381, #2700 ) ) ;
#2886 = SURFACE_STYLE_FILL_AREA ( #3327 ) ;
#2887 = SURFACE_STYLE_USAGE ( .BOTH. , #4249 ) ;
#2888 = STYLED_ITEM ( 'NONE', ( #460 ), #2517 ) ;
#2889 = DIRECTION ( 'NONE',  ( 0.000000000000000000, 0.000000000000000000, -1.000000000000000000 ) ) ;
#2890 = COLOUR_RGB ( '',0.7921568627450980005, 0.8196078431372548767, 0.9333333333333333481 ) ;
#2891 =( NAMED_UNIT ( * ) PLANE_ANGLE_UNIT ( ) SI_UNIT ( $, .RADIAN. ) );
#2892 = LINE ( 'NONE', #794, #3017 ) ;
#2893 = FILL_AREA_STYLE ('',( #473 ) ) ;
#2894 = VECTOR ( 'NONE', #2961, 1000.000000000000000 ) ;
#2895 = PRESENTATION_STYLE_ASSIGNMENT (( #3949 ) ) ;
#2896 = PRESENTATION_STYLE_ASSIGNMENT (( #62 ) ) ;
#2897 = UNCERTAINTY_MEASURE_WITH_UNIT (LENGTH_MEASURE( 1.000000000000000082E-05 ), #4042, 'distance_accuracy_value', 'NONE');
#2898 = VECTOR ( 'NONE', #3015, 1000.000000000000000 ) ;
#2899 = ADVANCED_FACE ( 'NONE', ( #1568 ), #3031, .T. ) ;
#2900 = EDGE_CURVE ( 'NONE', #2753, #2044, #1750, .T. ) ;
#2901 = DIRECTION ( 'NONE',  ( 4.336808689942011820E-16, -0.000000000000000000, -1.000000000000000000 ) ) ;
#2902 = LINE ( 'NONE', #2852, #2036 ) ;
#2903 = CIRCLE ( 'NONE', #253, 0.1499999999999999944 ) ;
#2904 = CARTESIAN_POINT ( 'NONE',  ( 0.3499999999999999778, 0.1600000000000000033, -5.421010862427523403E-17 ) ) ;
#2905 = ORIENTED_EDGE ( 'NONE', *, *, #4344, .F. ) ;
#2906 = SURFACE_STYLE_USAGE ( .BOTH. , #3573 ) ;
#2907 = EDGE_LOOP ( 'NONE', ( #2947, #4291, #1359, #3227 ) ) ;
#2908 = CARTESIAN_POINT ( 'NONE',  ( 0.8000000000000000444, 0.1700000000000000122, -0.1499999999999999944 ) ) ;
#2909 = EDGE_LOOP ( 'NONE', ( #555, #3973, #1945, #3176 ) ) ;
#2910 =( NAMED_UNIT ( * ) SI_UNIT ( $, .STERADIAN. ) SOLID_ANGLE_UNIT ( ) );
#2911 =( GEOMETRIC_REPRESENTATION_CONTEXT ( 3 ) GLOBAL_UNCERTAINTY_ASSIGNED_CONTEXT ( ( #2743 ) ) GLOBAL_UNIT_ASSIGNED_CONTEXT ( ( #1416, #1391, #4400 ) ) REPRESENTATION_CONTEXT ( 'NONE', 'WORKASPACE' ) );
#2912 = COLOUR_RGB ( '',0.7921568627450980005, 0.8196078431372548767, 0.9333333333333333481 ) ;
#2913 =( NAMED_UNIT ( * ) PLANE_ANGLE_UNIT ( ) SI_UNIT ( $, .RADIAN. ) );
#2914 =( GEOMETRIC_REPRESENTATION_CONTEXT ( 3 ) GLOBAL_UNCERTAINTY_ASSIGNED_CONTEXT ( ( #989 ) ) GLOBAL_UNIT_ASSIGNED_CONTEXT ( ( #6, #3165, #3532 ) ) REPRESENTATION_CONTEXT ( 'NONE', 'WORKASPACE' ) );
#2915 = LINE ( 'NONE', #3291, #4230 ) ;
#2916 = FACE_OUTER_BOUND ( 'NONE', #1973, .T. ) ;
#2917 =( LENGTH_UNIT ( ) NAMED_UNIT ( * ) SI_UNIT ( .MILLI., .METRE. ) );
#2918 = CARTESIAN_POINT ( 'NONE',  ( -0.8000000000000000444, -0.01000000000000000021, 0.1499999999999999944 ) ) ;
#2919 = CARTESIAN_POINT ( 'NONE',  ( 0.5999999999999999778, -0.01000000000000000021, -0.4000000000000000222 ) ) ;
#2920 = EDGE_LOOP ( 'NONE', ( #1461, #1676, #247, #185 ) ) ;
#2921 = LINE ( 'NONE', #3612, #968 ) ;
#2922 = VERTEX_POINT ( 'NONE', #4163 ) ;
#2923 = DIRECTION ( 'NONE',  ( 1.000000000000000000, 0.000000000000000000, -0.000000000000000000 ) ) ;
#2924 = FILL_AREA_STYLE ('',( #3234 ) ) ;
#2925 = UNCERTAINTY_MEASURE_WITH_UNIT (LENGTH_MEASURE( 1.000000000000000082E-05 ), #2571, 'distance_accuracy_value', 'NONE');
#2926 = VECTOR ( 'NONE', #3236, 1000.000000000000000 ) ;
#2927 = EDGE_CURVE ( 'NONE', #2017, #2474, #1770, .T. ) ;
#2928 = PRESENTATION_STYLE_ASSIGNMENT (( #3618 ) ) ;
#2929 = COLOUR_RGB ( '',0.9686274509803921573, 0.8784313725490195957, 0.5999999999999999778 ) ;
#2930 = ORIENTED_EDGE ( 'NONE', *, *, #2802, .F. ) ;
#2931 = SURFACE_STYLE_USAGE ( .BOTH. , #2230 ) ;
#2932 = SURFACE_SIDE_STYLE ('',( #2837 ) ) ;
#2933 = CARTESIAN_POINT ( 'NONE',  ( -0.7949999999999999289, 0.1700000000000000122, -0.1999999999999999833 ) ) ;
#2934 = EDGE_LOOP ( 'NONE', ( #3386, #2836, #760, #1569, #3012, #1862, #3663, #153, #2495, #3651, #1513 ) ) ;
#2935 = FILL_AREA_STYLE ('',( #2983 ) ) ;
#2936 = AXIS2_PLACEMENT_3D ( 'NONE', #1453, #3129, #2845 ) ;
#2937 = CARTESIAN_POINT ( 'NONE',  ( -0.8000000000000000444, 0.000000000000000000, 0.000000000000000000 ) ) ;
#2938 = STYLED_ITEM ( 'NONE', ( #3096 ), #2115 ) ;
#2939 = PLANE ( 'NONE',  #3478 ) ;
#2940 =( LENGTH_UNIT ( ) NAMED_UNIT ( * ) SI_UNIT ( .MILLI., .METRE. ) );
#2941 = SURFACE_STYLE_FILL_AREA ( #1633 ) ;
#2942 = SURFACE_SIDE_STYLE ('',( #1548 ) ) ;
#2943 = ORIENTED_EDGE ( 'NONE', *, *, #2953, .T. ) ;
#2944 = AXIS2_PLACEMENT_3D ( 'NONE', #3128, #4538, #2792 ) ;
#2945 = UNCERTAINTY_MEASURE_WITH_UNIT (LENGTH_MEASURE( 1.000000000000000082E-05 ), #1802, 'distance_accuracy_value', 'NONE');
#2946 = SURFACE_SIDE_STYLE ('',( #1552 ) ) ;
#2947 = ORIENTED_EDGE ( 'NONE', *, *, #3302, .T. ) ;
#2948 = FACE_OUTER_BOUND ( 'NONE', #272, .T. ) ;
#2949 = ADVANCED_FACE ( 'NONE', ( #3100 ), #2769, .F. ) ;
#2950 = UNCERTAINTY_MEASURE_WITH_UNIT (LENGTH_MEASURE( 1.000000000000000082E-05 ), #2440, 'distance_accuracy_value', 'NONE');
#2951 = UNCERTAINTY_MEASURE_WITH_UNIT (LENGTH_MEASURE( 1.000000000000000082E-05 ), #1113, 'distance_accuracy_value', 'NONE');
#2952 = LINE ( 'NONE', #2625, #1905 ) ;
#2953 = EDGE_CURVE ( 'NONE', #163, #2500, #4119, .T. ) ;
#2954 = ORIENTED_EDGE ( 'NONE', *, *, #4133, .T. ) ;
#2955 = FILL_AREA_STYLE ('',( #3258 ) ) ;
#2956 =( NAMED_UNIT ( * ) SI_UNIT ( $, .STERADIAN. ) SOLID_ANGLE_UNIT ( ) );
#2957 = STYLED_ITEM ( 'NONE', ( #639 ), #598 ) ;
#2958 = DIRECTION ( 'NONE',  ( -0.000000000000000000, 1.000000000000000000, -0.000000000000000000 ) ) ;
#2959 = DIRECTION ( 'NONE',  ( -0.000000000000000000, 0.000000000000000000, -1.000000000000000000 ) ) ;
#2960 = VECTOR ( 'NONE', #209, 1000.000000000000000 ) ;
#2961 = DIRECTION ( 'NONE',  ( 0.000000000000000000, 0.000000000000000000, -1.000000000000000000 ) ) ;
#2962 = VECTOR ( 'NONE', #848, 1000.000000000000000 ) ;
#2963 =( GEOMETRIC_REPRESENTATION_CONTEXT ( 3 ) GLOBAL_UNCERTAINTY_ASSIGNED_CONTEXT ( ( #3641 ) ) GLOBAL_UNIT_ASSIGNED_CONTEXT ( ( #4423, #2659, #2986 ) ) REPRESENTATION_CONTEXT ( 'NONE', 'WORKASPACE' ) );
#2964 = LINE ( 'NONE', #3295, #781 ) ;
#2965 = VECTOR ( 'NONE', #3195, 1000.000000000000000 ) ;
#2966 = SURFACE_SIDE_STYLE ('',( #3725 ) ) ;
#2967 = PLANE ( 'NONE',  #2388 ) ;
#2968 = SURFACE_STYLE_USAGE ( .BOTH. , #246 ) ;
#2969 = EDGE_LOOP ( 'NONE', ( #1279, #3427, #1530, #2052 ) ) ;
#2970 = AXIS2_PLACEMENT_3D ( 'NONE', #3955, #823, #802 ) ;
#2971 = AXIS2_PLACEMENT_3D ( 'NONE', #754, #1078, #2492 ) ;
#2972 = ORIENTED_EDGE ( 'NONE', *, *, #3539, .F. ) ;
#2973 = PRESENTATION_LAYER_ASSIGNMENT (  '', '', ( #242 ) ) ;
#2974 = CIRCLE ( 'NONE', #3989, 0.1499999999999999944 ) ;
#2975 = VECTOR ( 'NONE', #10, 1000.000000000000000 ) ;
#2976 = CARTESIAN_POINT ( 'NONE',  ( 0.8000000000000000444, 0.1600000000000000033, -0.1999374902313220403 ) ) ;
#2977 = CIRCLE ( 'NONE', #3709, 0.1999999999999999833 ) ;
#2978 = SURFACE_STYLE_FILL_AREA ( #2924 ) ;
#2979 = DIRECTION ( 'NONE',  ( 0.000000000000000000, 0.000000000000000000, 1.000000000000000000 ) ) ;
#2980 = CARTESIAN_POINT ( 'NONE',  ( 0.5999999999999999778, -0.01000000000000000021, -0.4000000000000000222 ) ) ;
#2981 = EDGE_LOOP ( 'NONE', ( #3819, #2801, #4220, #2072, #3621, #1454, #301, #3187, #4242, #985, #784 ) ) ;
#2982 = PRESENTATION_STYLE_ASSIGNMENT (( #4142 ) ) ;
#2983 = FILL_AREA_STYLE_COLOUR ( '', #1346 ) ;
#2984 = ORIENTED_EDGE ( 'NONE', *, *, #2328, .F. ) ;
#2985 = SURFACE_STYLE_USAGE ( .BOTH. , #2331 ) ;
#2986 =( NAMED_UNIT ( * ) SI_UNIT ( $, .STERADIAN. ) SOLID_ANGLE_UNIT ( ) );
#2987 = STYLED_ITEM ( 'NONE', ( #2130 ), #1499 ) ;
#2988 = EDGE_CURVE ( 'NONE', #443, #582, #4060, .T. ) ;
#2989 = PRESENTATION_LAYER_ASSIGNMENT (  '', '', ( #47 ) ) ;
#2990 = DIRECTION ( 'NONE',  ( 0.000000000000000000, 0.000000000000000000, 1.000000000000000000 ) ) ;
#2991 = FILL_AREA_STYLE_COLOUR ( '', #845 ) ;
#2992 = ADVANCED_BREP_SHAPE_REPRESENTATION ( 'KR EELP41.22-Q1S1-36-A8J8-020-R18', ( #3534, #3527, #3614, #512, #456, #3632, #491, #1970, #1994, #2034, #1987, #3486, #2128, #3735 ), #4238 ) ;
#2993 = ORIENTED_EDGE ( 'NONE', *, *, #1229, .F. ) ;
#2994 = VERTEX_POINT ( 'NONE', #4190 ) ;
#2995 = SURFACE_SIDE_STYLE ('',( #4363 ) ) ;
#2996 = EDGE_CURVE ( 'NONE', #741, #2404, #3824, .T. ) ;
#2997 =( NAMED_UNIT ( * ) SI_UNIT ( $, .STERADIAN. ) SOLID_ANGLE_UNIT ( ) );
#2998 = ORIENTED_EDGE ( 'NONE', *, *, #660, .F. ) ;
#2999 = DIRECTION ( 'NONE',  ( 0.000000000000000000, 0.000000000000000000, -1.000000000000000000 ) ) ;
#3000 = AXIS2_PLACEMENT_3D ( 'NONE', #2129, #3944, #3871 ) ;
#3001 = LINE ( 'NONE', #3775, #455 ) ;
#3002 = EDGE_LOOP ( 'NONE', ( #1055, #2348, #1931, #1129 ) ) ;
#3003 = LINE ( 'NONE', #868, #2810 ) ;
#3004 = DIRECTION ( 'NONE',  ( 1.000000000000000000, 0.000000000000000000, 0.000000000000000000 ) ) ;
#3005 = VECTOR ( 'NONE', #211, 1000.000000000000000 ) ;
#3006 = EDGE_CURVE ( 'NONE', #1459, #3753, #674, .T. ) ;
#3007 = CARTESIAN_POINT ( 'NONE',  ( -0.2299999999999998435, 0.1700000000000000122, 0.4000000000000000222 ) ) ;
#3008 = FACE_OUTER_BOUND ( 'NONE', #2090, .T. ) ;
#3009 = AXIS2_PLACEMENT_3D ( 'NONE', #2533, #1115, #777 ) ;
#3010 = VERTEX_POINT ( 'NONE', #333 ) ;
#3011 =( NAMED_UNIT ( * ) SI_UNIT ( $, .STERADIAN. ) SOLID_ANGLE_UNIT ( ) );
#3012 = ORIENTED_EDGE ( 'NONE', *, *, #1070, .F. ) ;
#3013 = DIRECTION ( 'NONE',  ( 0.000000000000000000, -0.000000000000000000, -1.000000000000000000 ) ) ;
#3014 = SURFACE_STYLE_FILL_AREA ( #1621 ) ;
#3015 = DIRECTION ( 'NONE',  ( -0.000000000000000000, -0.000000000000000000, -1.000000000000000000 ) ) ;
#3016 = CARTESIAN_POINT ( 'NONE',  ( -0.8000000000000000444, 0.1700000000000000122, 0.000000000000000000 ) ) ;
#3017 = VECTOR ( 'NONE', #1880, 1000.000000000000000 ) ;
#3018 = FILL_AREA_STYLE ('',( #3711 ) ) ;
#3019 = DIRECTION ( 'NONE',  ( 1.000000000000000000, 0.000000000000000000, 0.000000000000000000 ) ) ;
#3020 = UNCERTAINTY_MEASURE_WITH_UNIT (LENGTH_MEASURE( 1.000000000000000082E-05 ), #382, 'distance_accuracy_value', 'NONE');
#3021 = CARTESIAN_POINT ( 'NONE',  ( 0.8000000000000000444, 0.1700000000000000122, 0.1999374902313220403 ) ) ;
#3022 = LINE ( 'NONE', #4459, #3005 ) ;
#3023 = ORIENTED_EDGE ( 'NONE', *, *, #3667, .T. ) ;
#3024 =( NAMED_UNIT ( * ) PLANE_ANGLE_UNIT ( ) SI_UNIT ( $, .RADIAN. ) );
#3025 = FILL_AREA_STYLE_COLOUR ( '', #3266 ) ;
#3026 = UNCERTAINTY_MEASURE_WITH_UNIT (LENGTH_MEASURE( 1.000000000000000082E-05 ), #1988, 'distance_accuracy_value', 'NONE');
#3027 = COLOUR_RGB ( '',0.9686274509803921573, 0.8784313725490195957, 0.5999999999999999778 ) ;
#3028 = CARTESIAN_POINT ( 'NONE',  ( 0.8000000000000000444, 0.000000000000000000, 0.1499999999999999944 ) ) ;
#3029 =( GEOMETRIC_REPRESENTATION_CONTEXT ( 3 ) GLOBAL_UNCERTAINTY_ASSIGNED_CONTEXT ( ( #4446 ) ) GLOBAL_UNIT_ASSIGNED_CONTEXT ( ( #1767, #1902, #2910 ) ) REPRESENTATION_CONTEXT ( 'NONE', 'WORKASPACE' ) );
#3030 = CARTESIAN_POINT ( 'NONE',  ( -0.7949999999999999289, 0.1700000000000000122, 0.000000000000000000 ) ) ;
#3031 = PLANE ( 'NONE',  #3483 ) ;
#3032 = ORIENTED_EDGE ( 'NONE', *, *, #3622, .F. ) ;
#3033 = SURFACE_STYLE_FILL_AREA ( #4361 ) ;
#3034 = VERTEX_POINT ( 'NONE', #1373 ) ;
#3035 = VECTOR ( 'NONE', #483, 1000.000000000000000 ) ;
#3036 = EDGE_CURVE ( 'NONE', #2070, #4333, #2113, .T. ) ;
#3037 = VECTOR ( 'NONE', #2026, 1000.000000000000114 ) ;
#3038 = SURFACE_STYLE_USAGE ( .BOTH. , #981 ) ;
#3039 =( GEOMETRIC_REPRESENTATION_CONTEXT ( 3 ) GLOBAL_UNCERTAINTY_ASSIGNED_CONTEXT ( ( #2275 ) ) GLOBAL_UNIT_ASSIGNED_CONTEXT ( ( #4032, #1953, #1678 ) ) REPRESENTATION_CONTEXT ( 'NONE', 'WORKASPACE' ) );
#3040 = LINE ( 'NONE', #2364, #169 ) ;
#3041 = EDGE_CURVE ( 'NONE', #4485, #1597, #975, .T. ) ;
#3042 = CARTESIAN_POINT ( 'NONE',  ( 0.5999999999999999778, 0.000000000000000000, 0.4000000000000000222 ) ) ;
#3043 = MECHANICAL_DESIGN_GEOMETRIC_PRESENTATION_REPRESENTATION (  '', ( #2250 ), #1052 ) ;
#3044 = AXIS2_PLACEMENT_3D ( 'NONE', #3954, #87, #1860 ) ;
#3045 = VECTOR ( 'NONE', #994, 1000.000000000000000 ) ;
#3046 = DIRECTION ( 'NONE',  ( 0.000000000000000000, 1.000000000000000000, -0.000000000000000000 ) ) ;
#3047 = CARTESIAN_POINT ( 'NONE',  ( -0.02999999999999986705, 0.1700000000000000122, 0.1000000000000000194 ) ) ;
#3048 = FACE_OUTER_BOUND ( 'NONE', #2934, .T. ) ;
#3049 = VECTOR ( 'NONE', #355, 1000.000000000000000 ) ;
#3050 = DIRECTION ( 'NONE',  ( 0.000000000000000000, -1.000000000000000000, 0.000000000000000000 ) ) ;
#3051 = ORIENTED_EDGE ( 'NONE', *, *, #3274, .F. ) ;
#3052 = SURFACE_STYLE_FILL_AREA ( #3754 ) ;
#3053 = CARTESIAN_POINT ( 'NONE',  ( -0.3499999999999999223, 0.1700000000000000122, -0.3499999999999998668 ) ) ;
#3054 = DIRECTION ( 'NONE',  ( 0.000000000000000000, 0.000000000000000000, 1.000000000000000000 ) ) ;
#3055 =( NAMED_UNIT ( * ) PLANE_ANGLE_UNIT ( ) SI_UNIT ( $, .RADIAN. ) );
#3056 =( NAMED_UNIT ( * ) SI_UNIT ( $, .STERADIAN. ) SOLID_ANGLE_UNIT ( ) );
#3057 =( NAMED_UNIT ( * ) PLANE_ANGLE_UNIT ( ) SI_UNIT ( $, .RADIAN. ) );
#3058 = VERTEX_POINT ( 'NONE', #3762 ) ;
#3059 = VECTOR ( 'NONE', #4284, 1000.000000000000000 ) ;
#3060 = SURFACE_STYLE_FILL_AREA ( #288 ) ;
#3061 = ORIENTED_EDGE ( 'NONE', *, *, #2694, .T. ) ;
#3062 = VECTOR ( 'NONE', #2958, 1000.000000000000000 ) ;
#3063 = ADVANCED_FACE ( 'NONE', ( #601 ), #2398, .F. ) ;
#3064 = CIRCLE ( 'NONE', #995, 0.1999999999999999833 ) ;
#3065 = VECTOR ( 'NONE', #3808, 1000.000000000000000 ) ;
#3066 = SURFACE_STYLE_USAGE ( .BOTH. , #1688 ) ;
#3067 = PLANE ( 'NONE',  #468 ) ;
#3068 = CLOSED_SHELL ( 'NONE', ( #2419, #1119, #2653, #3331, #1609, #1087, #1708, #1702, #3517, #4013, #2645, #2643, #4487 ) ) ;
#3069 = CARTESIAN_POINT ( 'NONE',  ( -0.5639594718795154504, -0.2106658261716747027, 0.3889594718795154615 ) ) ;
#3070 = LINE ( 'NONE', #1287, #2807 ) ;
#3071 =( GEOMETRIC_REPRESENTATION_CONTEXT ( 3 ) GLOBAL_UNCERTAINTY_ASSIGNED_CONTEXT ( ( #1606 ) ) GLOBAL_UNIT_ASSIGNED_CONTEXT ( ( #1165, #427, #4299 ) ) REPRESENTATION_CONTEXT ( 'NONE', 'WORKASPACE' ) );
#3072 = DIRECTION ( 'NONE',  ( -0.000000000000000000, -0.000000000000000000, -1.000000000000000000 ) ) ;
#3073 = UNCERTAINTY_MEASURE_WITH_UNIT (LENGTH_MEASURE( 1.000000000000000082E-05 ), #2039, 'distance_accuracy_value', 'NONE');
#3074 = MECHANICAL_DESIGN_GEOMETRIC_PRESENTATION_REPRESENTATION (  '', ( #1385 ), #2123 ) ;
#3075 = VERTEX_POINT ( 'NONE', #1882 ) ;
#3076 = CARTESIAN_POINT ( 'NONE',  ( -0.02999999999999986705, 0.1600000000000000033, 0.1000000000000000194 ) ) ;
#3077 = MECHANICAL_DESIGN_GEOMETRIC_PRESENTATION_REPRESENTATION (  '', ( #203 ), #2773 ) ;
#3078 =( LENGTH_UNIT ( ) NAMED_UNIT ( * ) SI_UNIT ( .MILLI., .METRE. ) );
#3079 = PRESENTATION_STYLE_ASSIGNMENT (( #3780 ) ) ;
#3080 =( NAMED_UNIT ( * ) PLANE_ANGLE_UNIT ( ) SI_UNIT ( $, .RADIAN. ) );
#3081 = FILL_AREA_STYLE ('',( #1682 ) ) ;
#3082 = ORIENTED_EDGE ( 'NONE', *, *, #130, .F. ) ;
#3083 = SURFACE_SIDE_STYLE ('',( #3060 ) ) ;
#3084 = FACE_OUTER_BOUND ( 'NONE', #3687, .T. ) ;
#3085 = DIRECTION ( 'NONE',  ( 0.000000000000000000, 0.000000000000000000, -1.000000000000000000 ) ) ;
#3086 = VERTEX_POINT ( 'NONE', #1855 ) ;
#3087 = SURFACE_STYLE_FILL_AREA ( #1691 ) ;
#3088 = ORIENTED_EDGE ( 'NONE', *, *, #1894, .T. ) ;
#3089 = AXIS2_PLACEMENT_3D ( 'NONE', #1323, #1398, #4512 ) ;
#3090 =( NAMED_UNIT ( * ) PLANE_ANGLE_UNIT ( ) SI_UNIT ( $, .RADIAN. ) );
#3091 = DIRECTION ( 'NONE',  ( 0.000000000000000000, 0.000000000000000000, 1.000000000000000000 ) ) ;
#3092 = FILL_AREA_STYLE ('',( #260 ) ) ;
#3093 = EDGE_CURVE ( 'NONE', #1597, #3094, #1144, .T. ) ;
#3094 = VERTEX_POINT ( 'NONE', #4301 ) ;
#3095 = LINE ( 'NONE', #1339, #4219 ) ;
#3096 = PRESENTATION_STYLE_ASSIGNMENT (( #642 ) ) ;
#3097 = DIRECTION ( 'NONE',  ( -0.000000000000000000, 1.000000000000000000, 0.000000000000000000 ) ) ;
#3098 = SURFACE_SIDE_STYLE ('',( #644 ) ) ;
#3099 = PRESENTATION_STYLE_ASSIGNMENT (( #1299 ) ) ;
#3100 = FACE_OUTER_BOUND ( 'NONE', #3544, .T. ) ;
#3101 = VERTEX_POINT ( 'NONE', #408 ) ;
#3102 =( NAMED_UNIT ( * ) SI_UNIT ( $, .STERADIAN. ) SOLID_ANGLE_UNIT ( ) );
#3103 =( GEOMETRIC_REPRESENTATION_CONTEXT ( 3 ) GLOBAL_UNCERTAINTY_ASSIGNED_CONTEXT ( ( #577 ) ) GLOBAL_UNIT_ASSIGNED_CONTEXT ( ( #3815, #1447, #3113 ) ) REPRESENTATION_CONTEXT ( 'NONE', 'WORKASPACE' ) );
#3104 = CARTESIAN_POINT ( 'NONE',  ( 0.8000000000000000444, -0.01000000000000000021, 0.4000000000000000222 ) ) ;
#3105 = DIRECTION ( 'NONE',  ( -1.000000000000000000, -0.000000000000000000, -0.000000000000000000 ) ) ;
#3106 = VECTOR ( 'NONE', #3596, 1000.000000000000000 ) ;
#3107 = CARTESIAN_POINT ( 'NONE',  ( 0.000000000000000000, 0.000000000000000000, 0.4000000000000000222 ) ) ;
#3108 = ORIENTED_EDGE ( 'NONE', *, *, #1523, .T. ) ;
#3109 = AXIS2_PLACEMENT_3D ( 'NONE', #897, #937, #854 ) ;
#3110 = VECTOR ( 'NONE', #2180, 1000.000000000000000 ) ;
#3111 = CARTESIAN_POINT ( 'NONE',  ( 0.8000000000000000444, 0.000000000000000000, 0.000000000000000000 ) ) ;
#3112 = STYLED_ITEM ( 'NONE', ( #3797 ), #3628 ) ;
#3113 =( NAMED_UNIT ( * ) SI_UNIT ( $, .STERADIAN. ) SOLID_ANGLE_UNIT ( ) );
#3114 = VECTOR ( 'NONE', #202, 1000.000000000000000 ) ;
#3115 = STYLED_ITEM ( 'NONE', ( #1188 ), #1886 ) ;
#3116 = CARTESIAN_POINT ( 'NONE',  ( 0.8000000000000000444, 0.000000000000000000, 0.000000000000000000 ) ) ;
#3117 = PRESENTATION_LAYER_ASSIGNMENT (  '', '', ( #4355 ) ) ;
#3118 = MECHANICAL_DESIGN_GEOMETRIC_PRESENTATION_REPRESENTATION (  '', ( #2540 ), #767 ) ;
#3119 = VECTOR ( 'NONE', #1520, 1000.000000000000000 ) ;
#3120 = ORIENTED_EDGE ( 'NONE', *, *, #3355, .T. ) ;
#3121 = COLOUR_RGB ( '',0.000000000000000000, 0.5019607843137254832, 0.000000000000000000 ) ;
#3122 = EDGE_CURVE ( 'NONE', #3956, #1849, #1787, .T. ) ;
#3123 = FILL_AREA_STYLE_COLOUR ( '', #4054 ) ;
#3124 = EDGE_CURVE ( 'NONE', #225, #3864, #128, .T. ) ;
#3125 = PLANE ( 'NONE',  #2304 ) ;
#3126 = LINE ( 'NONE', #4513, #3297 ) ;
#3127 = PRESENTATION_STYLE_ASSIGNMENT (( #2433 ) ) ;
#3128 = CARTESIAN_POINT ( 'NONE',  ( 0.8000000000000000444, -0.01000000000000000021, -0.4000000000000000222 ) ) ;
#3129 = DIRECTION ( 'NONE',  ( -0.9986295347545739443, -0.05233595624294388321, 0.000000000000000000 ) ) ;
#3130 = ORIENTED_EDGE ( 'NONE', *, *, #2996, .F. ) ;
#3131 = EDGE_CURVE ( 'NONE', #4264, #2044, #1135, .T. ) ;
#3132 = DIRECTION ( 'NONE',  ( 0.000000000000000000, 0.000000000000000000, 1.000000000000000000 ) ) ;
#3133 = EDGE_CURVE ( 'NONE', #999, #3475, #3629, .T. ) ;
#3134 = FACE_OUTER_BOUND ( 'NONE', #378, .T. ) ;
#3135 = FILL_AREA_STYLE_COLOUR ( '', #1799 ) ;
#3136 = SURFACE_STYLE_USAGE ( .BOTH. , #3809 ) ;
#3137 = ORIENTED_EDGE ( 'NONE', *, *, #2844, .F. ) ;
#3138 = COLOUR_RGB ( '',0.000000000000000000, 0.5019607843137254832, 0.000000000000000000 ) ;
#3139 = DIRECTION ( 'NONE',  ( -0.000000000000000000, 1.000000000000000000, -0.000000000000000000 ) ) ;
#3140 = PLANE ( 'NONE',  #1086 ) ;
#3141 = SURFACE_STYLE_FILL_AREA ( #1742 ) ;
#3142 = ORIENTED_EDGE ( 'NONE', *, *, #161, .F. ) ;
#3143 = FILL_AREA_STYLE_COLOUR ( '', #262 ) ;
#3144 = DIRECTION ( 'NONE',  ( -0.000000000000000000, 1.000000000000000000, -0.000000000000000000 ) ) ;
#3145 = SURFACE_STYLE_FILL_AREA ( #2841 ) ;
#3146 = EDGE_CURVE ( 'NONE', #3384, #741, #2256, .T. ) ;
#3147 = CARTESIAN_POINT ( 'NONE',  ( -0.8000000000000000444, 0.000000000000000000, -0.1499999999999999944 ) ) ;
#3148 = SURFACE_STYLE_FILL_AREA ( #2823 ) ;
#3149 = VERTEX_POINT ( 'NONE', #2873 ) ;
#3150 = DIRECTION ( 'NONE',  ( 0.000000000000000000, -1.000000000000000000, 0.000000000000000000 ) ) ;
#3151 = EDGE_CURVE ( 'NONE', #4200, #3728, #2488, .T. ) ;
#3152 = EDGE_CURVE ( 'NONE', #3058, #4139, #3879, .T. ) ;
#3153 = FILL_AREA_STYLE_COLOUR ( '', #1348 ) ;
#3154 = ORIENTED_EDGE ( 'NONE', *, *, #3667, .F. ) ;
#3155 = FILL_AREA_STYLE ('',( #4197 ) ) ;
#3156 = ORIENTED_EDGE ( 'NONE', *, *, #1061, .T. ) ;
#3157 =( NAMED_UNIT ( * ) PLANE_ANGLE_UNIT ( ) SI_UNIT ( $, .RADIAN. ) );
#3158 = VERTEX_POINT ( 'NONE', #2572 ) ;
#3159 = CARTESIAN_POINT ( 'NONE',  ( 0.8000000000000000444, 0.1600000000000000033, 0.4000000000000000222 ) ) ;
#3160 = FILL_AREA_STYLE_COLOUR ( '', #3235 ) ;
#3161 = CARTESIAN_POINT ( 'NONE',  ( 0.7500000000000000000, -0.01000000000000000021, 0.4000000000000000222 ) ) ;
#3162 =( NAMED_UNIT ( * ) PLANE_ANGLE_UNIT ( ) SI_UNIT ( $, .RADIAN. ) );
#3163 = LINE ( 'NONE', #2481, #3360 ) ;
#3164 = EDGE_LOOP ( 'NONE', ( #735, #4057, #3321, #938 ) ) ;
#3165 =( NAMED_UNIT ( * ) PLANE_ANGLE_UNIT ( ) SI_UNIT ( $, .RADIAN. ) );
#3166 = CARTESIAN_POINT ( 'NONE',  ( -0.8000000000000000444, 0.000000000000000000, 0.4000000000000000222 ) ) ;
#3167 = PRESENTATION_STYLE_ASSIGNMENT (( #1768 ) ) ;
#3168 =( LENGTH_UNIT ( ) NAMED_UNIT ( * ) SI_UNIT ( .MILLI., .METRE. ) );
#3169 = CARTESIAN_POINT ( 'NONE',  ( 0.8000000000000000444, -0.01000000000000000021, 0.000000000000000000 ) ) ;
#3170 = CARTESIAN_POINT ( 'NONE',  ( -0.7949999999999999289, 0.1700000000000000122, -0.1999999999999999833 ) ) ;
#3171 = ORIENTED_EDGE ( 'NONE', *, *, #1999, .F. ) ;
#3172 = LINE ( 'NONE', #3785, #3518 ) ;
#3173 = EDGE_CURVE ( 'NONE', #1439, #710, #725, .T. ) ;
#3174 = CARTESIAN_POINT ( 'NONE',  ( -0.8000000000000000444, -0.01000000000000000021, -0.4000000000000000222 ) ) ;
#3175 = CARTESIAN_POINT ( 'NONE',  ( 0.7949999999999999289, 0.1700000000000000122, 0.000000000000000000 ) ) ;
#3176 = ORIENTED_EDGE ( 'NONE', *, *, #3133, .T. ) ;
#3177 = CARTESIAN_POINT ( 'NONE',  ( -0.8000000000000000444, 0.1700000000000000122, -0.1999374902313220403 ) ) ;
#3178 = VERTEX_POINT ( 'NONE', #3540 ) ;
#3179 = EDGE_CURVE ( 'NONE', #3980, #190, #1210, .T. ) ;
#3180 = VECTOR ( 'NONE', #3751, 1000.000000000000000 ) ;
#3181 = FACE_OUTER_BOUND ( 'NONE', #3895, .T. ) ;
#3182 = DIRECTION ( 'NONE',  ( -1.548860246407864076E-16, 0.000000000000000000, -1.000000000000000000 ) ) ;
#3183 = CIRCLE ( 'NONE', #2313, 0.2000000000000000111 ) ;
#3184 = EDGE_CURVE ( 'NONE', #1924, #2147, #1833, .T. ) ;
#3185 = MECHANICAL_DESIGN_GEOMETRIC_PRESENTATION_REPRESENTATION (  '', ( #2592 ), #2311 ) ;
#3186 = SURFACE_STYLE_USAGE ( .BOTH. , #371 ) ;
#3187 = ORIENTED_EDGE ( 'NONE', *, *, #1589, .T. ) ;
#3188 = PRESENTATION_STYLE_ASSIGNMENT (( #1419 ) ) ;
#3189 =( GEOMETRIC_REPRESENTATION_CONTEXT ( 3 ) GLOBAL_UNCERTAINTY_ASSIGNED_CONTEXT ( ( #2343 ) ) GLOBAL_UNIT_ASSIGNED_CONTEXT ( ( #1635, #3080, #4427 ) ) REPRESENTATION_CONTEXT ( 'NONE', 'WORKASPACE' ) );
#3190 = STYLED_ITEM ( 'NONE', ( #4033 ), #3606 ) ;
#3191 = DIRECTION ( 'NONE',  ( -1.000000000000000000, 0.000000000000000000, -0.000000000000000000 ) ) ;
#3192 =( GEOMETRIC_REPRESENTATION_CONTEXT ( 3 ) GLOBAL_UNCERTAINTY_ASSIGNED_CONTEXT ( ( #779 ) ) GLOBAL_UNIT_ASSIGNED_CONTEXT ( ( #1002, #1304, #4061 ) ) REPRESENTATION_CONTEXT ( 'NONE', 'WORKASPACE' ) );
#3193 = VECTOR ( 'NONE', #152, 1000.000000000000000 ) ;
#3194 =( NAMED_UNIT ( * ) SI_UNIT ( $, .STERADIAN. ) SOLID_ANGLE_UNIT ( ) );
#3195 = DIRECTION ( 'NONE',  ( 1.000000000000000000, 0.000000000000000000, 0.000000000000000000 ) ) ;
#3196 = DIRECTION ( 'NONE',  ( 1.129377263005733683E-17, -0.000000000000000000, -1.000000000000000000 ) ) ;
#3197 = ORIENTED_EDGE ( 'NONE', *, *, #3942, .T. ) ;
#3198 = COLOUR_RGB ( '',0.9686274509803921573, 0.8784313725490195957, 0.5999999999999999778 ) ;
#3199 =( NAMED_UNIT ( * ) SI_UNIT ( $, .STERADIAN. ) SOLID_ANGLE_UNIT ( ) );
#3200 = SURFACE_STYLE_USAGE ( .BOTH. , #2849 ) ;
#3201 = FACE_OUTER_BOUND ( 'NONE', #3777, .T. ) ;
#3202 = ORIENTED_EDGE ( 'NONE', *, *, #2838, .T. ) ;
#3203 = CARTESIAN_POINT ( 'NONE',  ( 0.8000000000000000444, 0.1600000000000000033, 0.1499999999999999944 ) ) ;
#3204 = DIRECTION ( 'NONE',  ( 0.000000000000000000, 0.000000000000000000, 1.000000000000000000 ) ) ;
#3205 = VERTEX_POINT ( 'NONE', #2218 ) ;
#3206 = DIRECTION ( 'NONE',  ( 0.000000000000000000, 0.000000000000000000, 1.000000000000000000 ) ) ;
#3207 = ADVANCED_FACE ( 'NONE', ( #3221 ), #2168, .F. ) ;
#3208 = ORIENTED_EDGE ( 'NONE', *, *, #2479, .F. ) ;
#3209 =( GEOMETRIC_REPRESENTATION_CONTEXT ( 3 ) GLOBAL_UNCERTAINTY_ASSIGNED_CONTEXT ( ( #300 ) ) GLOBAL_UNIT_ASSIGNED_CONTEXT ( ( #2940, #850, #1148 ) ) REPRESENTATION_CONTEXT ( 'NONE', 'WORKASPACE' ) );
#3210 = FACE_OUTER_BOUND ( 'NONE', #3499, .T. ) ;
#3211 = ADVANCED_FACE ( 'NONE', ( #1998 ), #2588, .F. ) ;
#3212 = COLOUR_RGB ( '',0.9686274509803921573, 0.8784313725490195957, 0.5999999999999999778 ) ;
#3213 =( GEOMETRIC_REPRESENTATION_CONTEXT ( 3 ) GLOBAL_UNCERTAINTY_ASSIGNED_CONTEXT ( ( #2389 ) ) GLOBAL_UNIT_ASSIGNED_CONTEXT ( ( #4319, #1825, #2211 ) ) REPRESENTATION_CONTEXT ( 'NONE', 'WORKASPACE' ) );
#3214 = VERTEX_POINT ( 'NONE', #2350 ) ;
#3215 = CARTESIAN_POINT ( 'NONE',  ( -0.7949999999999999289, 0.1600000000000000033, 0.000000000000000000 ) ) ;
#3216 = SURFACE_STYLE_FILL_AREA ( #348 ) ;
#3217 = FILL_AREA_STYLE_COLOUR ( '', #2741 ) ;
#3218 = SURFACE_SIDE_STYLE ('',( #1114 ) ) ;
#3219 = LINE ( 'NONE', #1371, #2965 ) ;
#3220 = PLANE ( 'NONE',  #2936 ) ;
#3221 = FACE_OUTER_BOUND ( 'NONE', #2920, .T. ) ;
#3222 = STYLED_ITEM ( 'NONE', ( #2216 ), #200 ) ;
#3223 = CARTESIAN_POINT ( 'NONE',  ( -0.3500000000000000333, 0.1600000000000000033, 0.3499999999999999778 ) ) ;
#3224 = SURFACE_STYLE_FILL_AREA ( #1815 ) ;
#3225 = VECTOR ( 'NONE', #3670, 1000.000000000000000 ) ;
#3226 = SURFACE_STYLE_USAGE ( .BOTH. , #1525 ) ;
#3227 = ORIENTED_EDGE ( 'NONE', *, *, #1911, .T. ) ;
#3228 = SURFACE_SIDE_STYLE ('',( #3570 ) ) ;
#3229 = DIRECTION ( 'NONE',  ( 0.000000000000000000, 0.000000000000000000, 1.000000000000000000 ) ) ;
#3230 = ORIENTED_EDGE ( 'NONE', *, *, #3602, .T. ) ;
#3231 = VERTEX_POINT ( 'NONE', #557 ) ;
#3232 = PRESENTATION_LAYER_ASSIGNMENT (  '', '', ( #2126 ) ) ;
#3233 = FILL_AREA_STYLE_COLOUR ( '', #2194 ) ;
#3234 = FILL_AREA_STYLE_COLOUR ( '', #2310 ) ;
#3235 = COLOUR_RGB ( '',0.9686274509803921573, 0.8784313725490195957, 0.5999999999999999778 ) ;
#3236 = DIRECTION ( 'NONE',  ( -0.000000000000000000, -1.000000000000000000, -0.000000000000000000 ) ) ;
#3237 =( NAMED_UNIT ( * ) SI_UNIT ( $, .STERADIAN. ) SOLID_ANGLE_UNIT ( ) );
#3238 = CARTESIAN_POINT ( 'NONE',  ( -0.6800000000000000488, -0.01000000000000000021, 0.4000000000000000222 ) ) ;
#3239 = EDGE_CURVE ( 'NONE', #3101, #3590, #3988, .T. ) ;
#3240 = CYLINDRICAL_SURFACE ( 'NONE', #2393, 0.2499999999999999445 ) ;
#3241 = EDGE_CURVE ( 'NONE', #2044, #3829, #3003, .T. ) ;
#3242 = PRESENTATION_STYLE_ASSIGNMENT (( #3854 ) ) ;
#3243 = DIRECTION ( 'NONE',  ( 0.000000000000000000, 0.000000000000000000, 1.000000000000000000 ) ) ;
#3244 = DIRECTION ( 'NONE',  ( -0.000000000000000000, -1.000000000000000000, -0.000000000000000000 ) ) ;
#3245 = SURFACE_STYLE_USAGE ( .BOTH. , #1835 ) ;
#3246 = LINE ( 'NONE', #1928, #3861 ) ;
#3247 = FILL_AREA_STYLE ('',( #410 ) ) ;
#3248 = ORIENTED_EDGE ( 'NONE', *, *, #3329, .F. ) ;
#3249 = SURFACE_SIDE_STYLE ('',( #1169 ) ) ;
#3250 = EDGE_LOOP ( 'NONE', ( #1690, #2122, #4548, #3197 ) ) ;
#3251 = CARTESIAN_POINT ( 'NONE',  ( 0.8000000000000000444, -0.01000000000000000021, 0.000000000000000000 ) ) ;
#3252 = ORIENTED_EDGE ( 'NONE', *, *, #2322, .F. ) ;
#3253 = CARTESIAN_POINT ( 'NONE',  ( 0.5999999999999999778, -0.01000000000000000021, 0.4000000000000000222 ) ) ;
#3254 = FACE_OUTER_BOUND ( 'NONE', #3164, .T. ) ;
#3255 = LINE ( 'NONE', #1922, #3589 ) ;
#3256 = AXIS2_PLACEMENT_3D ( 'NONE', #569, #4087, #612 ) ;
#3257 = VERTEX_POINT ( 'NONE', #2611 ) ;
#3258 = FILL_AREA_STYLE_COLOUR ( '', #3979 ) ;
#3259 = SURFACE_STYLE_USAGE ( .BOTH. , #4277 ) ;
#3260 = LINE ( 'NONE', #102, #1851 ) ;
#3261 = AXIS2_PLACEMENT_3D ( 'NONE', #564, #1282, #3368 ) ;
#3262 = DIRECTION ( 'NONE',  ( 0.000000000000000000, 0.000000000000000000, 1.000000000000000000 ) ) ;
#3263 = AXIS2_PLACEMENT_3D ( 'NONE', #4130, #1441, #4547 ) ;
#3264 = EDGE_CURVE ( 'NONE', #1239, #726, #493, .T. ) ;
#3265 = DIRECTION ( 'NONE',  ( 0.000000000000000000, 0.000000000000000000, -1.000000000000000000 ) ) ;
#3266 = COLOUR_RGB ( '',0.7921568627450980005, 0.8196078431372548767, 0.9333333333333333481 ) ;
#3267 = CARTESIAN_POINT ( 'NONE',  ( -0.8000000000000000444, 0.000000000000000000, 0.4000000000000000222 ) ) ;
#3268 = MECHANICAL_DESIGN_GEOMETRIC_PRESENTATION_REPRESENTATION (  '', ( #1792 ), #4351 ) ;
#3269 = UNCERTAINTY_MEASURE_WITH_UNIT (LENGTH_MEASURE( 1.000000000000000082E-05 ), #3418, 'distance_accuracy_value', 'NONE');
#3270 = MECHANICAL_DESIGN_GEOMETRIC_PRESENTATION_REPRESENTATION (  '', ( #2817 ), #103 ) ;
#3271 =( GEOMETRIC_REPRESENTATION_CONTEXT ( 3 ) GLOBAL_UNCERTAINTY_ASSIGNED_CONTEXT ( ( #3280 ) ) GLOBAL_UNIT_ASSIGNED_CONTEXT ( ( #3374, #2913, #2956 ) ) REPRESENTATION_CONTEXT ( 'NONE', 'WORKASPACE' ) );
#3272 = CARTESIAN_POINT ( 'NONE',  ( 0.7500000000000000000, 0.1600000000000000033, -0.000000000000000000 ) ) ;
#3273 = SURFACE_STYLE_USAGE ( .BOTH. , #1498 ) ;
#3274 = EDGE_CURVE ( 'NONE', #2435, #782, #3677, .T. ) ;
#3275 = AXIS2_PLACEMENT_3D ( 'NONE', #179, #1596, #3364 ) ;
#3276 = CARTESIAN_POINT ( 'NONE',  ( 0.8000000000000000444, -0.01000000000000000021, 0.000000000000000000 ) ) ;
#3277 = ORIENTED_EDGE ( 'NONE', *, *, #448, .T. ) ;
#3278 = ORIENTED_EDGE ( 'NONE', *, *, #3847, .F. ) ;
#3279 = SURFACE_STYLE_FILL_AREA ( #2562 ) ;
#3280 = UNCERTAINTY_MEASURE_WITH_UNIT (LENGTH_MEASURE( 1.000000000000000082E-05 ), #3374, 'distance_accuracy_value', 'NONE');
#3281 = CARTESIAN_POINT ( 'NONE',  ( -0.5728147436786968916, -0.04169717456450557080, 0.3978147436786969027 ) ) ;
#3282 = EDGE_LOOP ( 'NONE', ( #3643, #2120, #115, #3108, #3736, #3569, #936, #4198 ) ) ;
#3283 = CARTESIAN_POINT ( 'NONE',  ( -0.3499999999999999778, 0.1700000000000000122, -5.421010862427523403E-17 ) ) ;
#3284 = PRESENTATION_LAYER_ASSIGNMENT (  '', '', ( #4146 ) ) ;
#3285 = DIRECTION ( 'NONE',  ( 0.000000000000000000, 0.000000000000000000, 1.000000000000000000 ) ) ;
#3286 = ORIENTED_EDGE ( 'NONE', *, *, #4399, .F. ) ;
#3287 = STYLED_ITEM ( 'NONE', ( #2554 ), #530 ) ;
#3288 = DIRECTION ( 'NONE',  ( -0.000000000000000000, 1.000000000000000000, -0.000000000000000000 ) ) ;
#3289 = CIRCLE ( 'NONE', #1888, 0.1499999999999999944 ) ;
#3290 = PRESENTATION_LAYER_ASSIGNMENT (  '', '', ( #1673 ) ) ;
#3291 = CARTESIAN_POINT ( 'NONE',  ( 0.7500000000000000000, -0.01000000000000000021, -0.2449489742783177437 ) ) ;
#3292 = CARTESIAN_POINT ( 'NONE',  ( 0.8000000000000000444, -0.01000000000000000021, 0.1499999999999999944 ) ) ;
#3293 = CLOSED_SHELL ( 'NONE', ( #3510, #1827, #3606, #661, #3457, #400, #3681, #2869, #3379, #59 ) ) ;
#3294 = ADVANCED_FACE ( 'NONE', ( #1927 ), #2658, .T. ) ;
#3295 = CARTESIAN_POINT ( 'NONE',  ( 0.8000000000000000444, 0.1600000000000000033, -0.1499999999999999944 ) ) ;
#3296 = FILL_AREA_STYLE_COLOUR ( '', #24 ) ;
#3297 = VECTOR ( 'NONE', #1370, 1000.000000000000000 ) ;
#3298 = CARTESIAN_POINT ( 'NONE',  ( -0.8000000000000000444, 0.1600000000000000033, 0.000000000000000000 ) ) ;
#3299 = ORIENTED_EDGE ( 'NONE', *, *, #1637, .T. ) ;
#3300 =( NAMED_UNIT ( * ) SI_UNIT ( $, .STERADIAN. ) SOLID_ANGLE_UNIT ( ) );
#3301 = ORIENTED_EDGE ( 'NONE', *, *, #790, .T. ) ;
#3302 = EDGE_CURVE ( 'NONE', #4441, #3158, #4095, .T. ) ;
#3303 = SURFACE_STYLE_USAGE ( .BOTH. , #2274 ) ;
#3304 = DIRECTION ( 'NONE',  ( -0.000000000000000000, -1.000000000000000000, -0.000000000000000000 ) ) ;
#3305 = UNCERTAINTY_MEASURE_WITH_UNIT (LENGTH_MEASURE( 1.000000000000000082E-05 ), #795, 'distance_accuracy_value', 'NONE');
#3306 = AXIS2_PLACEMENT_3D ( 'NONE', #1780, #740, #1033 ) ;
#3307 = LINE ( 'NONE', #143, #1611 ) ;
#3308 = VECTOR ( 'NONE', #3413, 1000.000000000000000 ) ;
#3309 = DIRECTION ( 'NONE',  ( -1.000000000000000000, -0.000000000000000000, -0.000000000000000000 ) ) ;
#3310 = PRESENTATION_LAYER_ASSIGNMENT (  '', '', ( #2633 ) ) ;
#3311 = CARTESIAN_POINT ( 'NONE',  ( 0.8000000000000000444, -0.01000000000000000021, 0.1499999999999999944 ) ) ;
#3312 = MECHANICAL_DESIGN_GEOMETRIC_PRESENTATION_REPRESENTATION (  '', ( #947 ), #884 ) ;
#3313 = VECTOR ( 'NONE', #1298, 1000.000000000000000 ) ;
#3314 = FILL_AREA_STYLE_COLOUR ( '', #531 ) ;
#3315 = CARTESIAN_POINT ( 'NONE',  ( 0.000000000000000000, 0.1600000000000000033, 0.3499999999999999778 ) ) ;
#3316 =( NAMED_UNIT ( * ) SI_UNIT ( $, .STERADIAN. ) SOLID_ANGLE_UNIT ( ) );
#3317 = CARTESIAN_POINT ( 'NONE',  ( 0.000000000000000000, 0.1600000000000000033, -0.4000000000000000222 ) ) ;
#3318 = ORIENTED_EDGE ( 'NONE', *, *, #1632, .F. ) ;
#3319 = STYLED_ITEM ( 'NONE', ( #1328 ), #59 ) ;
#3320 = UNCERTAINTY_MEASURE_WITH_UNIT (LENGTH_MEASURE( 1.000000000000000082E-05 ), #4302, 'distance_accuracy_value', 'NONE');
#3321 = ORIENTED_EDGE ( 'NONE', *, *, #4511, .T. ) ;
#3322 = DIRECTION ( 'NONE',  ( -0.000000000000000000, -1.000000000000000000, 0.000000000000000000 ) ) ;
#3323 = UNCERTAINTY_MEASURE_WITH_UNIT (LENGTH_MEASURE( 1.000000000000000082E-05 ), #4468, 'distance_accuracy_value', 'NONE');
#3324 = CARTESIAN_POINT ( 'NONE',  ( -0.7949999999999999289, 0.1700000000000000122, 0.000000000000000000 ) ) ;
#3325 = CARTESIAN_POINT ( 'NONE',  ( 0.7500000000000000000, -0.01000000000000000021, 0.4000000000000000222 ) ) ;
#3326 = ORIENTED_EDGE ( 'NONE', *, *, #4008, .T. ) ;
#3327 = FILL_AREA_STYLE ('',( #1925 ) ) ;
#3328 = LINE ( 'NONE', #1904, #251 ) ;
#3329 = EDGE_CURVE ( 'NONE', #3397, #3831, #3183, .T. ) ;
#3330 = COLOUR_RGB ( '',0.9686274509803921573, 0.8784313725490195957, 0.5999999999999999778 ) ;
#3331 = ADVANCED_FACE ( 'NONE', ( #1713 ), #686, .F. ) ;
#3332 = COLOUR_RGB ( '',0.000000000000000000, 0.5019607843137254832, 0.000000000000000000 ) ;
#3333 = FILL_AREA_STYLE_COLOUR ( '', #3763 ) ;
#3334 = AXIS2_PLACEMENT_3D ( 'NONE', #73, #1533, #3959 ) ;
#3335 =( GEOMETRIC_REPRESENTATION_CONTEXT ( 3 ) GLOBAL_UNCERTAINTY_ASSIGNED_CONTEXT ( ( #1892 ) ) GLOBAL_UNIT_ASSIGNED_CONTEXT ( ( #4382, #1916, #1572 ) ) REPRESENTATION_CONTEXT ( 'NONE', 'WORKASPACE' ) );
#3336 =( LENGTH_UNIT ( ) NAMED_UNIT ( * ) SI_UNIT ( .MILLI., .METRE. ) );
#3337 = EDGE_CURVE ( 'NONE', #1874, #2141, #1758, .T. ) ;
#3338 = STYLED_ITEM ( 'NONE', ( #805 ), #3457 ) ;
#3339 = VECTOR ( 'NONE', #798, 1000.000000000000000 ) ;
#3340 = LINE ( 'NONE', #2918, #1365 ) ;
#3341 = SURFACE_STYLE_USAGE ( .BOTH. , #2966 ) ;
#3342 = FACE_OUTER_BOUND ( 'NONE', #4093, .T. ) ;
#3343 = SURFACE_STYLE_FILL_AREA ( #4056 ) ;
#3344 = ORIENTED_EDGE ( 'NONE', *, *, #693, .F. ) ;
#3345 = AXIS2_PLACEMENT_3D ( 'NONE', #88, #1818, #2177 ) ;
#3346 = CARTESIAN_POINT ( 'NONE',  ( -9.486769009248156402E-17, 0.1700000000000000122, -0.3499999999999997558 ) ) ;
#3347 = ORIENTED_EDGE ( 'NONE', *, *, #4091, .T. ) ;
#3348 = COLOUR_RGB ( '',0.000000000000000000, 0.5019607843137254832, 0.000000000000000000 ) ;
#3349 = DIRECTION ( 'NONE',  ( -0.000000000000000000, 1.000000000000000000, -0.000000000000000000 ) ) ;
#3350 = VECTOR ( 'NONE', #593, 1000.000000000000000 ) ;
#3351 = CARTESIAN_POINT ( 'NONE',  ( 0.8000000000000000444, 0.000000000000000000, -0.2000000000000000111 ) ) ;
#3352 = CARTESIAN_POINT ( 'NONE',  ( 0.5999999999999999778, 0.000000000000000000, -0.4000000000000000222 ) ) ;
#3353 = SURFACE_SIDE_STYLE ('',( #1579 ) ) ;
#3354 = ORIENTED_EDGE ( 'NONE', *, *, #3264, .F. ) ;
#3355 = EDGE_CURVE ( 'NONE', #3101, #3956, #2803, .T. ) ;
#3356 = CARTESIAN_POINT ( 'NONE',  ( -0.02999999999999988787, 0.1600000000000000033, -0.4000000000000000222 ) ) ;
#3357 = ORIENTED_EDGE ( 'NONE', *, *, #2484, .T. ) ;
#3358 = CARTESIAN_POINT ( 'NONE',  ( 0.5654294591668851400, -0.1826167978121472080, -0.3879462107649004343 ) ) ;
#3359 = CARTESIAN_POINT ( 'NONE',  ( -0.6800000000000000488, -0.01000000000000000021, 0.4000000000000000222 ) ) ;
#3360 = VECTOR ( 'NONE', #3361, 1000.000000000000000 ) ;
#3361 = DIRECTION ( 'NONE',  ( 0.000000000000000000, 0.000000000000000000, -1.000000000000000000 ) ) ;
#3362 = SURFACE_STYLE_USAGE ( .BOTH. , #1954 ) ;
#3363 =( LENGTH_UNIT ( ) NAMED_UNIT ( * ) SI_UNIT ( .MILLI., .METRE. ) );
#3364 = DIRECTION ( 'NONE',  ( -0.000000000000000000, 0.000000000000000000, -1.000000000000000000 ) ) ;
#3365 = ORIENTED_EDGE ( 'NONE', *, *, #338, .T. ) ;
#3366 =( LENGTH_UNIT ( ) NAMED_UNIT ( * ) SI_UNIT ( .MILLI., .METRE. ) );
#3367 = ORIENTED_EDGE ( 'NONE', *, *, #1311, .T. ) ;
#3368 = DIRECTION ( 'NONE',  ( 0.000000000000000000, -0.000000000000000000, -1.000000000000000000 ) ) ;
#3369 = CARTESIAN_POINT ( 'NONE',  ( 0.5154979824291564539, -0.2300000000000000100, 0.3879462107649004343 ) ) ;
#3370 =( LENGTH_UNIT ( ) NAMED_UNIT ( * ) SI_UNIT ( .MILLI., .METRE. ) );
#3371 = VERTEX_POINT ( 'NONE', #1776 ) ;
#3372 = CARTESIAN_POINT ( 'NONE',  ( -0.2299999999999998435, 0.1700000000000000122, 0.4000000000000000222 ) ) ;
#3373 = CIRCLE ( 'NONE', #2355, 0.1999999999999999833 ) ;
#3374 =( LENGTH_UNIT ( ) NAMED_UNIT ( * ) SI_UNIT ( .MILLI., .METRE. ) );
#3375 = PRESENTATION_LAYER_ASSIGNMENT (  '', '', ( #797 ) ) ;
#3376 = VERTEX_POINT ( 'NONE', #4199 ) ;
#3377 =( NAMED_UNIT ( * ) SI_UNIT ( $, .STERADIAN. ) SOLID_ANGLE_UNIT ( ) );
#3378 = CARTESIAN_POINT ( 'NONE',  ( 0.8000000000000000444, -0.01000000000000000021, 0.4000000000000000222 ) ) ;
#3379 = ADVANCED_FACE ( 'NONE', ( #1360 ), #3811, .F. ) ;
#3380 = FACE_OUTER_BOUND ( 'NONE', #1468, .T. ) ;
#3381 = PRESENTATION_STYLE_ASSIGNMENT (( #917 ) ) ;
#3382 = FACE_OUTER_BOUND ( 'NONE', #560, .T. ) ;
#3383 =( NAMED_UNIT ( * ) SI_UNIT ( $, .STERADIAN. ) SOLID_ANGLE_UNIT ( ) );
#3384 = VERTEX_POINT ( 'NONE', #3177 ) ;
#3385 = SURFACE_STYLE_USAGE ( .BOTH. , #2946 ) ;
#3386 = ORIENTED_EDGE ( 'NONE', *, *, #3146, .F. ) ;
#3387 = CARTESIAN_POINT ( 'NONE',  ( 0.6999999999999999556, -0.01000000000000000021, -0.4000000000000000222 ) ) ;
#3388 = SURFACE_STYLE_FILL_AREA ( #1280 ) ;
#3389 = CARTESIAN_POINT ( 'NONE',  ( 0.8000000000000000444, 0.1700000000000000122, -0.1499999999999999944 ) ) ;
#3390 =( NAMED_UNIT ( * ) PLANE_ANGLE_UNIT ( ) SI_UNIT ( $, .RADIAN. ) );
#3391 = DIRECTION ( 'NONE',  ( -0.000000000000000000, -0.000000000000000000, 1.000000000000000000 ) ) ;
#3392 = CARTESIAN_POINT ( 'NONE',  ( -0.8000000000000000444, 0.1700000000000000122, 0.000000000000000000 ) ) ;
#3393 = UNCERTAINTY_MEASURE_WITH_UNIT (LENGTH_MEASURE( 1.000000000000000082E-05 ), #1912, 'distance_accuracy_value', 'NONE');
#3394 = DIRECTION ( 'NONE',  ( -0.000000000000000000, -0.000000000000000000, -1.000000000000000000 ) ) ;
#3395 = CARTESIAN_POINT ( 'NONE',  ( 0.8000000000000000444, 0.000000000000000000, 0.000000000000000000 ) ) ;
#3396 = SURFACE_STYLE_USAGE ( .BOTH. , #1675 ) ;
#3397 = VERTEX_POINT ( 'NONE', #318 ) ;
#3398 = SURFACE_STYLE_FILL_AREA ( #214 ) ;
#3399 =( LENGTH_UNIT ( ) NAMED_UNIT ( * ) SI_UNIT ( .MILLI., .METRE. ) );
#3400 = DIRECTION ( 'NONE',  ( -0.000000000000000000, -1.000000000000000000, -0.000000000000000000 ) ) ;
#3401 = UNCERTAINTY_MEASURE_WITH_UNIT (LENGTH_MEASURE( 1.000000000000000082E-05 ), #3078, 'distance_accuracy_value', 'NONE');
#3402 = CARTESIAN_POINT ( 'NONE',  ( -0.2299999999999998435, 0.1700000000000000122, 0.4000000000000000222 ) ) ;
#3403 =( LENGTH_UNIT ( ) NAMED_UNIT ( * ) SI_UNIT ( .MILLI., .METRE. ) );
#3404 = CYLINDRICAL_SURFACE ( 'NONE', #440, 0.1499999999999999944 ) ;
#3405 = LINE ( 'NONE', #1277, #1352 ) ;
#3406 = VERTEX_POINT ( 'NONE', #1737 ) ;
#3407 = FACE_OUTER_BOUND ( 'NONE', #2618, .T. ) ;
#3408 = VERTEX_POINT ( 'NONE', #1383 ) ;
#3409 = PRESENTATION_LAYER_ASSIGNMENT (  '', '', ( #2164 ) ) ;
#3410 = COLOUR_RGB ( '',0.7921568627450980005, 0.8196078431372548767, 0.9333333333333333481 ) ;
#3411 = PRESENTATION_LAYER_ASSIGNMENT (  '', '', ( #2813 ) ) ;
#3412 = DIRECTION ( 'NONE',  ( 0.000000000000000000, 0.000000000000000000, -1.000000000000000000 ) ) ;
#3413 = DIRECTION ( 'NONE',  ( 0.000000000000000000, 0.000000000000000000, 1.000000000000000000 ) ) ;
#3414 = COLOUR_RGB ( '',0.000000000000000000, 0.5019607843137254832, 0.000000000000000000 ) ;
#3415 =( GEOMETRIC_REPRESENTATION_CONTEXT ( 3 ) GLOBAL_UNCERTAINTY_ASSIGNED_CONTEXT ( ( #3323 ) ) GLOBAL_UNIT_ASSIGNED_CONTEXT ( ( #4468, #4539, #2728 ) ) REPRESENTATION_CONTEXT ( 'NONE', 'WORKASPACE' ) );
#3416 = VECTOR ( 'NONE', #384, 1000.000000000000000 ) ;
#3417 = VECTOR ( 'NONE', #35, 1000.000000000000000 ) ;
#3418 =( LENGTH_UNIT ( ) NAMED_UNIT ( * ) SI_UNIT ( .MILLI., .METRE. ) );
#3419 = CARTESIAN_POINT ( 'NONE',  ( 0.5999999999999999778, -0.01000000000000000021, 0.4000000000000000222 ) ) ;
#3420 =( GEOMETRIC_REPRESENTATION_CONTEXT ( 3 ) GLOBAL_UNCERTAINTY_ASSIGNED_CONTEXT ( ( #3644 ) ) GLOBAL_UNIT_ASSIGNED_CONTEXT ( ( #895, #542, #1253 ) ) REPRESENTATION_CONTEXT ( 'NONE', 'WORKASPACE' ) );
#3421 = PLANE ( 'NONE',  #770 ) ;
#3422 = ORIENTED_EDGE ( 'NONE', *, *, #524, .F. ) ;
#3423 = CARTESIAN_POINT ( 'NONE',  ( 0.8000000000000000444, 0.000000000000000000, 0.4000000000000000222 ) ) ;
#3424 = DIRECTION ( 'NONE',  ( -0.000000000000000000, 1.000000000000000000, 0.000000000000000000 ) ) ;
#3425 = CYLINDRICAL_SURFACE ( 'NONE', #3990, 0.1999999999999999833 ) ;
#3426 = PRESENTATION_STYLE_ASSIGNMENT (( #2023 ) ) ;
#3427 = ORIENTED_EDGE ( 'NONE', *, *, #25, .F. ) ;
#3428 = MECHANICAL_DESIGN_GEOMETRIC_PRESENTATION_REPRESENTATION (  '', ( #2833 ), #2914 ) ;
#3429 = AXIS2_PLACEMENT_3D ( 'NONE', #4296, #1809, #2231 ) ;
#3430 = DIRECTION ( 'NONE',  ( -1.000000000000000000, 0.000000000000000000, 0.000000000000000000 ) ) ;
#3431 = LINE ( 'NONE', #1004, #486 ) ;
#3432 = DIRECTION ( 'NONE',  ( 0.05226442768871396999, 0.9972646886342372285, -0.05226442768871395611 ) ) ;
#3433 = EDGE_CURVE ( 'NONE', #4389, #1738, #2667, .T. ) ;
#3434 = APPLICATION_CONTEXT ( 'automotive_design' ) ;
#3435 = COLOUR_RGB ( '',0.9686274509803921573, 0.8784313725490195957, 0.5999999999999999778 ) ;
#3436 = ORIENTED_EDGE ( 'NONE', *, *, #268, .T. ) ;
#3437 = CARTESIAN_POINT ( 'NONE',  ( -0.5154979824291560098, -0.2300000000000000100, 0.3879462107649006009 ) ) ;
#3438 = CARTESIAN_POINT ( 'NONE',  ( 0.5999999999999999778, -0.01000000000000000021, 0.4000000000000000222 ) ) ;
#3439 = SURFACE_STYLE_FILL_AREA ( #3092 ) ;
#3440 = CARTESIAN_POINT ( 'NONE',  ( -0.8000000000000000444, -0.01000000000000000021, -0.4000000000000000222 ) ) ;
#3441 = UNCERTAINTY_MEASURE_WITH_UNIT (LENGTH_MEASURE( 1.000000000000000082E-05 ), #314, 'distance_accuracy_value', 'NONE');
#3442 = MECHANICAL_DESIGN_GEOMETRIC_PRESENTATION_REPRESENTATION (  '', ( #2851 ), #4529 ) ;
#3443 = ORIENTED_EDGE ( 'NONE', *, *, #2749, .F. ) ;
#3444 = PRESENTATION_STYLE_ASSIGNMENT (( #595 ) ) ;
#3445 = AXIS2_PLACEMENT_3D ( 'NONE', #4083, #1964, #258 ) ;
#3446 = CARTESIAN_POINT ( 'NONE',  ( 0.5999999999999999778, -0.01000000000000000021, 0.4000000000000000222 ) ) ;
#3447 = FACE_OUTER_BOUND ( 'NONE', #838, .T. ) ;
#3448 = CARTESIAN_POINT ( 'NONE',  ( 0.000000000000000000, 0.1700000000000000122, 0.000000000000000000 ) ) ;
#3449 = PRESENTATION_STYLE_ASSIGNMENT (( #2066 ) ) ;
#3450 = ORIENTED_EDGE ( 'NONE', *, *, #3937, .T. ) ;
#3451 = AXIS2_PLACEMENT_3D ( 'NONE', #2074, #3046, #4136 ) ;
#3452 = FACE_OUTER_BOUND ( 'NONE', #2025, .T. ) ;
#3453 = PRESENTATION_LAYER_ASSIGNMENT (  '', '', ( #2288 ) ) ;
#3454 =( NAMED_UNIT ( * ) SI_UNIT ( $, .STERADIAN. ) SOLID_ANGLE_UNIT ( ) );
#3455 = VERTEX_POINT ( 'NONE', #2098 ) ;
#3456 = EDGE_CURVE ( 'NONE', #1917, #1219, #45, .T. ) ;
#3457 = ADVANCED_FACE ( 'NONE', ( #1820 ), #438, .T. ) ;
#3458 = FILL_AREA_STYLE ('',( #1388 ) ) ;
#3459 = VECTOR ( 'NONE', #1445, 1000.000000000000000 ) ;
#3460 = EDGE_CURVE ( 'NONE', #3257, #2247, #2921, .T. ) ;
#3461 = VERTEX_POINT ( 'NONE', #2856 ) ;
#3462 = EDGE_CURVE ( 'NONE', #3613, #325, #1462, .T. ) ;
#3463 = SURFACE_STYLE_USAGE ( .BOTH. , #2726 ) ;
#3464 = SURFACE_STYLE_USAGE ( .BOTH. , #1726 ) ;
#3465 = CARTESIAN_POINT ( 'NONE',  ( 0.5749999999999999556, -0.2300000000000000100, -0.3879462107649005453 ) ) ;
#3466 =( NAMED_UNIT ( * ) SI_UNIT ( $, .STERADIAN. ) SOLID_ANGLE_UNIT ( ) );
#3467 =( LENGTH_UNIT ( ) NAMED_UNIT ( * ) SI_UNIT ( .MILLI., .METRE. ) );
#3468 = ORIENTED_EDGE ( 'NONE', *, *, #1911, .F. ) ;
#3469 = ADVANCED_FACE ( 'NONE', ( #3936 ), #4221, .T. ) ;
#3470 = PLANE ( 'NONE',  #2015 ) ;
#3471 = STYLED_ITEM ( 'NONE', ( #841 ), #730 ) ;
#3472 = PLANE ( 'NONE',  #3630 ) ;
#3473 = SURFACE_STYLE_USAGE ( .BOTH. , #3228 ) ;
#3474 = PLANE ( 'NONE',  #2970 ) ;
#3475 = VERTEX_POINT ( 'NONE', #1864 ) ;
#3476 = VECTOR ( 'NONE', #197, 1000.000000000000000 ) ;
#3477 = SURFACE_STYLE_FILL_AREA ( #1364 ) ;
#3478 = AXIS2_PLACEMENT_3D ( 'NONE', #3446, #1745, #2788 ) ;
#3479 = COLOUR_RGB ( '',0.7921568627450980005, 0.8196078431372548767, 0.9333333333333333481 ) ;
#3480 =( LENGTH_UNIT ( ) NAMED_UNIT ( * ) SI_UNIT ( .MILLI., .METRE. ) );
#3481 = AXIS2_PLACEMENT_3D ( 'NONE', #774, #2816, #106 ) ;
#3482 = CARTESIAN_POINT ( 'NONE',  ( -0.8000000000000000444, 0.1700000000000000122, 0.1500000000000001887 ) ) ;
#3483 = AXIS2_PLACEMENT_3D ( 'NONE', #3317, #4428, #2024 ) ;
#3484 = EDGE_LOOP ( 'NONE', ( #2523, #3347, #2323, #2291 ) ) ;
#3485 = FACE_OUTER_BOUND ( 'NONE', #2969, .T. ) ;
#3486 = MANIFOLD_SOLID_BREP ( 'Boss-Extrude6[1]', #4227 ) ;
#3487 = EDGE_CURVE ( 'NONE', #3957, #3158, #1983, .T. ) ;
#3488 = FILL_AREA_STYLE_COLOUR ( '', #807 ) ;
#3489 =( LENGTH_UNIT ( ) NAMED_UNIT ( * ) SI_UNIT ( .MILLI., .METRE. ) );
#3490 = CARTESIAN_POINT ( 'NONE',  ( 0.8000000000000000444, 0.1700000000000000122, -0.1999374902313220403 ) ) ;
#3491 =( NAMED_UNIT ( * ) PLANE_ANGLE_UNIT ( ) SI_UNIT ( $, .RADIAN. ) );
#3492 = ORIENTED_EDGE ( 'NONE', *, *, #2703, .F. ) ;
#3493 = PRESENTATION_STYLE_ASSIGNMENT (( #4165 ) ) ;
#3494 = CIRCLE ( 'NONE', #4368, 0.1499999999999999944 ) ;
#3495 = ORIENTED_EDGE ( 'NONE', *, *, #660, .T. ) ;
#3496 =( NAMED_UNIT ( * ) PLANE_ANGLE_UNIT ( ) SI_UNIT ( $, .RADIAN. ) );
#3497 = ORIENTED_EDGE ( 'NONE', *, *, #1822, .F. ) ;
#3498 = DIRECTION ( 'NONE',  ( 0.000000000000000000, 0.000000000000000000, 1.000000000000000000 ) ) ;
#3499 = EDGE_LOOP ( 'NONE', ( #1662, #3888, #616, #2472 ) ) ;
#3500 = SURFACE_SIDE_STYLE ('',( #395 ) ) ;
#3501 = PRESENTATION_STYLE_ASSIGNMENT (( #3845 ) ) ;
#3502 = PRESENTATION_STYLE_ASSIGNMENT (( #2637 ) ) ;
#3503 = ORIENTED_EDGE ( 'NONE', *, *, #2380, .T. ) ;
#3504 = CARTESIAN_POINT ( 'NONE',  ( 0.5999999999999998668, -0.01000000000000000021, 0.1499999999999996336 ) ) ;
#3505 = CARTESIAN_POINT ( 'NONE',  ( 0.1700000000000001510, 0.1700000000000000122, -0.1000000000000000056 ) ) ;
#3506 = EDGE_CURVE ( 'NONE', #68, #2922, #3908, .T. ) ;
#3507 = DIRECTION ( 'NONE',  ( 0.000000000000000000, 0.000000000000000000, 1.000000000000000000 ) ) ;
#3508 = FILL_AREA_STYLE ('',( #1681 ) ) ;
#3509 = CARTESIAN_POINT ( 'NONE',  ( -0.02999999999999982195, 0.1700000000000000122, 0.4000000000000000222 ) ) ;
#3510 = ADVANCED_FACE ( 'NONE', ( #2685 ), #4405, .F. ) ;
#3511 = FILL_AREA_STYLE_COLOUR ( '', #1941 ) ;
#3512 = CARTESIAN_POINT ( 'NONE',  ( -0.6800000000000000488, -0.01000000000000000021, -0.4000000000000000222 ) ) ;
#3513 = STYLED_ITEM ( 'NONE', ( #2755 ), #4266 ) ;
#3514 = VERTEX_POINT ( 'NONE', #2359 ) ;
#3515 = PRESENTATION_STYLE_ASSIGNMENT (( #3245 ) ) ;
#3516 = PLANE ( 'NONE',  #1979 ) ;
#3517 = ADVANCED_FACE ( 'NONE', ( #3407 ), #2665, .T. ) ;
#3518 = VECTOR ( 'NONE', #3827, 1000.000000000000000 ) ;
#3519 = CARTESIAN_POINT ( 'NONE',  ( -0.2299999999999999545, 0.1700000000000000122, -0.4000000000000000222 ) ) ;
#3520 = PRESENTATION_STYLE_ASSIGNMENT (( #2829 ) ) ;
#3521 = FACE_OUTER_BOUND ( 'NONE', #1982, .T. ) ;
#3522 = FACE_OUTER_BOUND ( 'NONE', #652, .T. ) ;
#3523 = ORIENTED_EDGE ( 'NONE', *, *, #1214, .F. ) ;
#3524 =( NAMED_UNIT ( * ) SI_UNIT ( $, .STERADIAN. ) SOLID_ANGLE_UNIT ( ) );
#3525 = ORIENTED_EDGE ( 'NONE', *, *, #1663, .T. ) ;
#3526 = ADVANCED_FACE ( 'NONE', ( #3452 ), #4102, .T. ) ;
#3527 = MANIFOLD_SOLID_BREP ( 'Boss-Extrude2[1]', #3068 ) ;
#3528 = CARTESIAN_POINT ( 'NONE',  ( 0.6999999999999999556, -0.01000000000000000021, -0.4000000000000000222 ) ) ;
#3529 = STYLED_ITEM ( 'NONE', ( #2982 ), #2128 ) ;
#3530 = FILL_AREA_STYLE ('',( #3578 ) ) ;
#3531 = ORIENTED_EDGE ( 'NONE', *, *, #1061, .F. ) ;
#3532 =( NAMED_UNIT ( * ) SI_UNIT ( $, .STERADIAN. ) SOLID_ANGLE_UNIT ( ) );
#3533 = SURFACE_STYLE_USAGE ( .BOTH. , #4141 ) ;
#3534 = MANIFOLD_SOLID_BREP ( 'Boss-Extrude1', #709 ) ;
#3535 = VECTOR ( 'NONE', #4188, 1000.000000000000000 ) ;
#3536 = SURFACE_SIDE_STYLE ('',( #403 ) ) ;
#3537 = DIRECTION ( 'NONE',  ( 0.000000000000000000, 1.000000000000000000, -0.000000000000000000 ) ) ;
#3538 = LINE ( 'NONE', #620, #53 ) ;
#3539 = EDGE_CURVE ( 'NONE', #1439, #4309, #2754, .T. ) ;
#3540 = CARTESIAN_POINT ( 'NONE',  ( 0.8000000000000000444, 0.000000000000000000, -0.1499999999999999944 ) ) ;
#3541 = ORIENTED_EDGE ( 'NONE', *, *, #3460, .T. ) ;
#3542 =( LENGTH_UNIT ( ) NAMED_UNIT ( * ) SI_UNIT ( .MILLI., .METRE. ) );
#3543 = FILL_AREA_STYLE_COLOUR ( '', #3923 ) ;
#3544 = EDGE_LOOP ( 'NONE', ( #1714, #4217, #33, #733 ) ) ;
#3545 = FILL_AREA_STYLE ('',( #1797 ) ) ;
#3546 = ORIENTED_EDGE ( 'NONE', *, *, #3506, .F. ) ;
#3547 = ADVANCED_FACE ( 'NONE', ( #2414 ), #3470, .F. ) ;
#3548 = SURFACE_STYLE_FILL_AREA ( #457 ) ;
#3549 = VERTEX_POINT ( 'NONE', #3223 ) ;
#3550 = CARTESIAN_POINT ( 'NONE',  ( -0.7500000000000000000, 0.1700000000000000122, 0.3499999999999999778 ) ) ;
#3551 = PRESENTATION_LAYER_ASSIGNMENT (  '', '', ( #829 ) ) ;
#3552 = PRESENTATION_STYLE_ASSIGNMENT (( #2808 ) ) ;
#3553 = DIRECTION ( 'NONE',  ( -0.000000000000000000, -1.000000000000000000, -0.000000000000000000 ) ) ;
#3554 = VECTOR ( 'NONE', #1128, 1000.000000000000000 ) ;
#3555 =( GEOMETRIC_REPRESENTATION_CONTEXT ( 3 ) GLOBAL_UNCERTAINTY_ASSIGNED_CONTEXT ( ( #810 ) ) GLOBAL_UNIT_ASSIGNED_CONTEXT ( ( #1769, #1425, #2065 ) ) REPRESENTATION_CONTEXT ( 'NONE', 'WORKASPACE' ) );
#3556 = ORIENTED_EDGE ( 'NONE', *, *, #3241, .F. ) ;
#3557 = CARTESIAN_POINT ( 'NONE',  ( 0.7500000000000000000, 0.000000000000000000, -0.2449489742783177437 ) ) ;
#3558 =( GEOMETRIC_REPRESENTATION_CONTEXT ( 3 ) GLOBAL_UNCERTAINTY_ASSIGNED_CONTEXT ( ( #139 ) ) GLOBAL_UNIT_ASSIGNED_CONTEXT ( ( #1358, #4545, #4522 ) ) REPRESENTATION_CONTEXT ( 'NONE', 'WORKASPACE' ) );
#3559 =( GEOMETRIC_REPRESENTATION_CONTEXT ( 3 ) GLOBAL_UNCERTAINTY_ASSIGNED_CONTEXT ( ( #568 ) ) GLOBAL_UNIT_ASSIGNED_CONTEXT ( ( #2306, #1981, #3383 ) ) REPRESENTATION_CONTEXT ( 'NONE', 'WORKASPACE' ) );
#3560 = SURFACE_STYLE_USAGE ( .BOTH. , #3536 ) ;
#3561 = MECHANICAL_DESIGN_GEOMETRIC_PRESENTATION_REPRESENTATION (  '', ( #27 ), #1433 ) ;
#3562 = MECHANICAL_DESIGN_GEOMETRIC_PRESENTATION_REPRESENTATION (  '', ( #977 ), #3415 ) ;
#3563 = STYLED_ITEM ( 'NONE', ( #365 ), #1840 ) ;
#3564 = STYLED_ITEM ( 'NONE', ( #2234 ), #3872 ) ;
#3565 = LINE ( 'NONE', #2191, #2063 ) ;
#3566 = CARTESIAN_POINT ( 'NONE',  ( 9.486769009248156402E-17, 0.1700000000000000122, -0.3499999999999997558 ) ) ;
#3567 = FILL_AREA_STYLE ('',( #60 ) ) ;
#3568 = LINE ( 'NONE', #2850, #678 ) ;
#3569 = ORIENTED_EDGE ( 'NONE', *, *, #3627, .T. ) ;
#3570 = SURFACE_STYLE_FILL_AREA ( #2176 ) ;
#3571 =( LENGTH_UNIT ( ) NAMED_UNIT ( * ) SI_UNIT ( .MILLI., .METRE. ) );
#3572 = ORIENTED_EDGE ( 'NONE', *, *, #3179, .F. ) ;
#3573 = SURFACE_SIDE_STYLE ('',( #1081 ) ) ;
#3574 = ORIENTED_EDGE ( 'NONE', *, *, #273, .T. ) ;
#3575 = PLANE ( 'NONE',  #3786 ) ;
#3576 = ADVANCED_FACE ( 'NONE', ( #2142 ), #3930, .F. ) ;
#3577 =( GEOMETRIC_REPRESENTATION_CONTEXT ( 3 ) GLOBAL_UNCERTAINTY_ASSIGNED_CONTEXT ( ( #1697 ) ) GLOBAL_UNIT_ASSIGNED_CONTEXT ( ( #1781, #1063, #4212 ) ) REPRESENTATION_CONTEXT ( 'NONE', 'WORKASPACE' ) );
#3578 = FILL_AREA_STYLE_COLOUR ( '', #2564 ) ;
#3579 = COLOUR_RGB ( '',0.9686274509803921573, 0.8784313725490195957, 0.5999999999999999778 ) ;
#3580 = EDGE_LOOP ( 'NONE', ( #2360, #2210, #4383, #2993 ) ) ;
#3581 = CYLINDRICAL_SURFACE ( 'NONE', #1889, 0.1499999999999999944 ) ;
#3582 = FILL_AREA_STYLE ('',( #516 ) ) ;
#3583 = CARTESIAN_POINT ( 'NONE',  ( 0.8000000000000000444, -0.01000000000000000021, 0.000000000000000000 ) ) ;
#3584 = DIRECTION ( 'NONE',  ( -0.000000000000000000, -1.000000000000000000, -0.000000000000000000 ) ) ;
#3585 = CARTESIAN_POINT ( 'NONE',  ( 0.8000000000000000444, 0.000000000000000000, 0.000000000000000000 ) ) ;
#3586 = FACE_OUTER_BOUND ( 'NONE', #2547, .T. ) ;
#3587 = UNCERTAINTY_MEASURE_WITH_UNIT (LENGTH_MEASURE( 1.000000000000000082E-05 ), #879, 'distance_accuracy_value', 'NONE');
#3588 =( NAMED_UNIT ( * ) PLANE_ANGLE_UNIT ( ) SI_UNIT ( $, .RADIAN. ) );
#3589 = VECTOR ( 'NONE', #1178, 1000.000000000000000 ) ;
#3590 = VERTEX_POINT ( 'NONE', #3950 ) ;
#3591 =( NAMED_UNIT ( * ) PLANE_ANGLE_UNIT ( ) SI_UNIT ( $, .RADIAN. ) );
#3592 = SURFACE_SIDE_STYLE ('',( #4244 ) ) ;
#3593 = ORIENTED_EDGE ( 'NONE', *, *, #3986, .F. ) ;
#3594 = DIRECTION ( 'NONE',  ( 0.000000000000000000, -1.000000000000000000, 0.000000000000000000 ) ) ;
#3595 = ORIENTED_EDGE ( 'NONE', *, *, #4408, .T. ) ;
#3596 = DIRECTION ( 'NONE',  ( 0.000000000000000000, 0.000000000000000000, 1.000000000000000000 ) ) ;
#3597 = LINE ( 'NONE', #442, #2770 ) ;
#3598 = EDGE_CURVE ( 'NONE', #1762, #4265, #2169, .T. ) ;
#3599 = VERTEX_POINT ( 'NONE', #1814 ) ;
#3600 = CARTESIAN_POINT ( 'NONE',  ( -0.3499999999999999223, 0.1700000000000000122, -0.3499999999999998668 ) ) ;
#3601 = DIRECTION ( 'NONE',  ( 1.412238666637953847E-16, -0.05233595624294388321, -0.9986295347545739443 ) ) ;
#3602 = EDGE_CURVE ( 'NONE', #3728, #1361, #358, .T. ) ;
#3603 = PRESENTATION_STYLE_ASSIGNMENT (( #1140 ) ) ;
#3604 = ADVANCED_FACE ( 'NONE', ( #3586 ), #2875, .F. ) ;
#3605 = LINE ( 'NONE', #2237, #1026 ) ;
#3606 = ADVANCED_FACE ( 'NONE', ( #3380 ), #2302, .F. ) ;
#3607 = SURFACE_SIDE_STYLE ('',( #81 ) ) ;
#3608 = PRESENTATION_LAYER_ASSIGNMENT (  '', '', ( #4177 ) ) ;
#3609 = SURFACE_STYLE_USAGE ( .BOTH. , #3969 ) ;
#3610 = FACE_OUTER_BOUND ( 'NONE', #2037, .T. ) ;
#3611 = EDGE_LOOP ( 'NONE', ( #1268, #631, #1800, #3495 ) ) ;
#3612 = CARTESIAN_POINT ( 'NONE',  ( 9.486769009248156402E-17, 0.1600000000000000033, -0.3499999999999997558 ) ) ;
#3613 = VERTEX_POINT ( 'NONE', #4398 ) ;
#3614 = MANIFOLD_SOLID_BREP ( 'Boss-Extrude2[2]', #2693 ) ;
#3615 = CARTESIAN_POINT ( 'NONE',  ( -0.8000000000000000444, -0.01000000000000000021, -0.4000000000000000222 ) ) ;
#3616 = SURFACE_SIDE_STYLE ('',( #1157 ) ) ;
#3617 = UNCERTAINTY_MEASURE_WITH_UNIT (LENGTH_MEASURE( 1.000000000000000082E-05 ), #1701, 'distance_accuracy_value', 'NONE');
#3618 = SURFACE_STYLE_USAGE ( .BOTH. , #3353 ) ;
#3619 = ORIENTED_EDGE ( 'NONE', *, *, #1179, .T. ) ;
#3620 = LINE ( 'NONE', #467, #4445 ) ;
#3621 = ORIENTED_EDGE ( 'NONE', *, *, #4407, .T. ) ;
#3622 = EDGE_CURVE ( 'NONE', #705, #4200, #4376, .T. ) ;
#3623 = STYLED_ITEM ( 'NONE', ( #691 ), #2419 ) ;
#3624 = FACE_OUTER_BOUND ( 'NONE', #2778, .T. ) ;
#3625 = COLOUR_RGB ( '',0.9686274509803921573, 0.8784313725490195957, 0.5999999999999999778 ) ;
#3626 = VECTOR ( 'NONE', #2020, 1000.000000000000000 ) ;
#3627 = EDGE_CURVE ( 'NONE', #1088, #3075, #217, .T. ) ;
#3628 = ADVANCED_FACE ( 'NONE', ( #1545 ), #2939, .F. ) ;
#3629 = LINE ( 'NONE', #1495, #2542 ) ;
#3630 = AXIS2_PLACEMENT_3D ( 'NONE', #562, #3787, #254 ) ;
#3631 = STYLED_ITEM ( 'NONE', ( #3079 ), #393 ) ;
#3632 = MANIFOLD_SOLID_BREP ( 'Boss-Extrude4[2]', #3293 ) ;
#3633 = COLOUR_RGB ( '',0.000000000000000000, 0.5019607843137254832, 0.000000000000000000 ) ;
#3634 =( GEOMETRIC_REPRESENTATION_CONTEXT ( 3 ) GLOBAL_UNCERTAINTY_ASSIGNED_CONTEXT ( ( #4438 ) ) GLOBAL_UNIT_ASSIGNED_CONTEXT ( ( #3363, #223, #3056 ) ) REPRESENTATION_CONTEXT ( 'NONE', 'WORKASPACE' ) );
#3635 = AXIS2_PLACEMENT_3D ( 'NONE', #1065, #3896, #3191 ) ;
#3636 = FILL_AREA_STYLE ('',( #3970 ) ) ;
#3637 = FILL_AREA_STYLE ('',( #752 ) ) ;
#3638 = VECTOR ( 'NONE', #4404, 1000.000000000000000 ) ;
#3639 = CARTESIAN_POINT ( 'NONE',  ( 0.8000000000000000444, 0.000000000000000000, -0.4000000000000000222 ) ) ;
#3640 = ORIENTED_EDGE ( 'NONE', *, *, #1211, .F. ) ;
#3641 = UNCERTAINTY_MEASURE_WITH_UNIT (LENGTH_MEASURE( 1.000000000000000082E-05 ), #4423, 'distance_accuracy_value', 'NONE');
#3642 = FILL_AREA_STYLE_COLOUR ( '', #4272 ) ;
#3643 = ORIENTED_EDGE ( 'NONE', *, *, #2563, .F. ) ;
#3644 = UNCERTAINTY_MEASURE_WITH_UNIT (LENGTH_MEASURE( 1.000000000000000082E-05 ), #895, 'distance_accuracy_value', 'NONE');
#3645 = CARTESIAN_POINT ( 'NONE',  ( 0.5654294591668851400, -0.1826167978121472357, 0.3904294591668852621 ) ) ;
#3646 = UNCERTAINTY_MEASURE_WITH_UNIT (LENGTH_MEASURE( 1.000000000000000082E-05 ), #4148, 'distance_accuracy_value', 'NONE');
#3647 = DIRECTION ( 'NONE',  ( -0.000000000000000000, -1.000000000000000000, 0.000000000000000000 ) ) ;
#3648 = ORIENTED_EDGE ( 'NONE', *, *, #4461, .T. ) ;
#3649 = SURFACE_STYLE_USAGE ( .BOTH. , #1584 ) ;
#3650 = VECTOR ( 'NONE', #111, 1000.000000000000000 ) ;
#3651 = ORIENTED_EDGE ( 'NONE', *, *, #1158, .T. ) ;
#3652 = COLOUR_RGB ( '',0.9686274509803921573, 0.8784313725490195957, 0.5999999999999999778 ) ;
#3653 = PRESENTATION_STYLE_ASSIGNMENT (( #1854 ) ) ;
#3654 = CLOSED_SHELL ( 'NONE', ( #926, #1576, #972, #3628, #3469, #812 ) ) ;
#3655 = EDGE_CURVE ( 'NONE', #3178, #2771, #3822, .T. ) ;
#3656 = DIRECTION ( 'NONE',  ( 0.000000000000000000, 0.000000000000000000, -1.000000000000000000 ) ) ;
#3657 =( NAMED_UNIT ( * ) SI_UNIT ( $, .STERADIAN. ) SOLID_ANGLE_UNIT ( ) );
#3658 = PRESENTATION_LAYER_ASSIGNMENT (  '', '', ( #867 ) ) ;
#3659 = CARTESIAN_POINT ( 'NONE',  ( -0.8000000000000000444, 0.000000000000000000, 1.959434878635765230E-16 ) ) ;
#3660 = EDGE_LOOP ( 'NONE', ( #480, #4470, #364, #4362 ) ) ;
#3661 = SURFACE_STYLE_USAGE ( .BOTH. , #1193 ) ;
#3662 = EDGE_CURVE ( 'NONE', #1618, #3257, #2748, .T. ) ;
#3663 = ORIENTED_EDGE ( 'NONE', *, *, #4323, .F. ) ;
#3664 = VECTOR ( 'NONE', #4412, 1000.000000000000000 ) ;
#3665 = FILL_AREA_STYLE_COLOUR ( '', #3579 ) ;
#3666 =( LENGTH_UNIT ( ) NAMED_UNIT ( * ) SI_UNIT ( .MILLI., .METRE. ) );
#3667 = EDGE_CURVE ( 'NONE', #3905, #2684, #1018, .T. ) ;
#3668 = COLOUR_RGB ( '',0.9686274509803921573, 0.8784313725490195957, 0.5999999999999999778 ) ;
#3669 = FACE_OUTER_BOUND ( 'NONE', #1155, .T. ) ;
#3670 = DIRECTION ( 'NONE',  ( -0.000000000000000000, 1.000000000000000000, -0.000000000000000000 ) ) ;
#3671 = ORIENTED_EDGE ( 'NONE', *, *, #2345, .T. ) ;
#3672 = FACE_OUTER_BOUND ( 'NONE', #2909, .T. ) ;
#3673 = STYLED_ITEM ( 'NONE', ( #1671 ), #926 ) ;
#3674 = CARTESIAN_POINT ( 'NONE',  ( 0.8000000000000000444, -0.01000000000000000021, -0.2499999999999999445 ) ) ;
#3675 = DIRECTION ( 'NONE',  ( -0.000000000000000000, -1.000000000000000000, -0.000000000000000000 ) ) ;
#3676 =( NAMED_UNIT ( * ) PLANE_ANGLE_UNIT ( ) SI_UNIT ( $, .RADIAN. ) );
#3677 = LINE ( 'NONE', #3358, #3837 ) ;
#3678 =( GEOMETRIC_REPRESENTATION_CONTEXT ( 3 ) GLOBAL_UNCERTAINTY_ASSIGNED_CONTEXT ( ( #3393 ) ) GLOBAL_UNIT_ASSIGNED_CONTEXT ( ( #1912, #2333, #3316 ) ) REPRESENTATION_CONTEXT ( 'NONE', 'WORKASPACE' ) );
#3679 = DIRECTION ( 'NONE',  ( 0.000000000000000000, 0.000000000000000000, -1.000000000000000000 ) ) ;
#3680 = PRODUCT_DEFINITION_SHAPE ( 'NONE', 'NONE',  #656 ) ;
#3681 = ADVANCED_FACE ( 'NONE', ( #2021 ), #641, .F. ) ;
#3682 = DIRECTION ( 'NONE',  ( -0.000000000000000000, -0.000000000000000000, -1.000000000000000000 ) ) ;
#3683 = FILL_AREA_STYLE_COLOUR ( '', #241 ) ;
#3684 = PRESENTATION_STYLE_ASSIGNMENT (( #2968 ) ) ;
#3685 = ORIENTED_EDGE ( 'NONE', *, *, #3041, .F. ) ;
#3686 =( GEOMETRIC_REPRESENTATION_CONTEXT ( 3 ) GLOBAL_UNCERTAINTY_ASSIGNED_CONTEXT ( ( #4028 ) ) GLOBAL_UNIT_ASSIGNED_CONTEXT ( ( #4453, #4081, #331 ) ) REPRESENTATION_CONTEXT ( 'NONE', 'WORKASPACE' ) );
#3687 = EDGE_LOOP ( 'NONE', ( #3938, #1730, #3729, #1278, #3834, #3891, #4069, #2308 ) ) ;
#3688 =( NAMED_UNIT ( * ) SI_UNIT ( $, .STERADIAN. ) SOLID_ANGLE_UNIT ( ) );
#3689 = EDGE_CURVE ( 'NONE', #1795, #1016, #1040, .T. ) ;
#3690 = SURFACE_SIDE_STYLE ('',( #4434 ) ) ;
#3691 = CARTESIAN_POINT ( 'NONE',  ( 0.5749999999999999556, 0.000000000000000000, -0.4000000000000000222 ) ) ;
#3692 = ORIENTED_EDGE ( 'NONE', *, *, #4290, .T. ) ;
#3693 = CARTESIAN_POINT ( 'NONE',  ( -0.2299999999999999545, 0.1700000000000000122, -0.4000000000000000222 ) ) ;
#3694 =( NAMED_UNIT ( * ) SI_UNIT ( $, .STERADIAN. ) SOLID_ANGLE_UNIT ( ) );
#3695 = SURFACE_STYLE_USAGE ( .BOTH. , #4322 ) ;
#3696 = STYLED_ITEM ( 'NONE', ( #3552 ), #2394 ) ;
#3697 = VERTEX_POINT ( 'NONE', #2485 ) ;
#3698 = DIRECTION ( 'NONE',  ( 0.000000000000000000, 0.000000000000000000, 1.000000000000000000 ) ) ;
#3699 = PRESENTATION_LAYER_ASSIGNMENT (  '', '', ( #2888 ) ) ;
#3700 = PRESENTATION_LAYER_ASSIGNMENT (  '', '', ( #2243 ) ) ;
#3701 =( NAMED_UNIT ( * ) PLANE_ANGLE_UNIT ( ) SI_UNIT ( $, .RADIAN. ) );
#3702 = MECHANICAL_DESIGN_GEOMETRIC_PRESENTATION_REPRESENTATION (  '', ( #2457 ), #3039 ) ;
#3703 = VECTOR ( 'NONE', #1094, 1000.000000000000000 ) ;
#3704 = ORIENTED_EDGE ( 'NONE', *, *, #553, .T. ) ;
#3705 = MECHANICAL_DESIGN_GEOMETRIC_PRESENTATION_REPRESENTATION (  '', ( #390 ), #1509 ) ;
#3706 = EDGE_LOOP ( 'NONE', ( #3574, #1409, #1332, #2664 ) ) ;
#3707 = VECTOR ( 'NONE', #4027, 1000.000000000000000 ) ;
#3708 = VECTOR ( 'NONE', #1116, 1000.000000000000000 ) ;
#3709 = AXIS2_PLACEMENT_3D ( 'NONE', #413, #4262, #1124 ) ;
#3710 = CARTESIAN_POINT ( 'NONE',  ( 0.5639594718795152284, -0.2106658261716746472, -0.3889594718795153505 ) ) ;
#3711 = FILL_AREA_STYLE_COLOUR ( '', #1908 ) ;
#3712 = EDGE_CURVE ( 'NONE', #1506, #46, #1516, .T. ) ;
#3713 = UNCERTAINTY_MEASURE_WITH_UNIT (LENGTH_MEASURE( 1.000000000000000082E-05 ), #2167, 'distance_accuracy_value', 'NONE');
#3714 = ADVANCED_FACE ( 'NONE', ( #743 ), #3240, .F. ) ;
#3715 = ORIENTED_EDGE ( 'NONE', *, *, #130, .T. ) ;
#3716 = DIRECTION ( 'NONE',  ( -0.000000000000000000, -1.000000000000000000, 0.000000000000000000 ) ) ;
#3717 = FILL_AREA_STYLE ('',( #147 ) ) ;
#3718 = UNCERTAINTY_MEASURE_WITH_UNIT (LENGTH_MEASURE( 1.000000000000000082E-05 ), #1435, 'distance_accuracy_value', 'NONE');
#3719 = PRESENTATION_LAYER_ASSIGNMENT (  '', '', ( #2987 ) ) ;
#3720 = ORIENTED_EDGE ( 'NONE', *, *, #788, .F. ) ;
#3721 = PRESENTATION_STYLE_ASSIGNMENT (( #967 ) ) ;
#3722 = SURFACE_STYLE_FILL_AREA ( #495 ) ;
#3723 = AXIS2_PLACEMENT_3D ( 'NONE', #3848, #1657, #3054 ) ;
#3724 = PRESENTATION_STYLE_ASSIGNMENT (( #4055 ) ) ;
#3725 = SURFACE_STYLE_FILL_AREA ( #1251 ) ;
#3726 =( LENGTH_UNIT ( ) NAMED_UNIT ( * ) SI_UNIT ( .MILLI., .METRE. ) );
#3727 = FACE_OUTER_BOUND ( 'NONE', #4111, .T. ) ;
#3728 = VERTEX_POINT ( 'NONE', #3166 ) ;
#3729 = ORIENTED_EDGE ( 'NONE', *, *, #3151, .F. ) ;
#3730 = FILL_AREA_STYLE_COLOUR ( '', #2172 ) ;
#3731 = DIRECTION ( 'NONE',  ( 0.000000000000000000, 0.000000000000000000, -1.000000000000000000 ) ) ;
#3732 = CARTESIAN_POINT ( 'NONE',  ( 0.8000000000000000444, 0.000000000000000000, 0.000000000000000000 ) ) ;
#3733 = CARTESIAN_POINT ( 'NONE',  ( 0.5749999999999999556, -0.2300000000000000100, 0.3879462107649005453 ) ) ;
#3734 = FACE_OUTER_BOUND ( 'NONE', #3282, .T. ) ;
#3735 = AXIS2_PLACEMENT_3D ( 'NONE', #1397, #2790, #699 ) ;
#3736 = ORIENTED_EDGE ( 'NONE', *, *, #2725, .T. ) ;
#3737 = PRESENTATION_STYLE_ASSIGNMENT (( #575 ) ) ;
#3738 = EDGE_CURVE ( 'NONE', #4531, #2404, #3846, .T. ) ;
#3739 = AXIS2_PLACEMENT_3D ( 'NONE', #2197, #1547, #4218 ) ;
#3740 = DIRECTION ( 'NONE',  ( -0.000000000000000000, 1.000000000000000000, -0.000000000000000000 ) ) ;
#3741 = SURFACE_STYLE_USAGE ( .BOTH. , #2357 ) ;
#3742 = DIRECTION ( 'NONE',  ( 0.000000000000000000, 1.000000000000000000, -0.000000000000000000 ) ) ;
#3743 = COLOUR_RGB ( '',0.7921568627450980005, 0.8196078431372548767, 0.9333333333333333481 ) ;
#3744 = ORIENTED_EDGE ( 'NONE', *, *, #215, .T. ) ;
#3745 = CARTESIAN_POINT ( 'NONE',  ( 0.6999999999999999556, -0.01000000000000000021, -0.4000000000000000222 ) ) ;
#3746 =( LENGTH_UNIT ( ) NAMED_UNIT ( * ) SI_UNIT ( .MILLI., .METRE. ) );
#3747 = CARTESIAN_POINT ( 'NONE',  ( 0.7949999999999999289, 0.1700000000000000122, 0.000000000000000000 ) ) ;
#3748 = FACE_OUTER_BOUND ( 'NONE', #4173, .T. ) ;
#3749 = CARTESIAN_POINT ( 'NONE',  ( -0.8000000000000000444, 0.1700000000000000122, 0.1999374902313220403 ) ) ;
#3750 = FACE_OUTER_BOUND ( 'NONE', #4131, .T. ) ;
#3751 = DIRECTION ( 'NONE',  ( 0.000000000000000000, 0.000000000000000000, -1.000000000000000000 ) ) ;
#3752 = DIRECTION ( 'NONE',  ( 0.000000000000000000, 0.000000000000000000, 1.000000000000000000 ) ) ;
#3753 = VERTEX_POINT ( 'NONE', #722 ) ;
#3754 = FILL_AREA_STYLE ('',( #913 ) ) ;
#3755 = ADVANCED_FACE ( 'NONE', ( #2459 ), #374, .T. ) ;
#3756 =( NAMED_UNIT ( * ) PLANE_ANGLE_UNIT ( ) SI_UNIT ( $, .RADIAN. ) );
#3757 = UNCERTAINTY_MEASURE_WITH_UNIT (LENGTH_MEASURE( 1.000000000000000082E-05 ), #3666, 'distance_accuracy_value', 'NONE');
#3758 = EDGE_CURVE ( 'NONE', #3075, #2771, #4280, .T. ) ;
#3759 = VECTOR ( 'NONE', #2368, 1000.000000000000000 ) ;
#3760 = FILL_AREA_STYLE_COLOUR ( '', #245 ) ;
#3761 = SURFACE_SIDE_STYLE ('',( #1615 ) ) ;
#3762 = CARTESIAN_POINT ( 'NONE',  ( -0.2299999999999999545, 0.1600000000000000033, -0.4000000000000000222 ) ) ;
#3763 = COLOUR_RGB ( '',0.9686274509803921573, 0.8784313725490195957, 0.5999999999999999778 ) ;
#3764 = STYLED_ITEM ( 'NONE', ( #2436 ), #3527 ) ;
#3765 = CYLINDRICAL_SURFACE ( 'NONE', #2672, 0.2499999999999998890 ) ;
#3766 = AXIS2_PLACEMENT_3D ( 'NONE', #900, #587, #2294 ) ;
#3767 = FACE_OUTER_BOUND ( 'NONE', #3794, .T. ) ;
#3768 = LINE ( 'NONE', #2691, #3832 ) ;
#3769 = FILL_AREA_STYLE ('',( #1056 ) ) ;
#3770 = COLOUR_RGB ( '',0.000000000000000000, 0.5019607843137254832, 0.000000000000000000 ) ;
#3771 = AXIS2_PLACEMENT_3D ( 'NONE', #3174, #711, #3830 ) ;
#3772 = CARTESIAN_POINT ( 'NONE',  ( -0.5654294591668851400, -0.1826167978121472080, 0.3904294591668851511 ) ) ;
#3773 = PRESENTATION_LAYER_ASSIGNMENT (  '', '', ( #398 ) ) ;
#3774 = DIRECTION ( 'NONE',  ( -0.000000000000000000, 1.000000000000000000, -0.000000000000000000 ) ) ;
#3775 = CARTESIAN_POINT ( 'NONE',  ( 0.8000000000000000444, 0.1700000000000000122, -0.1999374902313220403 ) ) ;
#3776 = VECTOR ( 'NONE', #2193, 1000.000000000000000 ) ;
#3777 = EDGE_LOOP ( 'NONE', ( #3354, #2758, #526, #3137 ) ) ;
#3778 = FILL_AREA_STYLE_COLOUR ( '', #1599 ) ;
#3779 = SURFACE_STYLE_FILL_AREA ( #4114 ) ;
#3780 = SURFACE_STYLE_USAGE ( .BOTH. , #600 ) ;
#3781 = CARTESIAN_POINT ( 'NONE',  ( -0.8000000000000000444, 0.1600000000000000033, -0.4000000000000000222 ) ) ;
#3782 = SURFACE_SIDE_STYLE ('',( #3148 ) ) ;
#3783 = MECHANICAL_DESIGN_GEOMETRIC_PRESENTATION_REPRESENTATION (  '', ( #1220 ), #2478 ) ;
#3784 = FILL_AREA_STYLE ('',( #2092 ) ) ;
#3785 = CARTESIAN_POINT ( 'NONE',  ( 0.7500000000000000000, 0.1700000000000000122, 0.1948717526990507709 ) ) ;
#3786 = AXIS2_PLACEMENT_3D ( 'NONE', #1446, #1059, #1156 ) ;
#3787 = DIRECTION ( 'NONE',  ( 1.000000000000000000, 0.000000000000000000, 0.000000000000000000 ) ) ;
#3788 = DIRECTION ( 'NONE',  ( 0.000000000000000000, 0.000000000000000000, 1.000000000000000000 ) ) ;
#3789 =( LENGTH_UNIT ( ) NAMED_UNIT ( * ) SI_UNIT ( .MILLI., .METRE. ) );
#3790 = ORIENTED_EDGE ( 'NONE', *, *, #2328, .T. ) ;
#3791 = EDGE_CURVE ( 'NONE', #582, #2095, #471, .T. ) ;
#3792 = CARTESIAN_POINT ( 'NONE',  ( 0.5999999999999998668, -0.01000000000000000021, -0.1499999999999996336 ) ) ;
#3793 = UNCERTAINTY_MEASURE_WITH_UNIT (LENGTH_MEASURE( 1.000000000000000082E-05 ), #2354, 'distance_accuracy_value', 'NONE');
#3794 = EDGE_LOOP ( 'NONE', ( #124, #1636, #4164, #155 ) ) ;
#3795 = EDGE_CURVE ( 'NONE', #3149, #3461, #1209, .T. ) ;
#3796 = DIRECTION ( 'NONE',  ( -1.000000000000000000, 0.000000000000000000, -0.000000000000000000 ) ) ;
#3797 = PRESENTATION_STYLE_ASSIGNMENT (( #3463 ) ) ;
#3798 = CARTESIAN_POINT ( 'NONE',  ( 0.3499999999999999223, 0.1700000000000000122, -0.3499999999999998668 ) ) ;
#3799 = PLANE ( 'NONE',  #2848 ) ;
#3800 = CYLINDRICAL_SURFACE ( 'NONE', #28, 0.1999999999999999833 ) ;
#3801 = FILL_AREA_STYLE ('',( #3511 ) ) ;
#3802 = ORIENTED_EDGE ( 'NONE', *, *, #1559, .F. ) ;
#3803 =( GEOMETRIC_REPRESENTATION_CONTEXT ( 3 ) GLOBAL_UNCERTAINTY_ASSIGNED_CONTEXT ( ( #4257 ) ) GLOBAL_UNIT_ASSIGNED_CONTEXT ( ( #1286, #4526, #4086 ) ) REPRESENTATION_CONTEXT ( 'NONE', 'WORKASPACE' ) );
#3804 =( NAMED_UNIT ( * ) PLANE_ANGLE_UNIT ( ) SI_UNIT ( $, .RADIAN. ) );
#3805 = VECTOR ( 'NONE', #2679, 1000.000000000000000 ) ;
#3806 = SURFACE_STYLE_USAGE ( .BOTH. , #205 ) ;
#3807 =( GEOMETRIC_REPRESENTATION_CONTEXT ( 3 ) GLOBAL_UNCERTAINTY_ASSIGNED_CONTEXT ( ( #3713 ) ) GLOBAL_UNIT_ASSIGNED_CONTEXT ( ( #2167, #3491, #703 ) ) REPRESENTATION_CONTEXT ( 'NONE', 'WORKASPACE' ) );
#3808 = DIRECTION ( 'NONE',  ( -1.000000000000000000, 0.000000000000000000, 4.713922489067410717E-17 ) ) ;
#3809 = SURFACE_SIDE_STYLE ('',( #2418 ) ) ;
#3810 = ORIENTED_EDGE ( 'NONE', *, *, #2636, .F. ) ;
#3811 = PLANE ( 'NONE',  #2242 ) ;
#3812 = ORIENTED_EDGE ( 'NONE', *, *, #421, .T. ) ;
#3813 = CARTESIAN_POINT ( 'NONE',  ( -0.8000000000000000444, -0.01000000000000000021, -0.4000000000000000222 ) ) ;
#3814 = EDGE_CURVE ( 'NONE', #1046, #3549, #3328, .T. ) ;
#3815 =( LENGTH_UNIT ( ) NAMED_UNIT ( * ) SI_UNIT ( .MILLI., .METRE. ) );
#3816 = AXIS2_PLACEMENT_3D ( 'NONE', #206, #3019, #4413 ) ;
#3817 = CARTESIAN_POINT ( 'NONE',  ( -0.7500000000000000000, 0.1700000000000000122, 0.1948717526990507709 ) ) ;
#3818 = SURFACE_STYLE_FILL_AREA ( #2427 ) ;
#3819 = ORIENTED_EDGE ( 'NONE', *, *, #3738, .T. ) ;
#3820 = CARTESIAN_POINT ( 'NONE',  ( -0.2299999999999998435, 0.1700000000000000122, 0.4000000000000000222 ) ) ;
#3821 = FACE_OUTER_BOUND ( 'NONE', #2181, .T. ) ;
#3822 = LINE ( 'NONE', #1343, #4203 ) ;
#3823 = CARTESIAN_POINT ( 'NONE',  ( 0.8000000000000000444, 0.1700000000000000122, 0.1999374902313220403 ) ) ;
#3824 = LINE ( 'NONE', #3170, #4132 ) ;
#3825 = ORIENTED_EDGE ( 'NONE', *, *, #4124, .T. ) ;
#3826 = AXIS2_PLACEMENT_3D ( 'NONE', #1877, #3601, #446 ) ;
#3827 = DIRECTION ( 'NONE',  ( -0.000000000000000000, -1.000000000000000000, -0.000000000000000000 ) ) ;
#3828 = MECHANICAL_DESIGN_GEOMETRIC_PRESENTATION_REPRESENTATION (  '', ( #3696 ), #1856 ) ;
#3829 = VERTEX_POINT ( 'NONE', #4393 ) ;
#3830 = DIRECTION ( 'NONE',  ( -0.000000000000000000, 0.000000000000000000, -1.000000000000000000 ) ) ;
#3831 = VERTEX_POINT ( 'NONE', #1950 ) ;
#3832 = VECTOR ( 'NONE', #3432, 1000.000000000000114 ) ;
#3833 = SURFACE_SIDE_STYLE ('',( #3087 ) ) ;
#3834 = ORIENTED_EDGE ( 'NONE', *, *, #215, .F. ) ;
#3835 = MECHANICAL_DESIGN_GEOMETRIC_PRESENTATION_REPRESENTATION (  '', ( #2243 ), #3915 ) ;
#3836 =( LENGTH_UNIT ( ) NAMED_UNIT ( * ) SI_UNIT ( .MILLI., .METRE. ) );
#3837 = VECTOR ( 'NONE', #518, 1000.000000000000000 ) ;
#3838 = CARTESIAN_POINT ( 'NONE',  ( 0.8000000000000000444, 0.1700000000000000122, 0.000000000000000000 ) ) ;
#3839 = MECHANICAL_DESIGN_GEOMETRIC_PRESENTATION_REPRESENTATION (  '', ( #3112 ), #910 ) ;
#3840 = PLANE ( 'NONE',  #1260 ) ;
#3841 = MECHANICAL_DESIGN_GEOMETRIC_PRESENTATION_REPRESENTATION (  '', ( #1050 ), #3192 ) ;
#3842 = CIRCLE ( 'NONE', #3345, 0.1499999999999999944 ) ;
#3843 = UNCERTAINTY_MEASURE_WITH_UNIT (LENGTH_MEASURE( 1.000000000000000082E-05 ), #3542, 'distance_accuracy_value', 'NONE');
#3844 = AXIS2_PLACEMENT_3D ( 'NONE', #4077, #2727, #285 ) ;
#3845 = SURFACE_STYLE_USAGE ( .BOTH. , #50 ) ;
#3846 = CIRCLE ( 'NONE', #3481, 0.1999999999999999833 ) ;
#3847 = EDGE_CURVE ( 'NONE', #3406, #2877, #1246, .T. ) ;
#3848 = CARTESIAN_POINT ( 'NONE',  ( 0.1700000000000001510, 0.1700000000000000122, -0.1000000000000000056 ) ) ;
#3849 = EDGE_LOOP ( 'NONE', ( #843, #1411, #74, #458 ) ) ;
#3850 = SURFACE_STYLE_FILL_AREA ( #1720 ) ;
#3851 = DIRECTION ( 'NONE',  ( 1.548860246407863829E-16, 0.000000000000000000, 1.000000000000000000 ) ) ;
#3852 = EDGE_CURVE ( 'NONE', #3384, #4531, #1926, .T. ) ;
#3853 =( LENGTH_UNIT ( ) NAMED_UNIT ( * ) SI_UNIT ( .MILLI., .METRE. ) );
#3854 = SURFACE_STYLE_USAGE ( .BOTH. , #1141 ) ;
#3855 = FACE_OUTER_BOUND ( 'NONE', #1719, .T. ) ;
#3856 = DIRECTION ( 'NONE',  ( -0.000000000000000000, -1.000000000000000000, -0.000000000000000000 ) ) ;
#3857 = PRESENTATION_STYLE_ASSIGNMENT (( #2465 ) ) ;
#3858 = SURFACE_STYLE_USAGE ( .BOTH. , #2506 ) ;
#3859 = VERTEX_POINT ( 'NONE', #4048 ) ;
#3860 =( NAMED_UNIT ( * ) SI_UNIT ( $, .STERADIAN. ) SOLID_ANGLE_UNIT ( ) );
#3861 = VECTOR ( 'NONE', #1565, 1000.000000000000000 ) ;
#3862 = ORIENTED_EDGE ( 'NONE', *, *, #572, .F. ) ;
#3863 =( NAMED_UNIT ( * ) PLANE_ANGLE_UNIT ( ) SI_UNIT ( $, .RADIAN. ) );
#3864 = VERTEX_POINT ( 'NONE', #554 ) ;
#3865 = COLOUR_RGB ( '',1.000000000000000000, 1.000000000000000000, 1.000000000000000000 ) ;
#3866 = ORIENTED_EDGE ( 'NONE', *, *, #2400, .T. ) ;
#3867 = AXIS2_PLACEMENT_3D ( 'NONE', #1805, #1465, #1109 ) ;
#3868 = VECTOR ( 'NONE', #3947, 1000.000000000000000 ) ;
#3869 = FILL_AREA_STYLE_COLOUR ( '', #2789 ) ;
#3870 = SURFACE_SIDE_STYLE ('',( #3939 ) ) ;
#3871 = DIRECTION ( 'NONE',  ( 0.000000000000000000, 0.000000000000000000, -1.000000000000000000 ) ) ;
#3872 = ADVANCED_FACE ( 'NONE', ( #1971 ), #1590, .F. ) ;
#3873 = ORIENTED_EDGE ( 'NONE', *, *, #1529, .T. ) ;
#3874 = VECTOR ( 'NONE', #2842, 1000.000000000000000 ) ;
#3875 = CARTESIAN_POINT ( 'NONE',  ( -0.02999999999999988787, 0.1700000000000000122, -0.4000000000000000222 ) ) ;
#3876 = CARTESIAN_POINT ( 'NONE',  ( 0.3500000000000000333, 0.1700000000000000122, 0.3499999999999999778 ) ) ;
#3877 = CARTESIAN_POINT ( 'NONE',  ( 0.1700000000000001510, 0.1600000000000000033, 0.1000000000000000056 ) ) ;
#3878 = PRESENTATION_STYLE_ASSIGNMENT (( #1427 ) ) ;
#3879 = LINE ( 'NONE', #1096, #3708 ) ;
#3880 = ORIENTED_EDGE ( 'NONE', *, *, #655, .T. ) ;
#3881 = SURFACE_STYLE_FILL_AREA ( #778 ) ;
#3882 = PRESENTATION_STYLE_ASSIGNMENT (( #3200 ) ) ;
#3883 =( BOUNDED_CURVE ( )  B_SPLINE_CURVE ( 3, ( #3772, #3069, #1284, #4065 ),
 .UNSPECIFIED., .F., .T. ) 
 B_SPLINE_CURVE_WITH_KNOTS ( ( 4, 4 ),
 ( 4.764748857944518967, 6.283185307179586232 ),
 .UNSPECIFIED. ) 
 CURVE ( )  GEOMETRIC_REPRESENTATION_ITEM ( )  RATIONAL_B_SPLINE_CURVE ( ( 1.000000000000000000, 0.8169162473415250147, 0.8169162473415250147, 1.000000000000000000 ) ) 
 REPRESENTATION_ITEM ( '' )  );
#3884 =( NAMED_UNIT ( * ) SI_UNIT ( $, .STERADIAN. ) SOLID_ANGLE_UNIT ( ) );
#3885 = AXIS2_PLACEMENT_3D ( 'NONE', #3395, #4025, #2369 ) ;
#3886 = VERTEX_POINT ( 'NONE', #816 ) ;
#3887 = CARTESIAN_POINT ( 'NONE',  ( 0.8000000000000000444, 0.000000000000000000, 0.1499999999999999944 ) ) ;
#3888 = ORIENTED_EDGE ( 'NONE', *, *, #2038, .F. ) ;
#3889 = PRESENTATION_LAYER_ASSIGNMENT (  '', '', ( #2055 ) ) ;
#3890 = DIRECTION ( 'NONE',  ( -0.000000000000000000, 1.000000000000000000, -0.000000000000000000 ) ) ;
#3891 = ORIENTED_EDGE ( 'NONE', *, *, #3093, .F. ) ;
#3892 = CARTESIAN_POINT ( 'NONE',  ( -0.7500000000000000000, 0.1700000000000000122, 0.000000000000000000 ) ) ;
#3893 = MECHANICAL_DESIGN_GEOMETRIC_PRESENTATION_REPRESENTATION (  '', ( #3963 ), #4100 ) ;
#3894 = LINE ( 'NONE', #2185, #2351 ) ;
#3895 = EDGE_LOOP ( 'NONE', ( #684, #3344, #2954, #1901 ) ) ;
#3896 = DIRECTION ( 'NONE',  ( 0.000000000000000000, 0.000000000000000000, -1.000000000000000000 ) ) ;
#3897 = APPLICATION_CONTEXT ( 'automotive_design' ) ;
#3898 = FILL_AREA_STYLE ('',( #4517 ) ) ;
#3899 = DIRECTION ( 'NONE',  ( 0.000000000000000000, -1.000000000000000000, 0.000000000000000000 ) ) ;
#3900 = ORIENTED_EDGE ( 'NONE', *, *, #576, .T. ) ;
#3901 = DIRECTION ( 'NONE',  ( 0.000000000000000000, 1.000000000000000000, -0.000000000000000000 ) ) ;
#3902 = ADVANCED_FACE ( 'NONE', ( #3624 ), #2608, .T. ) ;
#3903 =( LENGTH_UNIT ( ) NAMED_UNIT ( * ) SI_UNIT ( .MILLI., .METRE. ) );
#3904 = FACE_OUTER_BOUND ( 'NONE', #1771, .T. ) ;
#3905 = VERTEX_POINT ( 'NONE', #3792 ) ;
#3906 = PLANE ( 'NONE',  #3771 ) ;
#3907 = EDGE_LOOP ( 'NONE', ( #828, #753, #4525, #2004 ) ) ;
#3908 = LINE ( 'NONE', #2005, #4422 ) ;
#3909 = ORIENTED_EDGE ( 'NONE', *, *, #1667, .T. ) ;
#3910 = MECHANICAL_DESIGN_GEOMETRIC_PRESENTATION_REPRESENTATION (  '', ( #4113 ), #3103 ) ;
#3911 = AXIS2_PLACEMENT_3D ( 'NONE', #1721, #4231, #3796 ) ;
#3912 = FACE_OUTER_BOUND ( 'NONE', #1330, .T. ) ;
#3913 = STYLED_ITEM ( 'NONE', ( #2276 ), #2453 ) ;
#3914 = CARTESIAN_POINT ( 'NONE',  ( 0.8000000000000000444, 0.1600000000000000033, 0.1499999999999999944 ) ) ;
#3915 =( GEOMETRIC_REPRESENTATION_CONTEXT ( 3 ) GLOBAL_UNCERTAINTY_ASSIGNED_CONTEXT ( ( #826 ) ) GLOBAL_UNIT_ASSIGNED_CONTEXT ( ( #3366, #583, #3011 ) ) REPRESENTATION_CONTEXT ( 'NONE', 'WORKASPACE' ) );
#3916 =( GEOMETRIC_REPRESENTATION_CONTEXT ( 3 ) GLOBAL_UNCERTAINTY_ASSIGNED_CONTEXT ( ( #1571 ) ) GLOBAL_UNIT_ASSIGNED_CONTEXT ( ( #2917, #1789, #3199 ) ) REPRESENTATION_CONTEXT ( 'NONE', 'WORKASPACE' ) );
#3917 = MECHANICAL_DESIGN_GEOMETRIC_PRESENTATION_REPRESENTATION (  '', ( #312 ), #389 ) ;
#3918 = ORIENTED_EDGE ( 'NONE', *, *, #4374, .F. ) ;
#3919 = CARTESIAN_POINT ( 'NONE',  ( 0.8000000000000000444, 0.1700000000000000122, 0.000000000000000000 ) ) ;
#3920 = DIRECTION ( 'NONE',  ( -0.000000000000000000, -1.000000000000000000, -0.000000000000000000 ) ) ;
#3921 = CIRCLE ( 'NONE', #4347, 0.1999999999999999833 ) ;
#3922 =( NAMED_UNIT ( * ) SI_UNIT ( $, .STERADIAN. ) SOLID_ANGLE_UNIT ( ) );
#3923 = COLOUR_RGB ( '',0.000000000000000000, 0.5019607843137254832, 0.000000000000000000 ) ;
#3924 = VECTOR ( 'NONE', #286, 1000.000000000000000 ) ;
#3925 = VECTOR ( 'NONE', #3072, 1000.000000000000000 ) ;
#3926 = CARTESIAN_POINT ( 'NONE',  ( 0.5435855037604986340, -0.2300000000000000655, 0.3879462107649005453 ) ) ;
#3927 = CARTESIAN_POINT ( 'NONE',  ( -0.02999999999999986705, 0.1700000000000000122, 0.1000000000000000194 ) ) ;
#3928 = CARTESIAN_POINT ( 'NONE',  ( 0.8000000000000000444, -0.01000000000000000021, -0.1499999999999999944 ) ) ;
#3929 =( NAMED_UNIT ( * ) SI_UNIT ( $, .STERADIAN. ) SOLID_ANGLE_UNIT ( ) );
#3930 = PLANE ( 'NONE',  #1432 ) ;
#3931 = DIRECTION ( 'NONE',  ( -0.000000000000000000, -1.000000000000000000, 0.000000000000000000 ) ) ;
#3932 = SURFACE_SIDE_STYLE ('',( #1838 ) ) ;
#3933 = ORIENTED_EDGE ( 'NONE', *, *, #1311, .F. ) ;
#3934 = LINE ( 'NONE', #2904, #2326 ) ;
#3935 = ORIENTED_EDGE ( 'NONE', *, *, #2636, .T. ) ;
#3936 = FACE_OUTER_BOUND ( 'NONE', #17, .T. ) ;
#3937 = EDGE_CURVE ( 'NONE', #1361, #144, #4279, .T. ) ;
#3938 = ORIENTED_EDGE ( 'NONE', *, *, #3937, .F. ) ;
#3939 = SURFACE_STYLE_FILL_AREA ( #2476 ) ;
#3940 = EDGE_CURVE ( 'NONE', #2500, #4153, #2253, .T. ) ;
#3941 = LINE ( 'NONE', #789, #525 ) ;
#3942 = EDGE_CURVE ( 'NONE', #3231, #2830, #2426, .T. ) ;
#3943 = PRESENTATION_LAYER_ASSIGNMENT (  '', '', ( #2759 ) ) ;
#3944 = DIRECTION ( 'NONE',  ( 1.000000000000000000, 0.000000000000000000, 0.000000000000000000 ) ) ;
#3945 = EDGE_CURVE ( 'NONE', #543, #2583, #2346, .T. ) ;
#3946 = EDGE_LOOP ( 'NONE', ( #2338, #1540, #3301, #1301 ) ) ;
#3947 = DIRECTION ( 'NONE',  ( 1.000000000000000000, -0.000000000000000000, 0.000000000000000000 ) ) ;
#3948 = ADVANCED_FACE ( 'NONE', ( #948 ), #3421, .F. ) ;
#3949 = SURFACE_STYLE_USAGE ( .BOTH. , #3607 ) ;
#3950 = CARTESIAN_POINT ( 'NONE',  ( -0.8000000000000000444, 0.000000000000000000, 0.1500000000000001887 ) ) ;
#3951 = UNCERTAINTY_MEASURE_WITH_UNIT (LENGTH_MEASURE( 1.000000000000000082E-05 ), #4259, 'distance_accuracy_value', 'NONE');
#3952 = CARTESIAN_POINT ( 'NONE',  ( -0.7500000000000000000, 0.1700000000000000122, 0.000000000000000000 ) ) ;
#3953 = PRESENTATION_STYLE_ASSIGNMENT (( #3273 ) ) ;
#3954 = CARTESIAN_POINT ( 'NONE',  ( 0.8000000000000000444, -0.01000000000000000021, 0.4000000000000000222 ) ) ;
#3955 = CARTESIAN_POINT ( 'NONE',  ( -0.2299999999999999545, 0.1700000000000000122, -0.4000000000000000222 ) ) ;
#3956 = VERTEX_POINT ( 'NONE', #571 ) ;
#3957 = VERTEX_POINT ( 'NONE', #4460 ) ;
#3958 = EDGE_CURVE ( 'NONE', #2994, #3957, #659, .T. ) ;
#3959 = DIRECTION ( 'NONE',  ( 0.000000000000000000, -0.000000000000000000, -1.000000000000000000 ) ) ;
#3960 = STYLED_ITEM ( 'NONE', ( #112 ), #1997 ) ;
#3961 = UNCERTAINTY_MEASURE_WITH_UNIT (LENGTH_MEASURE( 1.000000000000000082E-05 ), #2352, 'distance_accuracy_value', 'NONE');
#3962 = ADVANCED_FACE ( 'NONE', ( #2059 ), #1995, .F. ) ;
#3963 = STYLED_ITEM ( 'NONE', ( #4357 ), #2034 ) ;
#3964 = CARTESIAN_POINT ( 'NONE',  ( 0.5749999999999999556, 0.000000000000000000, 0.4000000000000000222 ) ) ;
#3965 = CARTESIAN_POINT ( 'NONE',  ( 9.486769009248156402E-17, 0.1700000000000000122, -0.3499999999999997558 ) ) ;
#3966 = DIRECTION ( 'NONE',  ( -0.000000000000000000, 1.000000000000000000, -0.000000000000000000 ) ) ;
#3967 = SURFACE_SIDE_STYLE ('',( #108 ) ) ;
#3968 =( NAMED_UNIT ( * ) PLANE_ANGLE_UNIT ( ) SI_UNIT ( $, .RADIAN. ) );
#3969 = SURFACE_SIDE_STYLE ('',( #3881 ) ) ;
#3970 = FILL_AREA_STYLE_COLOUR ( '', #3348 ) ;
#3971 = SURFACE_STYLE_USAGE ( .BOTH. , #3932 ) ;
#3972 = DIRECTION ( 'NONE',  ( -1.000000000000000000, 0.000000000000000000, 0.000000000000000000 ) ) ;
#3973 = ORIENTED_EDGE ( 'NONE', *, *, #3814, .F. ) ;
#3974 =( LENGTH_UNIT ( ) NAMED_UNIT ( * ) SI_UNIT ( .MILLI., .METRE. ) );
#3975 = ORIENTED_EDGE ( 'NONE', *, *, #2400, .F. ) ;
#3976 = PRESENTATION_STYLE_ASSIGNMENT (( #3303 ) ) ;
#3977 = UNCERTAINTY_MEASURE_WITH_UNIT (LENGTH_MEASURE( 1.000000000000000082E-05 ), #720, 'distance_accuracy_value', 'NONE');
#3978 = MECHANICAL_DESIGN_GEOMETRIC_PRESENTATION_REPRESENTATION (  '', ( #2957 ), #160 ) ;
#3979 = COLOUR_RGB ( '',0.9686274509803921573, 0.8784313725490195957, 0.5999999999999999778 ) ;
#3980 = VERTEX_POINT ( 'NONE', #4528 ) ;
#3981 = CARTESIAN_POINT ( 'NONE',  ( 0.8000000000000000444, 0.000000000000000000, -0.2499999999999999445 ) ) ;
#3982 = FACE_OUTER_BOUND ( 'NONE', #2099, .T. ) ;
#3983 = ORIENTED_EDGE ( 'NONE', *, *, #3712, .F. ) ;
#3984 = MECHANICAL_DESIGN_GEOMETRIC_PRESENTATION_REPRESENTATION (  '', ( #1049 ), #2010 ) ;
#3985 =( GEOMETRIC_REPRESENTATION_CONTEXT ( 3 ) GLOBAL_UNCERTAINTY_ASSIGNED_CONTEXT ( ( #1643 ) ) GLOBAL_UNIT_ASSIGNED_CONTEXT ( ( #1501, #3591, #2222 ) ) REPRESENTATION_CONTEXT ( 'NONE', 'WORKASPACE' ) );
#3986 = EDGE_CURVE ( 'NONE', #2640, #3455, #3894, .T. ) ;
#3987 = STYLED_ITEM ( 'NONE', ( #2896 ), #3576 ) ;
#3988 = LINE ( 'NONE', #914, #2962 ) ;
#3989 = AXIS2_PLACEMENT_3D ( 'NONE', #1378, #3931, #362 ) ;
#3990 = AXIS2_PLACEMENT_3D ( 'NONE', #3030, #1659, #974 ) ;
#3991 = MECHANICAL_DESIGN_GEOMETRIC_PRESENTATION_REPRESENTATION (  '', ( #2018 ), #1353 ) ;
#3992 = AXIS2_PLACEMENT_3D ( 'NONE', #4370, #4298, #1879 ) ;
#3993 = EDGE_CURVE ( 'NONE', #3697, #1016, #2496, .T. ) ;
#3994 = MECHANICAL_DESIGN_GEOMETRIC_PRESENTATION_REPRESENTATION (  '', ( #1804 ), #2395 ) ;
#3995 = FILL_AREA_STYLE_COLOUR ( '', #4207 ) ;
#3996 = PLANE ( 'NONE',  #4346 ) ;
#3997 = ORIENTED_EDGE ( 'NONE', *, *, #3184, .F. ) ;
#3998 = UNCERTAINTY_MEASURE_WITH_UNIT (LENGTH_MEASURE( 1.000000000000000082E-05 ), #1302, 'distance_accuracy_value', 'NONE');
#3999 =( LENGTH_UNIT ( ) NAMED_UNIT ( * ) SI_UNIT ( .MILLI., .METRE. ) );
#4000 = CARTESIAN_POINT ( 'NONE',  ( 0.8000000000000000444, 0.000000000000000000, -0.4000000000000000222 ) ) ;
#4001 = UNCERTAINTY_MEASURE_WITH_UNIT (LENGTH_MEASURE( 1.000000000000000082E-05 ), #3399, 'distance_accuracy_value', 'NONE');
#4002 = DIRECTION ( 'NONE',  ( -0.000000000000000000, 1.000000000000000000, -0.000000000000000000 ) ) ;
#4003 = VERTEX_POINT ( 'NONE', #1486 ) ;
#4004 =( LENGTH_UNIT ( ) NAMED_UNIT ( * ) SI_UNIT ( .MILLI., .METRE. ) );
#4005 = AXIS2_PLACEMENT_3D ( 'NONE', #1034, #662, #1297 ) ;
#4006 = LINE ( 'NONE', #2283, #1932 ) ;
#4007 = SURFACE_STYLE_FILL_AREA ( #2935 ) ;
#4008 = EDGE_CURVE ( 'NONE', #2500, #1743, #2522, .T. ) ;
#4009 = MECHANICAL_DESIGN_GEOMETRIC_PRESENTATION_REPRESENTATION (  '', ( #1455 ), #618 ) ;
#4010 = DIRECTION ( 'NONE',  ( 1.000000000000000000, 0.000000000000000000, 0.000000000000000000 ) ) ;
#4011 = STYLED_ITEM ( 'NONE', ( #3520 ), #19 ) ;
#4012 = FILL_AREA_STYLE ('',( #3025 ) ) ;
#4013 = ADVANCED_FACE ( 'NONE', ( #2862 ), #3140, .F. ) ;
#4014 = DIRECTION ( 'NONE',  ( 0.000000000000000000, -0.000000000000000000, -1.000000000000000000 ) ) ;
#4015 =( GEOMETRIC_REPRESENTATION_CONTEXT ( 3 ) GLOBAL_UNCERTAINTY_ASSIGNED_CONTEXT ( ( #533 ) ) GLOBAL_UNIT_ASSIGNED_CONTEXT ( ( #3489, #4214, #3194 ) ) REPRESENTATION_CONTEXT ( 'NONE', 'WORKASPACE' ) );
#4016 = LINE ( 'NONE', #2711, #3193 ) ;
#4017 = ORIENTED_EDGE ( 'NONE', *, *, #1070, .T. ) ;
#4018 = EDGE_LOOP ( 'NONE', ( #1190, #170, #4546, #815 ) ) ;
#4019 = VECTOR ( 'NONE', #1512, 1000.000000000000114 ) ;
#4020 = CARTESIAN_POINT ( 'NONE',  ( 0.7500000000000000000, 0.1600000000000000033, 0.1948717526990507709 ) ) ;
#4021 = SURFACE_SIDE_STYLE ('',( #184 ) ) ;
#4022 = DIRECTION ( 'NONE',  ( -0.000000000000000000, -0.000000000000000000, 1.000000000000000000 ) ) ;
#4023 = ORIENTED_EDGE ( 'NONE', *, *, #666, .T. ) ;
#4024 = MECHANICAL_DESIGN_GEOMETRIC_PRESENTATION_REPRESENTATION (  '', ( #3673 ), #2053 ) ;
#4025 = DIRECTION ( 'NONE',  ( 0.000000000000000000, -1.000000000000000000, 0.000000000000000000 ) ) ;
#4026 =( GEOMETRIC_REPRESENTATION_CONTEXT ( 3 ) GLOBAL_UNCERTAINTY_ASSIGNED_CONTEXT ( ( #1177 ) ) GLOBAL_UNIT_ASSIGNED_CONTEXT ( ( #1608, #4397, #4094 ) ) REPRESENTATION_CONTEXT ( 'NONE', 'WORKASPACE' ) );
#4027 = DIRECTION ( 'NONE',  ( -0.000000000000000000, -1.000000000000000000, -0.000000000000000000 ) ) ;
#4028 = UNCERTAINTY_MEASURE_WITH_UNIT (LENGTH_MEASURE( 1.000000000000000082E-05 ), #4453, 'distance_accuracy_value', 'NONE');
#4029 = MECHANICAL_DESIGN_GEOMETRIC_PRESENTATION_REPRESENTATION (  '', ( #2288 ), #3678 ) ;
#4030 = EDGE_LOOP ( 'NONE', ( #2203, #2650, #437, #4050 ) ) ;
#4031 = SURFACE_SIDE_STYLE ('',( #3398 ) ) ;
#4032 =( LENGTH_UNIT ( ) NAMED_UNIT ( * ) SI_UNIT ( .MILLI., .METRE. ) );
#4033 = PRESENTATION_STYLE_ASSIGNMENT (( #4326 ) ) ;
#4034 = CARTESIAN_POINT ( 'NONE',  ( 0.8000000000000000444, 0.1700000000000000122, 0.1499999999999999944 ) ) ;
#4035 =( NAMED_UNIT ( * ) PLANE_ANGLE_UNIT ( ) SI_UNIT ( $, .RADIAN. ) );
#4036 = LINE ( 'NONE', #1151, #535 ) ;
#4037 = COLOUR_RGB ( '',0.9686274509803921573, 0.8784313725490195957, 0.5999999999999999778 ) ;
#4038 = VERTEX_POINT ( 'NONE', #323 ) ;
#4039 = DIRECTION ( 'NONE',  ( -1.000000000000000000, 0.000000000000000000, 2.710505431213761085E-16 ) ) ;
#4040 = EDGE_CURVE ( 'NONE', #2095, #1738, #1807, .T. ) ;
#4041 = ADVANCED_FACE ( 'NONE', ( #3210 ), #2102, .F. ) ;
#4042 =( LENGTH_UNIT ( ) NAMED_UNIT ( * ) SI_UNIT ( .MILLI., .METRE. ) );
#4043 =( NAMED_UNIT ( * ) PLANE_ANGLE_UNIT ( ) SI_UNIT ( $, .RADIAN. ) );
#4044 = DIRECTION ( 'NONE',  ( 0.000000000000000000, 0.000000000000000000, 1.000000000000000000 ) ) ;
#4045 = ORIENTED_EDGE ( 'NONE', *, *, #4374, .T. ) ;
#4046 = CARTESIAN_POINT ( 'NONE',  ( -0.7500000000000000000, 0.1600000000000000033, -0.3499999999999999778 ) ) ;
#4047 = MECHANICAL_DESIGN_GEOMETRIC_PRESENTATION_REPRESENTATION (  '', ( #3471 ), #1258 ) ;
#4048 = CARTESIAN_POINT ( 'NONE',  ( 0.7500000000000000000, 0.1700000000000000122, 0.3499999999999999778 ) ) ;
#4049 = STYLED_ITEM ( 'NONE', ( #1137 ), #2182 ) ;
#4050 = ORIENTED_EDGE ( 'NONE', *, *, #3041, .T. ) ;
#4051 = DIRECTION ( 'NONE',  ( 0.9986295347545739443, -0.05233595624294388321, 0.000000000000000000 ) ) ;
#4052 = SURFACE_STYLE_FILL_AREA ( #1593 ) ;
#4053 = AXIS2_PLACEMENT_3D ( 'NONE', #1212, #4010, #174 ) ;
#4054 = COLOUR_RGB ( '',0.7921568627450980005, 0.8196078431372548767, 0.9333333333333333481 ) ;
#4055 = SURFACE_STYLE_USAGE ( .BOTH. , #1612 ) ;
#4056 = FILL_AREA_STYLE ('',( #4099 ) ) ;
#4057 = ORIENTED_EDGE ( 'NONE', *, *, #1470, .T. ) ;
#4058 = AXIS2_PLACEMENT_3D ( 'NONE', #385, #1437, #2733 ) ;
#4059 = ORIENTED_EDGE ( 'NONE', *, *, #79, .F. ) ;
#4060 = CIRCLE ( 'NONE', #2470, 0.1999999999999999833 ) ;
#4061 =( NAMED_UNIT ( * ) SI_UNIT ( $, .STERADIAN. ) SOLID_ANGLE_UNIT ( ) );
#4062 =( NAMED_UNIT ( * ) PLANE_ANGLE_UNIT ( ) SI_UNIT ( $, .RADIAN. ) );
#4063 = ADVANCED_FACE ( 'NONE', ( #1939 ), #511, .F. ) ;
#4064 = CARTESIAN_POINT ( 'NONE',  ( 0.7949999999999999289, 0.1600000000000000033, -0.1999999999999999833 ) ) ;
#4065 = CARTESIAN_POINT ( 'NONE',  ( -0.5154979824291560098, -0.2300000000000000100, 0.3879462107649006009 ) ) ;
#4066 = UNCERTAINTY_MEASURE_WITH_UNIT (LENGTH_MEASURE( 1.000000000000000082E-05 ), #3403, 'distance_accuracy_value', 'NONE');
#4067 = CARTESIAN_POINT ( 'NONE',  ( -0.8000000000000000444, 0.000000000000000000, -0.4000000000000000222 ) ) ;
#4068 = EDGE_CURVE ( 'NONE', #3034, #1035, #1225, .T. ) ;
#4069 = ORIENTED_EDGE ( 'NONE', *, *, #844, .F. ) ;
#4070 = FACE_OUTER_BOUND ( 'NONE', #309, .T. ) ;
#4071 = STYLED_ITEM ( 'NONE', ( #1519 ), #512 ) ;
#4072 = COLOUR_RGB ( '',0.9686274509803921573, 0.8784313725490195957, 0.5999999999999999778 ) ;
#4073 = UNCERTAINTY_MEASURE_WITH_UNIT (LENGTH_MEASURE( 1.000000000000000082E-05 ), #2614, 'distance_accuracy_value', 'NONE');
#4074 = SURFACE_STYLE_FILL_AREA ( #3247 ) ;
#4075 = MECHANICAL_DESIGN_GEOMETRIC_PRESENTATION_REPRESENTATION (  '', ( #4011 ), #952 ) ;
#4076 = FILL_AREA_STYLE ('',( #1634 ) ) ;
#4077 = CARTESIAN_POINT ( 'NONE',  ( 0.000000000000000000, 0.1700000000000000122, 0.000000000000000000 ) ) ;
#4078 = DIRECTION ( 'NONE',  ( 0.000000000000000000, -1.000000000000000000, 0.000000000000000000 ) ) ;
#4079 = EDGE_LOOP ( 'NONE', ( #1294, #2831 ) ) ;
#4080 = ORIENTED_EDGE ( 'NONE', *, *, #3131, .F. ) ;
#4081 =( NAMED_UNIT ( * ) PLANE_ANGLE_UNIT ( ) SI_UNIT ( $, .RADIAN. ) );
#4082 =( NAMED_UNIT ( * ) PLANE_ANGLE_UNIT ( ) SI_UNIT ( $, .RADIAN. ) );
#4083 = CARTESIAN_POINT ( 'NONE',  ( 0.8000000000000000444, -0.01000000000000000021, 0.000000000000000000 ) ) ;
#4084 =( NAMED_UNIT ( * ) SI_UNIT ( $, .STERADIAN. ) SOLID_ANGLE_UNIT ( ) );
#4085 = EDGE_CURVE ( 'NONE', #3864, #2270, #2952, .T. ) ;
#4086 =( NAMED_UNIT ( * ) SI_UNIT ( $, .STERADIAN. ) SOLID_ANGLE_UNIT ( ) );
#4087 = DIRECTION ( 'NONE',  ( 0.000000000000000000, 1.000000000000000000, 0.000000000000000000 ) ) ;
#4088 = MECHANICAL_DESIGN_GEOMETRIC_PRESENTATION_REPRESENTATION (  '', ( #2627 ), #425 ) ;
#4089 = EDGE_CURVE ( 'NONE', #4309, #502, #1558, .T. ) ;
#4090 = DIRECTION ( 'NONE',  ( 0.000000000000000000, -0.000000000000000000, -1.000000000000000000 ) ) ;
#4091 = EDGE_CURVE ( 'NONE', #2514, #3034, #1160, .T. ) ;
#4092 = AXIS2_PLACEMENT_3D ( 'NONE', #3111, #3774, #944 ) ;
#4093 = EDGE_LOOP ( 'NONE', ( #2157, #949, #4191, #1153 ) ) ;
#4094 =( NAMED_UNIT ( * ) SI_UNIT ( $, .STERADIAN. ) SOLID_ANGLE_UNIT ( ) );
#4095 = LINE ( 'NONE', #2374, #3626 ) ;
#4096 = SURFACE_STYLE_USAGE ( .BOTH. , #328 ) ;
#4097 = COLOUR_RGB ( '',0.7921568627450980005, 0.8196078431372548767, 0.9333333333333333481 ) ;
#4098 = LINE ( 'NONE', #4185, #1918 ) ;
#4099 = FILL_AREA_STYLE_COLOUR ( '', #688 ) ;
#4100 =( GEOMETRIC_REPRESENTATION_CONTEXT ( 3 ) GLOBAL_UNCERTAINTY_ASSIGNED_CONTEXT ( ( #4073 ) ) GLOBAL_UNIT_ASSIGNED_CONTEXT ( ( #2614, #1929, #1237 ) ) REPRESENTATION_CONTEXT ( 'NONE', 'WORKASPACE' ) );
#4101 = ORIENTED_EDGE ( 'NONE', *, *, #1492, .T. ) ;
#4102 = PLANE ( 'NONE',  #905 ) ;
#4103 =( GEOMETRIC_REPRESENTATION_CONTEXT ( 3 ) GLOBAL_UNCERTAINTY_ASSIGNED_CONTEXT ( ( #1230 ) ) GLOBAL_UNIT_ASSIGNED_CONTEXT ( ( #1665, #291, #626 ) ) REPRESENTATION_CONTEXT ( 'NONE', 'WORKASPACE' ) );
#4104 = DIRECTION ( 'NONE',  ( -0.000000000000000000, 0.000000000000000000, 1.000000000000000000 ) ) ;
#4105 = CARTESIAN_POINT ( 'NONE',  ( -0.8000000000000000444, 0.1600000000000000033, -0.1499999999999998002 ) ) ;
#4106 = VERTEX_POINT ( 'NONE', #1873 ) ;
#4107 = FACE_OUTER_BOUND ( 'NONE', #2729, .T. ) ;
#4108 = FACE_OUTER_BOUND ( 'NONE', #1598, .T. ) ;
#4109 = FILL_AREA_STYLE ('',( #613 ) ) ;
#4110 = UNCERTAINTY_MEASURE_WITH_UNIT (LENGTH_MEASURE( 1.000000000000000082E-05 ), #2050, 'distance_accuracy_value', 'NONE');
#4111 = EDGE_LOOP ( 'NONE', ( #3230, #4211, #116, #2233 ) ) ;
#4112 = PRESENTATION_STYLE_ASSIGNMENT (( #347 ) ) ;
#4113 = STYLED_ITEM ( 'NONE', ( #1085 ), #2375 ) ;
#4114 = FILL_AREA_STYLE ('',( #3123 ) ) ;
#4115 = STYLED_ITEM ( 'NONE', ( #3188 ), #584 ) ;
#4116 = MECHANICAL_DESIGN_GEOMETRIC_PRESENTATION_REPRESENTATION (  '', ( #2661 ), #1421 ) ;
#4117 = DIRECTION ( 'NONE',  ( -0.000000000000000000, -1.000000000000000000, -0.000000000000000000 ) ) ;
#4118 = FILL_AREA_STYLE_COLOUR ( '', #3479 ) ;
#4119 = LINE ( 'NONE', #4216, #3924 ) ;
#4120 = ORIENTED_EDGE ( 'NONE', *, *, #1523, .F. ) ;
#4121 = SURFACE_STYLE_USAGE ( .BOTH. , #4541 ) ;
#4122 = EDGE_CURVE ( 'NONE', #1795, #2070, #3597, .T. ) ;
#4123 = COLOUR_RGB ( '',0.000000000000000000, 0.5019607843137254832, 0.000000000000000000 ) ;
#4124 = EDGE_CURVE ( 'NONE', #267, #4309, #885, .T. ) ;
#4125 = VECTOR ( 'NONE', #1736, 1000.000000000000000 ) ;
#4126 =( NAMED_UNIT ( * ) SI_UNIT ( $, .STERADIAN. ) SOLID_ANGLE_UNIT ( ) );
#4127 = CARTESIAN_POINT ( 'NONE',  ( 0.5999999999999998668, 0.000000000000000000, -0.1499999999999996336 ) ) ;
#4128 =( GEOMETRIC_REPRESENTATION_CONTEXT ( 3 ) GLOBAL_UNCERTAINTY_ASSIGNED_CONTEXT ( ( #1967 ) ) GLOBAL_UNIT_ASSIGNED_CONTEXT ( ( #354, #1749, #3466 ) ) REPRESENTATION_CONTEXT ( 'NONE', 'WORKASPACE' ) );
#4129 = MECHANICAL_DESIGN_GEOMETRIC_PRESENTATION_REPRESENTATION (  '', ( #4355 ), #1581 ) ;
#4130 = CARTESIAN_POINT ( 'NONE',  ( 0.8000000000000000444, 0.1700000000000000122, 0.000000000000000000 ) ) ;
#4131 = EDGE_LOOP ( 'NONE', ( #4045, #2998, #4222, #1819 ) ) ;
#4132 = VECTOR ( 'NONE', #1071, 1000.000000000000000 ) ;
#4133 = EDGE_CURVE ( 'NONE', #3613, #3408, #3255, .T. ) ;
#4134 = MECHANICAL_DESIGN_GEOMETRIC_PRESENTATION_REPRESENTATION (  '', ( #3563 ), #249 ) ;
#4135 =( GEOMETRIC_REPRESENTATION_CONTEXT ( 3 ) GLOBAL_UNCERTAINTY_ASSIGNED_CONTEXT ( ( #1534 ) ) GLOBAL_UNIT_ASSIGNED_CONTEXT ( ( #3480, #635, #4507 ) ) REPRESENTATION_CONTEXT ( 'NONE', 'WORKASPACE' ) );
#4136 = DIRECTION ( 'NONE',  ( 0.000000000000000000, 0.000000000000000000, 1.000000000000000000 ) ) ;
#4137 =( NAMED_UNIT ( * ) SI_UNIT ( $, .STERADIAN. ) SOLID_ANGLE_UNIT ( ) );
#4138 = DIRECTION ( 'NONE',  ( -0.000000000000000000, 1.000000000000000000, -0.000000000000000000 ) ) ;
#4139 = VERTEX_POINT ( 'NONE', #862 ) ;
#4140 = DIRECTION ( 'NONE',  ( -1.129377263005733837E-17, 0.000000000000000000, 1.000000000000000000 ) ) ;
#4141 = SURFACE_SIDE_STYLE ('',( #3216 ) ) ;
#4142 = SURFACE_STYLE_USAGE ( .BOTH. , #1019 ) ;
#4143 =( LENGTH_UNIT ( ) NAMED_UNIT ( * ) SI_UNIT ( .MILLI., .METRE. ) );
#4144 = CARTESIAN_POINT ( 'NONE',  ( 0.8000000000000000444, -0.01000000000000000021, 0.4000000000000000222 ) ) ;
#4145 = ORIENTED_EDGE ( 'NONE', *, *, #2421, .F. ) ;
#4146 = STYLED_ITEM ( 'NONE', ( #474 ), #1234 ) ;
#4147 = SURFACE_STYLE_USAGE ( .BOTH. , #2730 ) ;
#4148 =( LENGTH_UNIT ( ) NAMED_UNIT ( * ) SI_UNIT ( .MILLI., .METRE. ) );
#4149 = EDGE_CURVE ( 'NONE', #710, #267, #97, .T. ) ;
#4150 = PRESENTATION_LAYER_ASSIGNMENT (  '', '', ( #1369 ) ) ;
#4151 = DIRECTION ( 'NONE',  ( -0.000000000000000000, -1.000000000000000000, -0.000000000000000000 ) ) ;
#4152 = FILL_AREA_STYLE_COLOUR ( '', #3633 ) ;
#4153 = VERTEX_POINT ( 'NONE', #2908 ) ;
#4154 = LINE ( 'NONE', #3813, #1630 ) ;
#4155 = DIRECTION ( 'NONE',  ( -1.000000000000000000, -0.000000000000000000, -0.000000000000000000 ) ) ;
#4156 = CARTESIAN_POINT ( 'NONE',  ( 0.5999999999999999778, -0.01000000000000000021, -0.4000000000000000222 ) ) ;
#4157 =( GEOMETRIC_REPRESENTATION_CONTEXT ( 3 ) GLOBAL_UNCERTAINTY_ASSIGNED_CONTEXT ( ( #3646 ) ) GLOBAL_UNIT_ASSIGNED_CONTEXT ( ( #4148, #1354, #1625 ) ) REPRESENTATION_CONTEXT ( 'NONE', 'WORKASPACE' ) );
#4158 = FILL_AREA_STYLE ('',( #4254 ) ) ;
#4159 = ORIENTED_EDGE ( 'NONE', *, *, #629, .F. ) ;
#4160 = CYLINDRICAL_SURFACE ( 'NONE', #592, 0.05000000000000002359 ) ;
#4161 = PLANE ( 'NONE',  #4543 ) ;
#4162 = CARTESIAN_POINT ( 'NONE',  ( 0.8000000000000000444, 0.1700000000000000122, 0.000000000000000000 ) ) ;
#4163 = CARTESIAN_POINT ( 'NONE',  ( -0.02999999999999982195, 0.1600000000000000033, 0.4000000000000000222 ) ) ;
#4164 = ORIENTED_EDGE ( 'NONE', *, *, #788, .T. ) ;
#4165 = SURFACE_STYLE_USAGE ( .BOTH. , #3083 ) ;
#4166 = PRESENTATION_STYLE_ASSIGNMENT (( #4121 ) ) ;
#4167 = DIRECTION ( 'NONE',  ( -0.000000000000000000, -1.000000000000000000, -0.000000000000000000 ) ) ;
#4168 = COLOUR_RGB ( '',0.7921568627450980005, 0.8196078431372548767, 0.9333333333333333481 ) ;
#4169 = SURFACE_STYLE_USAGE ( .BOTH. , #67 ) ;
#4170 = FILL_AREA_STYLE ('',( #229 ) ) ;
#4171 = ORIENTED_EDGE ( 'NONE', *, *, #3124, .T. ) ;
#4172 = CARTESIAN_POINT ( 'NONE',  ( 0.7949999999999999289, 0.1600000000000000033, 0.000000000000000000 ) ) ;
#4173 = EDGE_LOOP ( 'NONE', ( #4452, #2408, #2943, #1652, #3812, #2512, #180, #3720, #1062, #3880, #714 ) ) ;
#4174 = EDGE_CURVE ( 'NONE', #100, #3697, #2582, .T. ) ;
#4175 = SURFACE_SIDE_STYLE ('',( #2124 ) ) ;
#4176 = LINE ( 'NONE', #4505, #1471 ) ;
#4177 = STYLED_ITEM ( 'NONE', ( #689 ), #335 ) ;
#4178 =( NAMED_UNIT ( * ) SI_UNIT ( $, .STERADIAN. ) SOLID_ANGLE_UNIT ( ) );
#4179 = CARTESIAN_POINT ( 'NONE',  ( 0.7500000000000000000, 0.1700000000000000122, 0.3499999999999999778 ) ) ;
#4180 = ORIENTED_EDGE ( 'NONE', *, *, #2447, .F. ) ;
#4181 = SURFACE_SIDE_STYLE ('',( #34 ) ) ;
#4182 = FILL_AREA_STYLE_COLOUR ( '', #12 ) ;
#4183 = DIRECTION ( 'NONE',  ( -0.000000000000000000, 1.000000000000000000, -0.000000000000000000 ) ) ;
#4184 = CARTESIAN_POINT ( 'NONE',  ( 0.000000000000000000, 0.1600000000000000033, 0.000000000000000000 ) ) ;
#4185 = CARTESIAN_POINT ( 'NONE',  ( -0.2299999999999999545, 0.1700000000000000122, -0.4000000000000000222 ) ) ;
#4186 = PLANE ( 'NONE',  #1083 ) ;
#4187 = FILL_AREA_STYLE_COLOUR ( '', #1723 ) ;
#4188 = DIRECTION ( 'NONE',  ( -0.000000000000000000, -1.000000000000000000, -0.000000000000000000 ) ) ;
#4189 = FACE_OUTER_BOUND ( 'NONE', #4229, .T. ) ;
#4190 = CARTESIAN_POINT ( 'NONE',  ( 0.5999999999999999778, -0.01000000000000000021, -0.4000000000000000222 ) ) ;
#4191 = ORIENTED_EDGE ( 'NONE', *, *, #4122, .F. ) ;
#4192 = SURFACE_STYLE_FILL_AREA ( #4451 ) ;
#4193 = MECHANICAL_DESIGN_GEOMETRIC_PRESENTATION_REPRESENTATION (  '', ( #4115 ), #4416 ) ;
#4194 = VECTOR ( 'NONE', #1334, 1000.000000000000000 ) ;
#4195 = CARTESIAN_POINT ( 'NONE',  ( 0.8000000000000000444, 0.1600000000000000033, 0.000000000000000000 ) ) ;
#4196 = SURFACE_SIDE_STYLE ('',( #383 ) ) ;
#4197 = FILL_AREA_STYLE_COLOUR ( '', #1580 ) ;
#4198 = ORIENTED_EDGE ( 'NONE', *, *, #2635, .F. ) ;
#4199 = CARTESIAN_POINT ( 'NONE',  ( 0.8000000000000000444, 0.1600000000000000033, 0.1499999999999999944 ) ) ;
#4200 = VERTEX_POINT ( 'NONE', #833 ) ;
#4201 = PRESENTATION_LAYER_ASSIGNMENT (  '', '', ( #1644 ) ) ;
#4202 = COLOUR_RGB ( '',0.9686274509803921573, 0.8784313725490195957, 0.5999999999999999778 ) ;
#4203 = VECTOR ( 'NONE', #239, 1000.000000000000000 ) ;
#4204 =( LENGTH_UNIT ( ) NAMED_UNIT ( * ) SI_UNIT ( .MILLI., .METRE. ) );
#4205 = PRESENTATION_LAYER_ASSIGNMENT (  '', '', ( #3631 ) ) ;
#4206 = VECTOR ( 'NONE', #2493, 1000.000000000000000 ) ;
#4207 = COLOUR_RGB ( '',0.9686274509803921573, 0.8784313725490195957, 0.5999999999999999778 ) ;
#4208 = CARTESIAN_POINT ( 'NONE',  ( 0.7500000000000000000, 0.1700000000000000122, -0.1948717526990507709 ) ) ;
#4209 = AXIS2_PLACEMENT_3D ( 'NONE', #1316, #1292, #4090 ) ;
#4210 = AXIS2_PLACEMENT_3D ( 'NONE', #3585, #2239, #2140 ) ;
#4211 = ORIENTED_EDGE ( 'NONE', *, *, #1347, .F. ) ;
#4212 =( NAMED_UNIT ( * ) SI_UNIT ( $, .STERADIAN. ) SOLID_ANGLE_UNIT ( ) );
#4213 =( NAMED_UNIT ( * ) SI_UNIT ( $, .STERADIAN. ) SOLID_ANGLE_UNIT ( ) );
#4214 =( NAMED_UNIT ( * ) PLANE_ANGLE_UNIT ( ) SI_UNIT ( $, .RADIAN. ) );
#4215 = SURFACE_STYLE_FILL_AREA ( #3801 ) ;
#4216 = CARTESIAN_POINT ( 'NONE',  ( 0.8000000000000000444, 0.1700000000000000122, 0.000000000000000000 ) ) ;
#4217 = ORIENTED_EDGE ( 'NONE', *, *, #3758, .F. ) ;
#4218 = DIRECTION ( 'NONE',  ( 0.000000000000000000, 0.000000000000000000, 1.000000000000000000 ) ) ;
#4219 = VECTOR ( 'NONE', #1367, 1000.000000000000000 ) ;
#4220 = ORIENTED_EDGE ( 'NONE', *, *, #1832, .F. ) ;
#4221 = PLANE ( 'NONE',  #750 ) ;
#4222 = ORIENTED_EDGE ( 'NONE', *, *, #2314, .F. ) ;
#4223 =( GEOMETRIC_REPRESENTATION_CONTEXT ( 3 ) GLOBAL_UNCERTAINTY_ASSIGNED_CONTEXT ( ( #2537 ) ) GLOBAL_UNIT_ASSIGNED_CONTEXT ( ( #2882, #368, #1132 ) ) REPRESENTATION_CONTEXT ( 'NONE', 'WORKASPACE' ) );
#4224 = VECTOR ( 'NONE', #4104, 1000.000000000000000 ) ;
#4225 = DIRECTION ( 'NONE',  ( 1.000000000000000000, 0.000000000000000000, -4.336808689942012313E-16 ) ) ;
#4226 = DIRECTION ( 'NONE',  ( -1.000000000000000000, 0.000000000000000000, 0.000000000000000000 ) ) ;
#4227 = CLOSED_SHELL ( 'NONE', ( #399, #1234, #1886, #3755 ) ) ;
#4228 = CARTESIAN_POINT ( 'NONE',  ( -0.2299999999999999545, 0.1700000000000000122, -0.4000000000000000222 ) ) ;
#4229 = EDGE_LOOP ( 'NONE', ( #2905, #3051, #4419, #1029 ) ) ;
#4230 = VECTOR ( 'NONE', #3966, 1000.000000000000000 ) ;
#4231 = DIRECTION ( 'NONE',  ( 0.000000000000000000, 0.000000000000000000, -1.000000000000000000 ) ) ;
#4232 = EDGE_CURVE ( 'NONE', #1849, #3178, #793, .T. ) ;
#4233 =( GEOMETRIC_REPRESENTATION_CONTEXT ( 3 ) GLOBAL_UNCERTAINTY_ASSIGNED_CONTEXT ( ( #2581 ) ) GLOBAL_UNIT_ASSIGNED_CONTEXT ( ( #2550, #2784, #4178 ) ) REPRESENTATION_CONTEXT ( 'NONE', 'WORKASPACE' ) );
#4234 = CARTESIAN_POINT ( 'NONE',  ( -0.8000000000000000444, 0.1600000000000000033, -0.1999374902313220403 ) ) ;
#4235 = CARTESIAN_POINT ( 'NONE',  ( -0.6800000000000000488, 0.000000000000000000, 0.1600000000000000033 ) ) ;
#4236 = SURFACE_STYLE_FILL_AREA ( #3898 ) ;
#4237 = DIRECTION ( 'NONE',  ( -0.000000000000000000, -1.000000000000000000, -0.000000000000000000 ) ) ;
#4238 =( GEOMETRIC_REPRESENTATION_CONTEXT ( 3 ) GLOBAL_UNCERTAINTY_ASSIGNED_CONTEXT ( ( #1415 ) ) GLOBAL_UNIT_ASSIGNED_CONTEXT ( ( #405, #36, #375 ) ) REPRESENTATION_CONTEXT ( 'NONE', 'WORKASPACE' ) );
#4239 = VERTEX_POINT ( 'NONE', #3325 ) ;
#4240 = LINE ( 'NONE', #1434, #1582 ) ;
#4241 = PLANE ( 'NONE',  #3739 ) ;
#4242 = ORIENTED_EDGE ( 'NONE', *, *, #3456, .F. ) ;
#4243 = CARTESIAN_POINT ( 'NONE',  ( -0.7500000000000000000, 0.1700000000000000122, -0.3499999999999999778 ) ) ;
#4244 = SURFACE_STYLE_FILL_AREA ( #2558 ) ;
#4245 = ORIENTED_EDGE ( 'NONE', *, *, #3940, .F. ) ;
#4246 = ORIENTED_EDGE ( 'NONE', *, *, #2802, .T. ) ;
#4247 = AXIS2_PLACEMENT_3D ( 'NONE', #2356, #194, #4401 ) ;
#4248 = ORIENTED_EDGE ( 'NONE', *, *, #2900, .T. ) ;
#4249 = SURFACE_SIDE_STYLE ('',( #4320 ) ) ;
#4250 = AXIS2_PLACEMENT_3D ( 'NONE', #376, #3097, #1350 ) ;
#4251 = CARTESIAN_POINT ( 'NONE',  ( 0.8000000000000000444, -0.01000000000000000021, 0.000000000000000000 ) ) ;
#4252 = DIRECTION ( 'NONE',  ( 0.000000000000000000, -1.000000000000000000, 0.000000000000000000 ) ) ;
#4253 = EDGE_CURVE ( 'NONE', #2877, #3058, #3307, .T. ) ;
#4254 = FILL_AREA_STYLE_COLOUR ( '', #4097 ) ;
#4255 = DIRECTION ( 'NONE',  ( 0.000000000000000000, 0.000000000000000000, -1.000000000000000000 ) ) ;
#4256 = FILL_AREA_STYLE_COLOUR ( '', #98 ) ;
#4257 = UNCERTAINTY_MEASURE_WITH_UNIT (LENGTH_MEASURE( 1.000000000000000082E-05 ), #1286, 'distance_accuracy_value', 'NONE');
#4258 = EDGE_CURVE ( 'NONE', #1699, #1984, #2605, .T. ) ;
#4259 =( LENGTH_UNIT ( ) NAMED_UNIT ( * ) SI_UNIT ( .MILLI., .METRE. ) );
#4260 =( NAMED_UNIT ( * ) SI_UNIT ( $, .STERADIAN. ) SOLID_ANGLE_UNIT ( ) );
#4261 = ORIENTED_EDGE ( 'NONE', *, *, #1175, .F. ) ;
#4262 = DIRECTION ( 'NONE',  ( -0.000000000000000000, -1.000000000000000000, 0.000000000000000000 ) ) ;
#4263 = CARTESIAN_POINT ( 'NONE',  ( 0.8000000000000000444, 0.000000000000000000, 0.000000000000000000 ) ) ;
#4264 = VERTEX_POINT ( 'NONE', #337 ) ;
#4265 = VERTEX_POINT ( 'NONE', #2827 ) ;
#4266 = ADVANCED_FACE ( 'NONE', ( #1710 ), #1429, .T. ) ;
#4267 =( GEOMETRIC_REPRESENTATION_CONTEXT ( 3 ) GLOBAL_UNCERTAINTY_ASSIGNED_CONTEXT ( ( #2353 ) ) GLOBAL_UNIT_ASSIGNED_CONTEXT ( ( #2281, #865, #489 ) ) REPRESENTATION_CONTEXT ( 'NONE', 'WORKASPACE' ) );
#4268 = AXIS2_PLACEMENT_3D ( 'NONE', #858, #3304, #1485 ) ;
#4269 = PLANE ( 'NONE',  #3334 ) ;
#4270 = COLOUR_RGB ( '',0.9686274509803921573, 0.8784313725490195957, 0.5999999999999999778 ) ;
#4271 = EDGE_CURVE ( 'NONE', #741, #2577, #3373, .T. ) ;
#4272 = COLOUR_RGB ( '',0.000000000000000000, 0.5019607843137254832, 0.000000000000000000 ) ;
#4273 = PRESENTATION_LAYER_ASSIGNMENT (  '', '', ( #3112 ) ) ;
#4274 = PRESENTATION_LAYER_ASSIGNMENT (  '', '', ( #312 ) ) ;
#4275 = ORIENTED_EDGE ( 'NONE', *, *, #3662, .T. ) ;
#4276 = DIRECTION ( 'NONE',  ( 1.548860246407864076E-16, 0.000000000000000000, -1.000000000000000000 ) ) ;
#4277 = SURFACE_SIDE_STYLE ('',( #1182 ) ) ;
#4278 = CIRCLE ( 'NONE', #2251, 0.2499999999999999445 ) ;
#4279 = CIRCLE ( 'NONE', #2321, 0.1499999999999999944 ) ;
#4280 = LINE ( 'NONE', #2327, #2820 ) ;
#4281 = STYLED_ITEM ( 'NONE', ( #3684 ), #2869 ) ;
#4282 = STYLED_ITEM ( 'NONE', ( #2148 ), #1827 ) ;
#4283 = CARTESIAN_POINT ( 'NONE',  ( 0.5654294591668851400, -0.1826167978121472357, 0.3904294591668852621 ) ) ;
#4284 = DIRECTION ( 'NONE',  ( -1.000000000000000000, 0.000000000000000000, 0.000000000000000000 ) ) ;
#4285 = PRESENTATION_STYLE_ASSIGNMENT (( #3226 ) ) ;
#4286 = FILL_AREA_STYLE ('',( #86 ) ) ;
#4287 =( LENGTH_UNIT ( ) NAMED_UNIT ( * ) SI_UNIT ( .MILLI., .METRE. ) );
#4288 = DIRECTION ( 'NONE',  ( 1.548860246407863829E-16, 0.000000000000000000, 1.000000000000000000 ) ) ;
#4289 = ORIENTED_EDGE ( 'NONE', *, *, #3006, .T. ) ;
#4290 = EDGE_CURVE ( 'NONE', #2391, #2587, #3172, .T. ) ;
#4291 = ORIENTED_EDGE ( 'NONE', *, *, #3487, .F. ) ;
#4292 = LINE ( 'NONE', #3914, #1934 ) ;
#4293 = AXIS2_PLACEMENT_3D ( 'NONE', #3820, #664, #742 ) ;
#4294 = ORIENTED_EDGE ( 'NONE', *, *, #2056, .T. ) ;
#4295 = LINE ( 'NONE', #1488, #14 ) ;
#4296 = CARTESIAN_POINT ( 'NONE',  ( 0.8000000000000000444, -0.01000000000000000021, 0.000000000000000000 ) ) ;
#4297 = CARTESIAN_POINT ( 'NONE',  ( -0.8000000000000000444, -0.01000000000000000021, -0.1499999999999999944 ) ) ;
#4298 = DIRECTION ( 'NONE',  ( 0.000000000000000000, 1.000000000000000000, -0.000000000000000000 ) ) ;
#4299 =( NAMED_UNIT ( * ) SI_UNIT ( $, .STERADIAN. ) SOLID_ANGLE_UNIT ( ) );
#4300 = FILL_AREA_STYLE_COLOUR ( '', #3865 ) ;
#4301 = CARTESIAN_POINT ( 'NONE',  ( -0.6800000000000000488, 0.000000000000000000, -0.1600000000000000033 ) ) ;
#4302 =( LENGTH_UNIT ( ) NAMED_UNIT ( * ) SI_UNIT ( .MILLI., .METRE. ) );
#4303 = LINE ( 'NONE', #799, #2742 ) ;
#4304 = AXIS2_PLACEMENT_3D ( 'NONE', #2257, #3647, #2279 ) ;
#4305 =( NAMED_UNIT ( * ) PLANE_ANGLE_UNIT ( ) SI_UNIT ( $, .RADIAN. ) );
#4306 = CARTESIAN_POINT ( 'NONE',  ( -0.8000000000000000444, 0.1600000000000000033, 0.1500000000000001887 ) ) ;
#4307 = ORIENTED_EDGE ( 'NONE', *, *, #2046, .T. ) ;
#4308 = CARTESIAN_POINT ( 'NONE',  ( -0.8000000000000000444, -0.01000000000000000021, 0.000000000000000000 ) ) ;
#4309 = VERTEX_POINT ( 'NONE', #2399 ) ;
#4310 = PRESENTATION_LAYER_ASSIGNMENT (  '', '', ( #203 ) ) ;
#4311 = PRESENTATION_STYLE_ASSIGNMENT (( #2293 ) ) ;
#4312 = UNCERTAINTY_MEASURE_WITH_UNIT (LENGTH_MEASURE( 1.000000000000000082E-05 ), #1956, 'distance_accuracy_value', 'NONE');
#4313 = CARTESIAN_POINT ( 'NONE',  ( 0.7500000000000000000, -0.01000000000000000021, -0.2449489742783177437 ) ) ;
#4314 = CIRCLE ( 'NONE', #2362, 0.2499999999999999445 ) ;
#4315 = UNCERTAINTY_MEASURE_WITH_UNIT (LENGTH_MEASURE( 1.000000000000000082E-05 ), #4440, 'distance_accuracy_value', 'NONE');
#4316 = CARTESIAN_POINT ( 'NONE',  ( 0.7500000000000000000, -0.01000000000000000021, -0.4000000000000000222 ) ) ;
#4317 = ADVANCED_FACE ( 'NONE', ( #624 ), #3516, .F. ) ;
#4318 = EDGE_LOOP ( 'NONE', ( #2229, #3802, #2812, #2855 ) ) ;
#4319 =( LENGTH_UNIT ( ) NAMED_UNIT ( * ) SI_UNIT ( .MILLI., .METRE. ) );
#4320 = SURFACE_STYLE_FILL_AREA ( #3582 ) ;
#4321 = ORIENTED_EDGE ( 'NONE', *, *, #3122, .F. ) ;
#4322 = SURFACE_SIDE_STYLE ('',( #4007 ) ) ;
#4323 = EDGE_CURVE ( 'NONE', #1046, #999, #4520, .T. ) ;
#4324 =( NAMED_UNIT ( * ) PLANE_ANGLE_UNIT ( ) SI_UNIT ( $, .RADIAN. ) );
#4325 = DIRECTION ( 'NONE',  ( -0.000000000000000000, -1.000000000000000000, 0.000000000000000000 ) ) ;
#4326 = SURFACE_STYLE_USAGE ( .BOTH. , #1883 ) ;
#4327 = LINE ( 'NONE', #3315, #3059 ) ;
#4328 = PRESENTATION_STYLE_ASSIGNMENT (( #3362 ) ) ;
#4329 = CARTESIAN_POINT ( 'NONE',  ( -0.8000000000000000444, -0.01000000000000000021, 0.000000000000000000 ) ) ;
#4330 = DIRECTION ( 'NONE',  ( 0.000000000000000000, -1.000000000000000000, 0.000000000000000000 ) ) ;
#4331 = ORIENTED_EDGE ( 'NONE', *, *, #1667, .F. ) ;
#4332 = DIRECTION ( 'NONE',  ( -0.000000000000000000, -1.000000000000000000, -0.000000000000000000 ) ) ;
#4333 = VERTEX_POINT ( 'NONE', #1048 ) ;
#4334 = DIRECTION ( 'NONE',  ( -0.000000000000000000, -1.000000000000000000, -0.000000000000000000 ) ) ;
#4335 = ADVANCED_FACE ( 'NONE', ( #2093 ), #2796, .T. ) ;
#4336 = UNCERTAINTY_MEASURE_WITH_UNIT (LENGTH_MEASURE( 1.000000000000000082E-05 ), #2189, 'distance_accuracy_value', 'NONE');
#4337 = DIRECTION ( 'NONE',  ( -1.000000000000000000, -0.000000000000000000, -0.000000000000000000 ) ) ;
#4338 = VECTOR ( 'NONE', #3851, 1000.000000000000000 ) ;
#4339 = AXIS2_PLACEMENT_3D ( 'NONE', #4457, #3716, #3091 ) ;
#4340 = ORIENTED_EDGE ( 'NONE', *, *, #2345, .F. ) ;
#4341 = DIRECTION ( 'NONE',  ( 1.000000000000000000, 0.000000000000000000, -0.000000000000000000 ) ) ;
#4342 = DIRECTION ( 'NONE',  ( -1.000000000000000000, 0.000000000000000000, 0.000000000000000000 ) ) ;
#4343 = VECTOR ( 'NONE', #630, 1000.000000000000000 ) ;
#4344 = EDGE_CURVE ( 'NONE', #782, #520, #2763, .T. ) ;
#4345 = DIRECTION ( 'NONE',  ( 1.000000000000000000, 0.000000000000000000, 2.710505431213761085E-16 ) ) ;
#4346 = AXIS2_PLACEMENT_3D ( 'NONE', #3298, #1189, #852 ) ;
#4347 = AXIS2_PLACEMENT_3D ( 'NONE', #2682, #3742, #580 ) ;
#4348 =( NAMED_UNIT ( * ) SI_UNIT ( $, .STERADIAN. ) SOLID_ANGLE_UNIT ( ) );
#4349 = AXIS2_PLACEMENT_3D ( 'NONE', #1213, #1564, #3004 ) ;
#4350 = DIRECTION ( 'NONE',  ( -0.000000000000000000, -0.000000000000000000, 1.000000000000000000 ) ) ;
#4351 =( GEOMETRIC_REPRESENTATION_CONTEXT ( 3 ) GLOBAL_UNCERTAINTY_ASSIGNED_CONTEXT ( ( #3951 ) ) GLOBAL_UNIT_ASSIGNED_CONTEXT ( ( #4259, #3588, #3860 ) ) REPRESENTATION_CONTEXT ( 'NONE', 'WORKASPACE' ) );
#4352 = FILL_AREA_STYLE ('',( #3314 ) ) ;
#4353 = MECHANICAL_DESIGN_GEOMETRIC_PRESENTATION_REPRESENTATION (  '', ( #29 ), #3420 ) ;
#4354 = AXIS2_PLACEMENT_3D ( 'NONE', #920, #4475, #2363 ) ;
#4355 = STYLED_ITEM ( 'NONE', ( #3603 ), #3714 ) ;
#4356 = FACE_OUTER_BOUND ( 'NONE', #806, .T. ) ;
#4357 = PRESENTATION_STYLE_ASSIGNMENT (( #3341 ) ) ;
#4358 = CARTESIAN_POINT ( 'NONE',  ( -0.8000000000000000444, 0.5054101966249683331, -0.1499999999999999944 ) ) ;
#4359 = ORIENTED_EDGE ( 'NONE', *, *, #2521, .T. ) ;
#4360 = UNCERTAINTY_MEASURE_WITH_UNIT (LENGTH_MEASURE( 1.000000000000000082E-05 ), #2826, 'distance_accuracy_value', 'NONE');
#4361 = FILL_AREA_STYLE ('',( #544 ) ) ;
#4362 = ORIENTED_EDGE ( 'NONE', *, *, #2447, .T. ) ;
#4363 = SURFACE_STYLE_FILL_AREA ( #4385 ) ;
#4364 = CARTESIAN_POINT ( 'NONE',  ( 0.8000000000000000444, -0.01000000000000000021, 0.1499999999999999944 ) ) ;
#4365 = DIRECTION ( 'NONE',  ( -0.000000000000000000, 0.000000000000000000, 1.000000000000000000 ) ) ;
#4366 = ORIENTED_EDGE ( 'NONE', *, *, #1257, .T. ) ;
#4367 =( NAMED_UNIT ( * ) SI_UNIT ( $, .STERADIAN. ) SOLID_ANGLE_UNIT ( ) );
#4368 = AXIS2_PLACEMENT_3D ( 'NONE', #2080, #3740, #1250 ) ;
#4369 = CARTESIAN_POINT ( 'NONE',  ( 0.7500000000000000000, 0.1700000000000000122, 0.000000000000000000 ) ) ;
#4370 = CARTESIAN_POINT ( 'NONE',  ( 0.7949999999999999289, 0.1700000000000000122, 0.000000000000000000 ) ) ;
#4371 = COLOUR_RGB ( '',1.000000000000000000, 1.000000000000000000, 1.000000000000000000 ) ;
#4372 = ORIENTED_EDGE ( 'NONE', *, *, #3758, .T. ) ;
#4373 = SURFACE_SIDE_STYLE ('',( #1881 ) ) ;
#4374 = EDGE_CURVE ( 'NONE', #2259, #4264, #1224, .T. ) ;
#4375 = PRESENTATION_STYLE_ASSIGNMENT (( #2985 ) ) ;
#4376 = LINE ( 'NONE', #3359, #2670 ) ;
#4377 = SURFACE_STYLE_FILL_AREA ( #1215 ) ;
#4378 =( NAMED_UNIT ( * ) PLANE_ANGLE_UNIT ( ) SI_UNIT ( $, .RADIAN. ) );
#4379 = DIRECTION ( 'NONE',  ( 0.000000000000000000, -1.000000000000000000, 0.000000000000000000 ) ) ;
#4380 = FILL_AREA_STYLE ('',( #2991 ) ) ;
#4381 = ORIENTED_EDGE ( 'NONE', *, *, #4410, .F. ) ;
#4382 =( LENGTH_UNIT ( ) NAMED_UNIT ( * ) SI_UNIT ( .MILLI., .METRE. ) );
#4383 = ORIENTED_EDGE ( 'NONE', *, *, #666, .F. ) ;
#4384 = STYLED_ITEM ( 'NONE', ( #2156 ), #4013 ) ;
#4385 = FILL_AREA_STYLE ('',( #482 ) ) ;
#4386 = CIRCLE ( 'NONE', #3445, 0.2499999999999998890 ) ;
#4387 = LINE ( 'NONE', #3369, #61 ) ;
#4388 = DIRECTION ( 'NONE',  ( 1.000000000000000000, 0.000000000000000000, 0.000000000000000000 ) ) ;
#4389 = VERTEX_POINT ( 'NONE', #4064 ) ;
#4390 = SURFACE_STYLE_FILL_AREA ( #961 ) ;
#4391 = PRESENTATION_LAYER_ASSIGNMENT (  '', '', ( #1038 ) ) ;
#4392 =( LENGTH_UNIT ( ) NAMED_UNIT ( * ) SI_UNIT ( .MILLI., .METRE. ) );
#4393 = CARTESIAN_POINT ( 'NONE',  ( 0.6999999999999999556, 0.000000000000000000, 0.4000000000000000222 ) ) ;
#4394 = UNCERTAINTY_MEASURE_WITH_UNIT (LENGTH_MEASURE( 1.000000000000000082E-05 ), #1386, 'distance_accuracy_value', 'NONE');
#4395 = PRESENTATION_LAYER_ASSIGNMENT (  '', '', ( #3960 ) ) ;
#4396 = VERTEX_POINT ( 'NONE', #3749 ) ;
#4397 =( NAMED_UNIT ( * ) PLANE_ANGLE_UNIT ( ) SI_UNIT ( $, .RADIAN. ) );
#4398 = CARTESIAN_POINT ( 'NONE',  ( -0.8000000000000000444, 0.1600000000000000033, 0.4000000000000000222 ) ) ;
#4399 = EDGE_CURVE ( 'NONE', #2753, #4038, #1668, .T. ) ;
#4400 =( NAMED_UNIT ( * ) SI_UNIT ( $, .STERADIAN. ) SOLID_ANGLE_UNIT ( ) );
#4401 = DIRECTION ( 'NONE',  ( 0.000000000000000000, 0.000000000000000000, 1.000000000000000000 ) ) ;
#4402 =( NAMED_UNIT ( * ) PLANE_ANGLE_UNIT ( ) SI_UNIT ( $, .RADIAN. ) );
#4403 = VECTOR ( 'NONE', #1669, 1000.000000000000000 ) ;
#4404 = DIRECTION ( 'NONE',  ( -0.000000000000000000, -1.000000000000000000, -0.000000000000000000 ) ) ;
#4405 = CYLINDRICAL_SURFACE ( 'NONE', #3109, 0.1499999999999999944 ) ;
#4406 = ORIENTED_EDGE ( 'NONE', *, *, #4466, .T. ) ;
#4407 = EDGE_CURVE ( 'NONE', #3257, #3549, #4456, .T. ) ;
#4408 = EDGE_CURVE ( 'NONE', #956, #906, #1623, .T. ) ;
#4409 =( NAMED_UNIT ( * ) PLANE_ANGLE_UNIT ( ) SI_UNIT ( $, .RADIAN. ) );
#4410 = EDGE_CURVE ( 'NONE', #2141, #2514, #4386, .T. ) ;
#4411 = DIRECTION ( 'NONE',  ( -0.000000000000000000, -1.000000000000000000, -0.000000000000000000 ) ) ;
#4412 = DIRECTION ( 'NONE',  ( 0.000000000000000000, -1.000000000000000000, 0.000000000000000000 ) ) ;
#4413 = DIRECTION ( 'NONE',  ( 0.000000000000000000, 0.000000000000000000, -1.000000000000000000 ) ) ;
#4414 = DIRECTION ( 'NONE',  ( -0.000000000000000000, -1.000000000000000000, -0.000000000000000000 ) ) ;
#4415 = DIRECTION ( 'NONE',  ( 1.000000000000000000, 0.000000000000000000, 0.000000000000000000 ) ) ;
#4416 =( GEOMETRIC_REPRESENTATION_CONTEXT ( 3 ) GLOBAL_UNCERTAINTY_ASSIGNED_CONTEXT ( ( #1871 ) ) GLOBAL_UNIT_ASSIGNED_CONTEXT ( ( #2107, #2483, #4213 ) ) REPRESENTATION_CONTEXT ( 'NONE', 'WORKASPACE' ) );
#4417 = DIRECTION ( 'NONE',  ( 0.000000000000000000, -0.000000000000000000, -1.000000000000000000 ) ) ;
#4418 = AXIS2_PLACEMENT_3D ( 'NONE', #3528, #297, #1717 ) ;
#4419 = ORIENTED_EDGE ( 'NONE', *, *, #268, .F. ) ;
#4420 = DIRECTION ( 'NONE',  ( -1.000000000000000000, 0.000000000000000000, 0.000000000000000000 ) ) ;
#4421 = CIRCLE ( 'NONE', #459, 0.1499999999999999944 ) ;
#4422 = VECTOR ( 'NONE', #4332, 1000.000000000000000 ) ;
#4423 =( LENGTH_UNIT ( ) NAMED_UNIT ( * ) SI_UNIT ( .MILLI., .METRE. ) );
#4424 = MECHANICAL_DESIGN_GEOMETRIC_PRESENTATION_REPRESENTATION (  '', ( #677 ), #1648 ) ;
#4425 = FILL_AREA_STYLE_COLOUR ( '', #3138 ) ;
#4426 =( NAMED_UNIT ( * ) SI_UNIT ( $, .STERADIAN. ) SOLID_ANGLE_UNIT ( ) );
#4427 =( NAMED_UNIT ( * ) SI_UNIT ( $, .STERADIAN. ) SOLID_ANGLE_UNIT ( ) );
#4428 = DIRECTION ( 'NONE',  ( 0.000000000000000000, 0.000000000000000000, -1.000000000000000000 ) ) ;
#4429 = ORIENTED_EDGE ( 'NONE', *, *, #1180, .F. ) ;
#4430 = EDGE_CURVE ( 'NONE', #520, #956, #4387, .T. ) ;
#4431 = VECTOR ( 'NONE', #2434, 1000.000000000000000 ) ;
#4432 = CYLINDRICAL_SURFACE ( 'NONE', #4474, 0.1499999999999999944 ) ;
#4433 = EDGE_CURVE ( 'NONE', #415, #543, #2707, .T. ) ;
#4434 = SURFACE_STYLE_FILL_AREA ( #1937 ) ;
#4435 = EDGE_CURVE ( 'NONE', #2391, #3859, #901, .T. ) ;
#4436 = DIRECTION ( 'NONE',  ( -0.000000000000000000, 1.000000000000000000, -0.000000000000000000 ) ) ;
#4437 = CARTESIAN_POINT ( 'NONE',  ( -0.6800000000000000488, -0.01000000000000000021, -0.1600000000000000033 ) ) ;
#4438 = UNCERTAINTY_MEASURE_WITH_UNIT (LENGTH_MEASURE( 1.000000000000000082E-05 ), #3363, 'distance_accuracy_value', 'NONE');
#4439 = LINE ( 'NONE', #2720, #2240 ) ;
#4440 =( LENGTH_UNIT ( ) NAMED_UNIT ( * ) SI_UNIT ( .MILLI., .METRE. ) );
#4441 = VERTEX_POINT ( 'NONE', #3352 ) ;
#4442 = DIRECTION ( 'NONE',  ( 1.000000000000000000, 0.000000000000000000, -6.776263578034402713E-17 ) ) ;
#4443 = SURFACE_STYLE_FILL_AREA ( #4352 ) ;
#4444 = PRESENTATION_LAYER_ASSIGNMENT (  '', '', ( #189 ) ) ;
#4445 = VECTOR ( 'NONE', #4151, 1000.000000000000000 ) ;
#4446 = UNCERTAINTY_MEASURE_WITH_UNIT (LENGTH_MEASURE( 1.000000000000000082E-05 ), #1767, 'distance_accuracy_value', 'NONE');
#4447 = FACE_OUTER_BOUND ( 'NONE', #5, .T. ) ;
#4448 =( NAMED_UNIT ( * ) SI_UNIT ( $, .STERADIAN. ) SOLID_ANGLE_UNIT ( ) );
#4449 = CARTESIAN_POINT ( 'NONE',  ( 0.8000000000000000444, -0.01000000000000000021, -0.4000000000000000222 ) ) ;
#4450 = ORIENTED_EDGE ( 'NONE', *, *, #476, .F. ) ;
#4451 = FILL_AREA_STYLE ('',( #1047 ) ) ;
#4452 = ORIENTED_EDGE ( 'NONE', *, *, #4435, .F. ) ;
#4453 =( LENGTH_UNIT ( ) NAMED_UNIT ( * ) SI_UNIT ( .MILLI., .METRE. ) );
#4454 = PRESENTATION_STYLE_ASSIGNMENT (( #3066 ) ) ;
#4455 = DIRECTION ( 'NONE',  ( 0.000000000000000000, 1.000000000000000000, -0.000000000000000000 ) ) ;
#4456 = LINE ( 'NONE', #922, #1090 ) ;
#4457 = CARTESIAN_POINT ( 'NONE',  ( 0.8000000000000000444, 0.1600000000000000033, 0.000000000000000000 ) ) ;
#4458 = VECTOR ( 'NONE', #1198, 1000.000000000000000 ) ;
#4459 = CARTESIAN_POINT ( 'NONE',  ( -0.02999999999999986705, 0.1700000000000000122, 0.1000000000000000194 ) ) ;
#4460 = CARTESIAN_POINT ( 'NONE',  ( 0.6999999999999999556, -0.01000000000000000021, -0.4000000000000000222 ) ) ;
#4461 = EDGE_CURVE ( 'NONE', #2474, #2017, #721, .T. ) ;
#4462 = PRESENTATION_LAYER_ASSIGNMENT (  '', '', ( #3673 ) ) ;
#4463 = ORIENTED_EDGE ( 'NONE', *, *, #4149, .T. ) ;
#4464 = DIRECTION ( 'NONE',  ( -0.000000000000000000, 1.000000000000000000, -0.000000000000000000 ) ) ;
#4465 = STYLED_ITEM ( 'NONE', ( #3721 ), #540 ) ;
#4466 = EDGE_CURVE ( 'NONE', #3831, #2794, #2623, .T. ) ;
#4467 =( NAMED_UNIT ( * ) PLANE_ANGLE_UNIT ( ) SI_UNIT ( $, .RADIAN. ) );
#4468 =( LENGTH_UNIT ( ) NAMED_UNIT ( * ) SI_UNIT ( .MILLI., .METRE. ) );
#4469 = PRESENTATION_LAYER_ASSIGNMENT (  '', '', ( #1698 ) ) ;
#4470 = ORIENTED_EDGE ( 'NONE', *, *, #1363, .F. ) ;
#4471 =( NAMED_UNIT ( * ) PLANE_ANGLE_UNIT ( ) SI_UNIT ( $, .RADIAN. ) );
#4472 =( LENGTH_UNIT ( ) NAMED_UNIT ( * ) SI_UNIT ( .MILLI., .METRE. ) );
#4473 = SURFACE_SIDE_STYLE ('',( #1640 ) ) ;
#4474 = AXIS2_PLACEMENT_3D ( 'NONE', #1379, #1711, #3731 ) ;
#4475 = DIRECTION ( 'NONE',  ( 1.000000000000000000, 0.000000000000000000, 0.000000000000000000 ) ) ;
#4476 = CARTESIAN_POINT ( 'NONE',  ( -0.8000000000000000444, 0.1700000000000000122, 0.000000000000000000 ) ) ;
#4477 = SURFACE_SIDE_STYLE ('',( #610 ) ) ;
#4478 = VERTEX_POINT ( 'NONE', #1308 ) ;
#4479 =( NAMED_UNIT ( * ) SI_UNIT ( $, .STERADIAN. ) SOLID_ANGLE_UNIT ( ) );
#4480 = EDGE_CURVE ( 'NONE', #2794, #340, #1642, .T. ) ;
#4481 = FILL_AREA_STYLE_COLOUR ( '', #1039 ) ;
#4482 = PRESENTATION_STYLE_ASSIGNMENT (( #1695 ) ) ;
#4483 = FILL_AREA_STYLE ('',( #1013 ) ) ;
#4484 = UNCERTAINTY_MEASURE_WITH_UNIT (LENGTH_MEASURE( 1.000000000000000082E-05 ), #3903, 'distance_accuracy_value', 'NONE');
#4485 = VERTEX_POINT ( 'NONE', #2717 ) ;
#4486 = PLANE ( 'NONE',  #1066 ) ;
#4487 = ADVANCED_FACE ( 'NONE', ( #3669 ), #2136, .F. ) ;
#4488 = VECTOR ( 'NONE', #4155, 1000.000000000000000 ) ;
#4489 = DIRECTION ( 'NONE',  ( 0.000000000000000000, 0.000000000000000000, 1.000000000000000000 ) ) ;
#4490 = MECHANICAL_DESIGN_GEOMETRIC_PRESENTATION_REPRESENTATION (  '', ( #1574 ), #1786 ) ;
#4491 = ORIENTED_EDGE ( 'NONE', *, *, #2719, .F. ) ;
#4492 = COLOUR_RGB ( '',0.9686274509803921573, 0.8784313725490195957, 0.5999999999999999778 ) ;
#4493 =( GEOMETRIC_REPRESENTATION_CONTEXT ( 3 ) GLOBAL_UNCERTAINTY_ASSIGNED_CONTEXT ( ( #2619 ) ) GLOBAL_UNIT_ASSIGNED_CONTEXT ( ( #3336, #2590, #2262 ) ) REPRESENTATION_CONTEXT ( 'NONE', 'WORKASPACE' ) );
#4494 = DIRECTION ( 'NONE',  ( 0.000000000000000000, 0.000000000000000000, 1.000000000000000000 ) ) ;
#4495 = FILL_AREA_STYLE_COLOUR ( '', #148 ) ;
#4496 = AXIS2_PLACEMENT_3D ( 'NONE', #3659, #1842, #1861 ) ;
#4497 = LINE ( 'NONE', #627, #3065 ) ;
#4498 = STYLED_ITEM ( 'NONE', ( #1474 ), #1974 ) ;
#4499 = VECTOR ( 'NONE', #3400, 1000.000000000000000 ) ;
#4500 = VECTOR ( 'NONE', #4494, 1000.000000000000000 ) ;
#4501 = ORIENTED_EDGE ( 'NONE', *, *, #697, .F. ) ;
#4502 = PRESENTATION_LAYER_ASSIGNMENT (  '', '', ( #1731 ) ) ;
#4503 = VECTOR ( 'NONE', #2799, 1000.000000000000000 ) ;
#4504 = COLOUR_RGB ( '',0.9686274509803921573, 0.8784313725490195957, 0.5999999999999999778 ) ;
#4505 = CARTESIAN_POINT ( 'NONE',  ( -0.8000000000000000444, -0.01000000000000000021, -0.1499999999999999944 ) ) ;
#4506 = LINE ( 'NONE', #2761, #4488 ) ;
#4507 =( NAMED_UNIT ( * ) SI_UNIT ( $, .STERADIAN. ) SOLID_ANGLE_UNIT ( ) );
#4508 = ORIENTED_EDGE ( 'NONE', *, *, #3184, .T. ) ;
#4509 =( NAMED_UNIT ( * ) PLANE_ANGLE_UNIT ( ) SI_UNIT ( $, .RADIAN. ) );
#4510 = SURFACE_STYLE_FILL_AREA ( #4532 ) ;
#4511 = EDGE_CURVE ( 'NONE', #100, #1795, #1467, .T. ) ;
#4512 = DIRECTION ( 'NONE',  ( 0.000000000000000000, 0.000000000000000000, -1.000000000000000000 ) ) ;
#4513 = CARTESIAN_POINT ( 'NONE',  ( 0.8000000000000000444, 0.000000000000000000, -0.4000000000000000222 ) ) ;
#4514 = CARTESIAN_POINT ( 'NONE',  ( -0.8000000000000000444, -0.01000000000000000021, 0.1499999999999999944 ) ) ;
#4515 = LINE ( 'NONE', #3927, #3535 ) ;
#4516 = EDGE_CURVE ( 'NONE', #1684, #1917, #2565, .T. ) ;
#4517 = FILL_AREA_STYLE_COLOUR ( '', #2866 ) ;
#4518 = DIRECTION ( 'NONE',  ( -0.000000000000000000, -1.000000000000000000, -0.000000000000000000 ) ) ;
#4519 = EDGE_LOOP ( 'NONE', ( #1082, #3318, #2475, #1959 ) ) ;
#4520 = LINE ( 'NONE', #1376, #942 ) ;
#4521 = DIRECTION ( 'NONE',  ( 0.000000000000000000, 0.000000000000000000, 1.000000000000000000 ) ) ;
#4522 =( NAMED_UNIT ( * ) SI_UNIT ( $, .STERADIAN. ) SOLID_ANGLE_UNIT ( ) );
#4523 = EDGE_LOOP ( 'NONE', ( #3704, #4429, #594, #534 ) ) ;
#4524 = DIRECTION ( 'NONE',  ( 0.000000000000000000, 0.000000000000000000, 1.000000000000000000 ) ) ;
#4525 = ORIENTED_EDGE ( 'NONE', *, *, #1822, .T. ) ;
#4526 =( NAMED_UNIT ( * ) PLANE_ANGLE_UNIT ( ) SI_UNIT ( $, .RADIAN. ) );
#4527 = FILL_AREA_STYLE ('',( #2076 ) ) ;
#4528 = CARTESIAN_POINT ( 'NONE',  ( -0.8000000000000000444, -0.01000000000000000021, -0.1499999999999999944 ) ) ;
#4529 =( GEOMETRIC_REPRESENTATION_CONTEXT ( 3 ) GLOBAL_UNCERTAINTY_ASSIGNED_CONTEXT ( ( #4315 ) ) GLOBAL_UNIT_ASSIGNED_CONTEXT ( ( #4440, #2698, #2035 ) ) REPRESENTATION_CONTEXT ( 'NONE', 'WORKASPACE' ) );
#4530 =( NAMED_UNIT ( * ) PLANE_ANGLE_UNIT ( ) SI_UNIT ( $, .RADIAN. ) );
#4531 = VERTEX_POINT ( 'NONE', #4234 ) ;
#4532 = FILL_AREA_STYLE ('',( #1764 ) ) ;
#4533 = AXIS2_PLACEMENT_3D ( 'NONE', #3583, #2528, #2163 ) ;
#4534 = PRESENTATION_STYLE_ASSIGNMENT (( #4096 ) ) ;
#4535 =( NAMED_UNIT ( * ) SI_UNIT ( $, .STERADIAN. ) SOLID_ANGLE_UNIT ( ) );
#4536 = DIRECTION ( 'NONE',  ( 1.000000000000000000, -0.000000000000000000, 0.000000000000000000 ) ) ;
#4537 =( NAMED_UNIT ( * ) SI_UNIT ( $, .STERADIAN. ) SOLID_ANGLE_UNIT ( ) );
#4538 = DIRECTION ( 'NONE',  ( -1.000000000000000000, 0.000000000000000000, 0.000000000000000000 ) ) ;
#4539 =( NAMED_UNIT ( * ) PLANE_ANGLE_UNIT ( ) SI_UNIT ( $, .RADIAN. ) );
#4540 = ORIENTED_EDGE ( 'NONE', *, *, #1414, .T. ) ;
#4541 = SURFACE_SIDE_STYLE ('',( #1966 ) ) ;
#4542 = FILL_AREA_STYLE ('',( #3153 ) ) ;
#4543 = AXIS2_PLACEMENT_3D ( 'NONE', #282, #1704, #4489 ) ;
#4544 = EDGE_LOOP ( 'NONE', ( #1816, #500, #2723, #694 ) ) ;
#4545 =( NAMED_UNIT ( * ) PLANE_ANGLE_UNIT ( ) SI_UNIT ( $, .RADIAN. ) );
#4546 = ORIENTED_EDGE ( 'NONE', *, *, #4435, .T. ) ;
#4547 = DIRECTION ( 'NONE',  ( 0.000000000000000000, 0.000000000000000000, 1.000000000000000000 ) ) ;
#4548 = ORIENTED_EDGE ( 'NONE', *, *, #299, .F. ) ;
ENDSEC;
END-ISO-10303-21;
