ISO-10303-21;
HEADER;
/* Generated by software containing ST-Developer
 * from STEP Tools, Inc. (www.steptools.com) 
 */

FILE_DESCRIPTION(
/* description */ (''),
/* implementation_level */ '2;1');

FILE_NAME(
/* name */ 'LMR604403SRAKR.step',
/* time_stamp */ '2025-04-15T09:32:20+02:00',
/* author */ (''),
/* organization */ (''),
/* preprocessor_version */ 'ST-DEVELOPER v20.1',
/* originating_system */ 'Autodesk Translation Framework v14.4.0.0',
/* authorisation */ '');

FILE_SCHEMA (('AUTOMOTIVE_DESIGN { 1 0 10303 214 3 1 1 }'));
ENDSEC;

DATA;
#10=MECHANICAL_DESIGN_GEOMETRIC_PRESENTATION_REPRESENTATION('',(#13,#14,
#15,#16,#17,#18,#19,#20,#21,#22),#4552);
#11=SHAPE_REPRESENTATION_RELATIONSHIP('SRR','None',#4559,#12);
#12=ADVANCED_BREP_SHAPE_REPRESENTATION('',(#23,#24,#25,#26,#27,#28,#29,
#30,#31,#32),#4551);
#13=STYLED_ITEM('',(#4569),#23);
#14=STYLED_ITEM('',(#4570),#24);
#15=STYLED_ITEM('',(#4570),#25);
#16=STYLED_ITEM('',(#4570),#26);
#17=STYLED_ITEM('',(#4570),#27);
#18=STYLED_ITEM('',(#4570),#28);
#19=STYLED_ITEM('',(#4570),#29);
#20=STYLED_ITEM('',(#4570),#30);
#21=STYLED_ITEM('',(#4570),#31);
#22=STYLED_ITEM('',(#4570),#32);
#23=MANIFOLD_SOLID_BREP('Body1',#2579);
#24=MANIFOLD_SOLID_BREP('Body2',#2580);
#25=MANIFOLD_SOLID_BREP('Body4',#2581);
#26=MANIFOLD_SOLID_BREP('Body5',#2582);
#27=MANIFOLD_SOLID_BREP('Body3',#2583);
#28=MANIFOLD_SOLID_BREP('Body6',#2584);
#29=MANIFOLD_SOLID_BREP('Body7',#2585);
#30=MANIFOLD_SOLID_BREP('Body8',#2586);
#31=MANIFOLD_SOLID_BREP('Body9',#2587);
#32=MANIFOLD_SOLID_BREP('Body10',#2588);
#33=(
BOUNDED_CURVE()
B_SPLINE_CURVE(5,(#3850,#3851,#3852,#3853,#3854,#3855,#3856,#3857,#3858,
#3859,#3860,#3861,#3862,#3863,#3864,#3865,#3866,#3867,#3868,#3869,#3870,
#3871,#3872,#3873,#3874),.UNSPECIFIED.,.F.,.F.)
B_SPLINE_CURVE_WITH_KNOTS((6,1,1,1,1,1,1,1,1,1,1,1,1,1,1,1,1,1,1,1,6),(-1.,
-0.95,-0.9,-0.85,-0.8,-0.75,-0.7,-0.65,-0.6,-0.55,-0.5,-0.45,-0.4,-0.35,
-0.3,-0.25,-0.2,-0.15,-0.1,-0.05,0.),.UNSPECIFIED.)
CURVE()
GEOMETRIC_REPRESENTATION_ITEM()
RATIONAL_B_SPLINE_CURVE((1.,1.,1.,1.,1.,1.,1.,1.,1.,1.,1.,1.,1.,1.,1.,1.,
1.,1.,1.,1.,1.,1.,1.,1.,1.))
REPRESENTATION_ITEM('')
);
#34=(
BOUNDED_CURVE()
B_SPLINE_CURVE(5,(#3904,#3905,#3906,#3907,#3908,#3909,#3910,#3911,#3912,
#3913,#3914,#3915,#3916,#3917,#3918,#3919,#3920,#3921,#3922,#3923,#3924,
#3925,#3926,#3927,#3928),.UNSPECIFIED.,.F.,.F.)
B_SPLINE_CURVE_WITH_KNOTS((6,1,1,1,1,1,1,1,1,1,1,1,1,1,1,1,1,1,1,1,6),(0.,
0.05,0.1,0.15,0.2,0.25,0.3,0.35,0.4,0.45,0.5,0.55,0.6,0.65,0.7,0.75,0.8,
0.85,0.9,0.95,1.),.UNSPECIFIED.)
CURVE()
GEOMETRIC_REPRESENTATION_ITEM()
RATIONAL_B_SPLINE_CURVE((1.,1.,1.,1.,1.,1.,1.,1.,1.,1.,1.,1.,1.,1.,1.,1.,
1.,1.,1.,1.,1.,1.,1.,1.,1.))
REPRESENTATION_ITEM('')
);
#35=(
BOUNDED_CURVE()
B_SPLINE_CURVE(5,(#4026,#4027,#4028,#4029,#4030,#4031,#4032,#4033,#4034,
#4035,#4036,#4037,#4038,#4039,#4040,#4041,#4042,#4043,#4044,#4045,#4046,
#4047,#4048,#4049,#4050),.UNSPECIFIED.,.F.,.F.)
B_SPLINE_CURVE_WITH_KNOTS((6,1,1,1,1,1,1,1,1,1,1,1,1,1,1,1,1,1,1,1,6),(0.,
0.05,0.1,0.15,0.2,0.25,0.3,0.35,0.4,0.45,0.5,0.55,0.6,0.65,0.7,0.75,0.8,
0.85,0.9,0.95,1.),.UNSPECIFIED.)
CURVE()
GEOMETRIC_REPRESENTATION_ITEM()
RATIONAL_B_SPLINE_CURVE((1.,1.,1.,1.,1.,1.,1.,1.,1.,1.,1.,1.,1.,1.,1.,1.,
1.,1.,1.,1.,1.,1.,1.,1.,1.))
REPRESENTATION_ITEM('')
);
#36=(
BOUNDED_CURVE()
B_SPLINE_CURVE(5,(#4058,#4059,#4060,#4061,#4062,#4063,#4064,#4065,#4066,
#4067,#4068,#4069,#4070,#4071,#4072,#4073,#4074,#4075,#4076,#4077,#4078,
#4079,#4080,#4081,#4082),.UNSPECIFIED.,.F.,.F.)
B_SPLINE_CURVE_WITH_KNOTS((6,1,1,1,1,1,1,1,1,1,1,1,1,1,1,1,1,1,1,1,6),(-1.,
-0.95,-0.9,-0.85,-0.8,-0.75,-0.7,-0.65,-0.6,-0.55,-0.5,-0.45,-0.4,-0.35,
-0.3,-0.25,-0.2,-0.15,-0.1,-0.05,0.),.UNSPECIFIED.)
CURVE()
GEOMETRIC_REPRESENTATION_ITEM()
RATIONAL_B_SPLINE_CURVE((1.,1.,1.,1.,1.,1.,1.,1.,1.,1.,1.,1.,1.,1.,1.,1.,
1.,1.,1.,1.,1.,1.,1.,1.,1.))
REPRESENTATION_ITEM('')
);
#37=(
BOUNDED_CURVE()
B_SPLINE_CURVE(5,(#4149,#4150,#4151,#4152,#4153,#4154,#4155,#4156,#4157,
#4158,#4159,#4160,#4161,#4162,#4163,#4164,#4165,#4166,#4167,#4168,#4169,
#4170,#4171,#4172,#4173),.UNSPECIFIED.,.F.,.F.)
B_SPLINE_CURVE_WITH_KNOTS((6,1,1,1,1,1,1,1,1,1,1,1,1,1,1,1,1,1,1,1,6),(-1.,
-0.95,-0.9,-0.85,-0.8,-0.75,-0.7,-0.65,-0.6,-0.55,-0.5,-0.45,-0.4,-0.35,
-0.3,-0.25,-0.2,-0.15,-0.1,-0.05,0.),.UNSPECIFIED.)
CURVE()
GEOMETRIC_REPRESENTATION_ITEM()
RATIONAL_B_SPLINE_CURVE((1.,1.,1.,1.,1.,1.,1.,1.,1.,1.,1.,1.,1.,1.,1.,1.,
1.,1.,1.,1.,1.,1.,1.,1.,1.))
REPRESENTATION_ITEM('')
);
#38=(
BOUNDED_CURVE()
B_SPLINE_CURVE(5,(#4238,#4239,#4240,#4241,#4242,#4243,#4244,#4245,#4246,
#4247,#4248,#4249,#4250,#4251,#4252,#4253,#4254,#4255,#4256,#4257,#4258,
#4259,#4260,#4261,#4262),.UNSPECIFIED.,.F.,.F.)
B_SPLINE_CURVE_WITH_KNOTS((6,1,1,1,1,1,1,1,1,1,1,1,1,1,1,1,1,1,1,1,6),(0.,
0.05,0.1,0.15,0.2,0.25,0.3,0.35,0.4,0.45,0.5,0.55,0.6,0.65,0.7,0.75,0.8,
0.85,0.9,0.95,1.),.UNSPECIFIED.)
CURVE()
GEOMETRIC_REPRESENTATION_ITEM()
RATIONAL_B_SPLINE_CURVE((1.,1.,1.,1.,1.,1.,1.,1.,1.,1.,1.,1.,1.,1.,1.,1.,
1.,1.,1.,1.,1.,1.,1.,1.,1.))
REPRESENTATION_ITEM('')
);
#39=(
BOUNDED_SURFACE()
B_SPLINE_SURFACE(5,1,((#3752,#3753),(#3754,#3755),(#3756,#3757),(#3758,
#3759),(#3760,#3761),(#3762,#3763),(#3764,#3765),(#3766,#3767),(#3768,#3769),
(#3770,#3771),(#3772,#3773),(#3774,#3775),(#3776,#3777),(#3778,#3779),(#3780,
#3781),(#3782,#3783),(#3784,#3785),(#3786,#3787),(#3788,#3789),(#3790,#3791),
(#3792,#3793),(#3794,#3795),(#3796,#3797),(#3798,#3799),(#3800,#3801)),
 .UNSPECIFIED.,.F.,.F.,.F.)
B_SPLINE_SURFACE_WITH_KNOTS((6,1,1,1,1,1,1,1,1,1,1,1,1,1,1,1,1,1,1,1,6),
(2,2),(0.,0.05,0.1,0.15,0.2,0.25,0.3,0.35,0.4,0.45,0.5,0.55,0.6,0.65,0.7,
0.75,0.8,0.85,0.9,0.95,1.),(-0.0127,0.0025),.UNSPECIFIED.)
GEOMETRIC_REPRESENTATION_ITEM()
RATIONAL_B_SPLINE_SURFACE(((1.,1.),(1.,1.),(1.,1.),(1.,1.),(1.,1.),(1.,
1.),(1.,1.),(1.,1.),(1.,1.),(1.,1.),(1.,1.),(1.,1.),(1.,1.),(1.,1.),(1.,
1.),(1.,1.),(1.,1.),(1.,1.),(1.,1.),(1.,1.),(1.,1.),(1.,1.),(1.,1.),(1.,
1.),(1.,1.)))
REPRESENTATION_ITEM('')
SURFACE()
);
#40=(
BOUNDED_SURFACE()
B_SPLINE_SURFACE(5,1,((#3937,#3938),(#3939,#3940),(#3941,#3942),(#3943,
#3944),(#3945,#3946),(#3947,#3948),(#3949,#3950),(#3951,#3952),(#3953,#3954),
(#3955,#3956),(#3957,#3958),(#3959,#3960),(#3961,#3962),(#3963,#3964),(#3965,
#3966),(#3967,#3968),(#3969,#3970),(#3971,#3972),(#3973,#3974),(#3975,#3976),
(#3977,#3978),(#3979,#3980),(#3981,#3982),(#3983,#3984),(#3985,#3986)),
 .UNSPECIFIED.,.F.,.F.,.F.)
B_SPLINE_SURFACE_WITH_KNOTS((6,1,1,1,1,1,1,1,1,1,1,1,1,1,1,1,1,1,1,1,6),
(2,2),(-1.,-0.95,-0.9,-0.85,-0.8,-0.75,-0.7,-0.65,-0.6,-0.55,-0.5,-0.45,
-0.4,-0.35,-0.3,-0.25,-0.2,-0.15,-0.1,-0.05,0.),(-0.0127,0.0025),
 .UNSPECIFIED.)
GEOMETRIC_REPRESENTATION_ITEM()
RATIONAL_B_SPLINE_SURFACE(((1.,1.),(1.,1.),(1.,1.),(1.,1.),(1.,1.),(1.,
1.),(1.,1.),(1.,1.),(1.,1.),(1.,1.),(1.,1.),(1.,1.),(1.,1.),(1.,1.),(1.,
1.),(1.,1.),(1.,1.),(1.,1.),(1.,1.),(1.,1.),(1.,1.),(1.,1.),(1.,1.),(1.,
1.),(1.,1.)))
REPRESENTATION_ITEM('')
SURFACE()
);
#41=(
BOUNDED_SURFACE()
B_SPLINE_SURFACE(5,1,((#4098,#4099),(#4100,#4101),(#4102,#4103),(#4104,
#4105),(#4106,#4107),(#4108,#4109),(#4110,#4111),(#4112,#4113),(#4114,#4115),
(#4116,#4117),(#4118,#4119),(#4120,#4121),(#4122,#4123),(#4124,#4125),(#4126,
#4127),(#4128,#4129),(#4130,#4131),(#4132,#4133),(#4134,#4135),(#4136,#4137),
(#4138,#4139),(#4140,#4141),(#4142,#4143),(#4144,#4145),(#4146,#4147)),
 .UNSPECIFIED.,.F.,.F.,.F.)
B_SPLINE_SURFACE_WITH_KNOTS((6,1,1,1,1,1,1,1,1,1,1,1,1,1,1,1,1,1,1,1,6),
(2,2),(-1.,-0.95,-0.9,-0.85,-0.8,-0.75,-0.7,-0.65,-0.6,-0.55,-0.5,-0.45,
-0.4,-0.35,-0.3,-0.25,-0.2,-0.15,-0.1,-0.05,0.),(-0.0127,0.0025),
 .UNSPECIFIED.)
GEOMETRIC_REPRESENTATION_ITEM()
RATIONAL_B_SPLINE_SURFACE(((1.,1.),(1.,1.),(1.,1.),(1.,1.),(1.,1.),(1.,
1.),(1.,1.),(1.,1.),(1.,1.),(1.,1.),(1.,1.),(1.,1.),(1.,1.),(1.,1.),(1.,
1.),(1.,1.),(1.,1.),(1.,1.),(1.,1.),(1.,1.),(1.,1.),(1.,1.),(1.,1.),(1.,
1.),(1.,1.)))
REPRESENTATION_ITEM('')
SURFACE()
);
#42=(
BOUNDED_SURFACE()
B_SPLINE_SURFACE(5,1,((#4187,#4188),(#4189,#4190),(#4191,#4192),(#4193,
#4194),(#4195,#4196),(#4197,#4198),(#4199,#4200),(#4201,#4202),(#4203,#4204),
(#4205,#4206),(#4207,#4208),(#4209,#4210),(#4211,#4212),(#4213,#4214),(#4215,
#4216),(#4217,#4218),(#4219,#4220),(#4221,#4222),(#4223,#4224),(#4225,#4226),
(#4227,#4228),(#4229,#4230),(#4231,#4232),(#4233,#4234),(#4235,#4236)),
 .UNSPECIFIED.,.F.,.F.,.F.)
B_SPLINE_SURFACE_WITH_KNOTS((6,1,1,1,1,1,1,1,1,1,1,1,1,1,1,1,1,1,1,1,6),
(2,2),(0.,0.05,0.1,0.15,0.2,0.25,0.3,0.35,0.4,0.45,0.5,0.55,0.6,0.65,0.7,
0.75,0.8,0.85,0.9,0.95,1.),(-0.0127,0.0025),.UNSPECIFIED.)
GEOMETRIC_REPRESENTATION_ITEM()
RATIONAL_B_SPLINE_SURFACE(((1.,1.),(1.,1.),(1.,1.),(1.,1.),(1.,1.),(1.,
1.),(1.,1.),(1.,1.),(1.,1.),(1.,1.),(1.,1.),(1.,1.),(1.,1.),(1.,1.),(1.,
1.),(1.,1.),(1.,1.),(1.,1.),(1.,1.),(1.,1.),(1.,1.),(1.,1.),(1.,1.),(1.,
1.),(1.,1.)))
REPRESENTATION_ITEM('')
SURFACE()
);
#43=B_SPLINE_CURVE_WITH_KNOTS('',3,(#3570,#3571,#3572,#3573,#3574,#3575,
#3576,#3577,#3578,#3579,#3580,#3581,#3582,#3583,#3584,#3585,#3586,#3587,
#3588,#3589,#3590,#3591,#3592,#3593,#3594,#3595,#3596,#3597,#3598,#3599,
#3600,#3601,#3602,#3603,#3604,#3605,#3606,#3607,#3608,#3609,#3610,#3611,
#3612),.UNSPECIFIED.,.F.,.F.,(4,3,3,3,3,3,3,3,3,3,3,3,3,3,4),(0.,0.00167708150528719,
0.00308611752238366,0.00438841289199155,0.00591547876107756,0.00732244189093726,
0.0084331772478575,0.00946703681336383,0.0106031779036426,0.0121236229431724,
0.0134533918971783,0.0146322355731198,0.0159635436466773,0.0175132538021254,
0.0184670196200424),.UNSPECIFIED.);
#44=B_SPLINE_CURVE_WITH_KNOTS('',3,(#3804,#3805,#3806,#3807,#3808,#3809,
#3810,#3811,#3812,#3813,#3814,#3815,#3816,#3817,#3818,#3819,#3820,#3821,
#3822,#3823,#3824,#3825,#3826,#3827,#3828,#3829,#3830,#3831,#3832,#3833,
#3834,#3835,#3836,#3837,#3838,#3839,#3840,#3841,#3842,#3843,#3844,#3845,
#3846),.UNSPECIFIED.,.F.,.F.,(4,3,3,3,3,3,3,3,3,3,3,3,3,3,4),(0.,0.00297835276717287,
0.00532827947539717,0.00743819517411864,0.00959916754625393,0.0124257879447447,
0.0145926541282718,0.0164249413251833,0.0182755507192719,0.0204227614746441,
0.0233701037895281,0.025669819669625,0.0281110193183094,0.031026382314181,
0.0322121307341802),.UNSPECIFIED.);
#45=PLANE('',#2630);
#46=PLANE('',#2631);
#47=PLANE('',#2632);
#48=PLANE('',#2633);
#49=PLANE('',#2634);
#50=PLANE('',#2635);
#51=PLANE('',#2636);
#52=PLANE('',#2637);
#53=PLANE('',#2638);
#54=PLANE('',#2639);
#55=PLANE('',#2640);
#56=PLANE('',#2641);
#57=PLANE('',#2642);
#58=PLANE('',#2643);
#59=PLANE('',#2644);
#60=PLANE('',#2645);
#61=PLANE('',#2646);
#62=PLANE('',#2647);
#63=PLANE('',#2648);
#64=PLANE('',#2649);
#65=PLANE('',#2650);
#66=PLANE('',#2651);
#67=PLANE('',#2652);
#68=PLANE('',#2653);
#69=PLANE('',#2654);
#70=PLANE('',#2655);
#71=PLANE('',#2656);
#72=PLANE('',#2657);
#73=PLANE('',#2658);
#74=PLANE('',#2659);
#75=PLANE('',#2660);
#76=PLANE('',#2661);
#77=PLANE('',#2662);
#78=PLANE('',#2663);
#79=PLANE('',#2664);
#80=PLANE('',#2665);
#81=PLANE('',#2666);
#82=PLANE('',#2667);
#83=PLANE('',#2668);
#84=PLANE('',#2669);
#85=PLANE('',#2670);
#86=PLANE('',#2671);
#87=PLANE('',#2672);
#88=PLANE('',#2673);
#89=PLANE('',#2674);
#90=PLANE('',#2675);
#91=PLANE('',#2676);
#92=PLANE('',#2677);
#93=PLANE('',#2678);
#94=PLANE('',#2679);
#95=PLANE('',#2680);
#96=PLANE('',#2681);
#97=PLANE('',#2682);
#98=PLANE('',#2683);
#99=PLANE('',#2684);
#100=PLANE('',#2685);
#101=PLANE('',#2686);
#102=PLANE('',#2687);
#103=PLANE('',#2688);
#104=PLANE('',#2689);
#105=PLANE('',#2690);
#106=PLANE('',#2691);
#107=PLANE('',#2692);
#108=PLANE('',#2693);
#109=PLANE('',#2694);
#110=PLANE('',#2695);
#111=PLANE('',#2696);
#112=PLANE('',#2697);
#113=PLANE('',#2698);
#114=PLANE('',#2699);
#115=PLANE('',#2700);
#116=PLANE('',#2701);
#117=PLANE('',#2702);
#118=PLANE('',#2703);
#119=PLANE('',#2704);
#120=PLANE('',#2705);
#121=PLANE('',#2706);
#122=PLANE('',#2707);
#123=PLANE('',#2708);
#124=PLANE('',#2709);
#125=PLANE('',#2710);
#126=PLANE('',#2711);
#127=PLANE('',#2712);
#128=PLANE('',#2713);
#129=PLANE('',#2714);
#130=PLANE('',#2715);
#131=PLANE('',#2716);
#132=PLANE('',#2717);
#133=PLANE('',#2718);
#134=PLANE('',#2719);
#135=PLANE('',#2720);
#136=PLANE('',#2721);
#137=PLANE('',#2722);
#138=PLANE('',#2723);
#139=PLANE('',#2724);
#140=PLANE('',#2725);
#141=PLANE('',#2726);
#142=PLANE('',#2727);
#143=PLANE('',#2728);
#144=PLANE('',#2729);
#145=PLANE('',#2730);
#146=PLANE('',#2731);
#147=PLANE('',#2732);
#148=PLANE('',#2733);
#149=PLANE('',#2734);
#150=PLANE('',#2735);
#151=PLANE('',#2736);
#152=PLANE('',#2737);
#153=PLANE('',#2738);
#154=PLANE('',#2739);
#155=PLANE('',#2740);
#156=PLANE('',#2741);
#157=PLANE('',#2742);
#158=PLANE('',#2743);
#159=PLANE('',#2744);
#160=PLANE('',#2745);
#161=PLANE('',#2746);
#162=PLANE('',#2747);
#163=PLANE('',#2748);
#164=PLANE('',#2749);
#165=PLANE('',#2750);
#166=PLANE('',#2751);
#167=PLANE('',#2752);
#168=PLANE('',#2753);
#169=PLANE('',#2754);
#170=PLANE('',#2755);
#171=LINE('',#3408,#501);
#172=LINE('',#3409,#502);
#173=LINE('',#3421,#503);
#174=LINE('',#3422,#504);
#175=LINE('',#3424,#505);
#176=LINE('',#3425,#506);
#177=LINE('',#3437,#507);
#178=LINE('',#3438,#508);
#179=LINE('',#3450,#509);
#180=LINE('',#3451,#510);
#181=LINE('',#3453,#511);
#182=LINE('',#3454,#512);
#183=LINE('',#3456,#513);
#184=LINE('',#3457,#514);
#185=LINE('',#3459,#515);
#186=LINE('',#3460,#516);
#187=LINE('',#3463,#517);
#188=LINE('',#3465,#518);
#189=LINE('',#3467,#519);
#190=LINE('',#3468,#520);
#191=LINE('',#3471,#521);
#192=LINE('',#3473,#522);
#193=LINE('',#3475,#523);
#194=LINE('',#3477,#524);
#195=LINE('',#3479,#525);
#196=LINE('',#3481,#526);
#197=LINE('',#3483,#527);
#198=LINE('',#3485,#528);
#199=LINE('',#3487,#529);
#200=LINE('',#3489,#530);
#201=LINE('',#3491,#531);
#202=LINE('',#3493,#532);
#203=LINE('',#3495,#533);
#204=LINE('',#3497,#534);
#205=LINE('',#3499,#535);
#206=LINE('',#3501,#536);
#207=LINE('',#3503,#537);
#208=LINE('',#3505,#538);
#209=LINE('',#3507,#539);
#210=LINE('',#3508,#540);
#211=LINE('',#3511,#541);
#212=LINE('',#3513,#542);
#213=LINE('',#3514,#543);
#214=LINE('',#3517,#544);
#215=LINE('',#3519,#545);
#216=LINE('',#3521,#546);
#217=LINE('',#3523,#547);
#218=LINE('',#3525,#548);
#219=LINE('',#3527,#549);
#220=LINE('',#3529,#550);
#221=LINE('',#3531,#551);
#222=LINE('',#3533,#552);
#223=LINE('',#3535,#553);
#224=LINE('',#3537,#554);
#225=LINE('',#3538,#555);
#226=LINE('',#3543,#556);
#227=LINE('',#3545,#557);
#228=LINE('',#3547,#558);
#229=LINE('',#3548,#559);
#230=LINE('',#3550,#560);
#231=LINE('',#3551,#561);
#232=LINE('',#3553,#562);
#233=LINE('',#3555,#563);
#234=LINE('',#3558,#564);
#235=LINE('',#3560,#565);
#236=LINE('',#3562,#566);
#237=LINE('',#3564,#567);
#238=LINE('',#3566,#568);
#239=LINE('',#3568,#569);
#240=LINE('',#3613,#570);
#241=LINE('',#3615,#571);
#242=LINE('',#3617,#572);
#243=LINE('',#3618,#573);
#244=LINE('',#3620,#574);
#245=LINE('',#3621,#575);
#246=LINE('',#3624,#576);
#247=LINE('',#3626,#577);
#248=LINE('',#3627,#578);
#249=LINE('',#3630,#579);
#250=LINE('',#3631,#580);
#251=LINE('',#3635,#581);
#252=LINE('',#3636,#582);
#253=LINE('',#3637,#583);
#254=LINE('',#3640,#584);
#255=LINE('',#3641,#585);
#256=LINE('',#3643,#586);
#257=LINE('',#3645,#587);
#258=LINE('',#3649,#588);
#259=LINE('',#3651,#589);
#260=LINE('',#3653,#590);
#261=LINE('',#3654,#591);
#262=LINE('',#3657,#592);
#263=LINE('',#3659,#593);
#264=LINE('',#3661,#594);
#265=LINE('',#3663,#595);
#266=LINE('',#3665,#596);
#267=LINE('',#3666,#597);
#268=LINE('',#3669,#598);
#269=LINE('',#3671,#599);
#270=LINE('',#3672,#600);
#271=LINE('',#3675,#601);
#272=LINE('',#3676,#602);
#273=LINE('',#3679,#603);
#274=LINE('',#3680,#604);
#275=LINE('',#3683,#605);
#276=LINE('',#3684,#606);
#277=LINE('',#3687,#607);
#278=LINE('',#3689,#608);
#279=LINE('',#3691,#609);
#280=LINE('',#3693,#610);
#281=LINE('',#3695,#611);
#282=LINE('',#3697,#612);
#283=LINE('',#3699,#613);
#284=LINE('',#3700,#614);
#285=LINE('',#3701,#615);
#286=LINE('',#3703,#616);
#287=LINE('',#3706,#617);
#288=LINE('',#3708,#618);
#289=LINE('',#3709,#619);
#290=LINE('',#3712,#620);
#291=LINE('',#3713,#621);
#292=LINE('',#3716,#622);
#293=LINE('',#3717,#623);
#294=LINE('',#3719,#624);
#295=LINE('',#3722,#625);
#296=LINE('',#3723,#626);
#297=LINE('',#3725,#627);
#298=LINE('',#3728,#628);
#299=LINE('',#3729,#629);
#300=LINE('',#3732,#630);
#301=LINE('',#3733,#631);
#302=LINE('',#3735,#632);
#303=LINE('',#3738,#633);
#304=LINE('',#3740,#634);
#305=LINE('',#3741,#635);
#306=LINE('',#3744,#636);
#307=LINE('',#3745,#637);
#308=LINE('',#3748,#638);
#309=LINE('',#3749,#639);
#310=LINE('',#3751,#640);
#311=LINE('',#3848,#641);
#312=LINE('',#3875,#642);
#313=LINE('',#3878,#643);
#314=LINE('',#3880,#644);
#315=LINE('',#3881,#645);
#316=LINE('',#3884,#646);
#317=LINE('',#3886,#647);
#318=LINE('',#3887,#648);
#319=LINE('',#3890,#649);
#320=LINE('',#3892,#650);
#321=LINE('',#3893,#651);
#322=LINE('',#3896,#652);
#323=LINE('',#3898,#653);
#324=LINE('',#3899,#654);
#325=LINE('',#3902,#655);
#326=LINE('',#3930,#656);
#327=LINE('',#3931,#657);
#328=LINE('',#3932,#658);
#329=LINE('',#3933,#659);
#330=LINE('',#3935,#660);
#331=LINE('',#3936,#661);
#332=LINE('',#3987,#662);
#333=LINE('',#3990,#663);
#334=LINE('',#3993,#664);
#335=LINE('',#3997,#665);
#336=LINE('',#3999,#666);
#337=LINE('',#4000,#667);
#338=LINE('',#4002,#668);
#339=LINE('',#4004,#669);
#340=LINE('',#4008,#670);
#341=LINE('',#4009,#671);
#342=LINE('',#4011,#672);
#343=LINE('',#4014,#673);
#344=LINE('',#4015,#674);
#345=LINE('',#4017,#675);
#346=LINE('',#4022,#676);
#347=LINE('',#4024,#677);
#348=LINE('',#4052,#678);
#349=LINE('',#4054,#679);
#350=LINE('',#4056,#680);
#351=LINE('',#4084,#681);
#352=LINE('',#4086,#682);
#353=LINE('',#4088,#683);
#354=LINE('',#4090,#684);
#355=LINE('',#4091,#685);
#356=LINE('',#4094,#686);
#357=LINE('',#4096,#687);
#358=LINE('',#4097,#688);
#359=LINE('',#4174,#689);
#360=LINE('',#4177,#690);
#361=LINE('',#4178,#691);
#362=LINE('',#4181,#692);
#363=LINE('',#4182,#693);
#364=LINE('',#4185,#694);
#365=LINE('',#4186,#695);
#366=LINE('',#4263,#696);
#367=LINE('',#4266,#697);
#368=LINE('',#4267,#698);
#369=LINE('',#4270,#699);
#370=LINE('',#4271,#700);
#371=LINE('',#4274,#701);
#372=LINE('',#4275,#702);
#373=LINE('',#4278,#703);
#374=LINE('',#4279,#704);
#375=LINE('',#4282,#705);
#376=LINE('',#4283,#706);
#377=LINE('',#4285,#707);
#378=LINE('',#4290,#708);
#379=LINE('',#4292,#709);
#380=LINE('',#4294,#710);
#381=LINE('',#4295,#711);
#382=LINE('',#4298,#712);
#383=LINE('',#4300,#713);
#384=LINE('',#4301,#714);
#385=LINE('',#4304,#715);
#386=LINE('',#4305,#716);
#387=LINE('',#4308,#717);
#388=LINE('',#4309,#718);
#389=LINE('',#4311,#719);
#390=LINE('',#4316,#720);
#391=LINE('',#4318,#721);
#392=LINE('',#4320,#722);
#393=LINE('',#4321,#723);
#394=LINE('',#4324,#724);
#395=LINE('',#4326,#725);
#396=LINE('',#4327,#726);
#397=LINE('',#4330,#727);
#398=LINE('',#4331,#728);
#399=LINE('',#4334,#729);
#400=LINE('',#4335,#730);
#401=LINE('',#4337,#731);
#402=LINE('',#4342,#732);
#403=LINE('',#4344,#733);
#404=LINE('',#4346,#734);
#405=LINE('',#4347,#735);
#406=LINE('',#4350,#736);
#407=LINE('',#4352,#737);
#408=LINE('',#4353,#738);
#409=LINE('',#4356,#739);
#410=LINE('',#4357,#740);
#411=LINE('',#4360,#741);
#412=LINE('',#4361,#742);
#413=LINE('',#4363,#743);
#414=LINE('',#4368,#744);
#415=LINE('',#4370,#745);
#416=LINE('',#4372,#746);
#417=LINE('',#4373,#747);
#418=LINE('',#4376,#748);
#419=LINE('',#4378,#749);
#420=LINE('',#4379,#750);
#421=LINE('',#4382,#751);
#422=LINE('',#4383,#752);
#423=LINE('',#4386,#753);
#424=LINE('',#4387,#754);
#425=LINE('',#4389,#755);
#426=LINE('',#4394,#756);
#427=LINE('',#4396,#757);
#428=LINE('',#4398,#758);
#429=LINE('',#4400,#759);
#430=LINE('',#4402,#760);
#431=LINE('',#4403,#761);
#432=LINE('',#4406,#762);
#433=LINE('',#4408,#763);
#434=LINE('',#4409,#764);
#435=LINE('',#4412,#765);
#436=LINE('',#4413,#766);
#437=LINE('',#4416,#767);
#438=LINE('',#4417,#768);
#439=LINE('',#4420,#769);
#440=LINE('',#4421,#770);
#441=LINE('',#4424,#771);
#442=LINE('',#4425,#772);
#443=LINE('',#4427,#773);
#444=LINE('',#4432,#774);
#445=LINE('',#4434,#775);
#446=LINE('',#4436,#776);
#447=LINE('',#4438,#777);
#448=LINE('',#4440,#778);
#449=LINE('',#4441,#779);
#450=LINE('',#4444,#780);
#451=LINE('',#4446,#781);
#452=LINE('',#4447,#782);
#453=LINE('',#4450,#783);
#454=LINE('',#4451,#784);
#455=LINE('',#4454,#785);
#456=LINE('',#4455,#786);
#457=LINE('',#4458,#787);
#458=LINE('',#4459,#788);
#459=LINE('',#4462,#789);
#460=LINE('',#4463,#790);
#461=LINE('',#4465,#791);
#462=LINE('',#4470,#792);
#463=LINE('',#4472,#793);
#464=LINE('',#4474,#794);
#465=LINE('',#4476,#795);
#466=LINE('',#4478,#796);
#467=LINE('',#4479,#797);
#468=LINE('',#4482,#798);
#469=LINE('',#4484,#799);
#470=LINE('',#4485,#800);
#471=LINE('',#4488,#801);
#472=LINE('',#4489,#802);
#473=LINE('',#4492,#803);
#474=LINE('',#4493,#804);
#475=LINE('',#4496,#805);
#476=LINE('',#4497,#806);
#477=LINE('',#4500,#807);
#478=LINE('',#4501,#808);
#479=LINE('',#4503,#809);
#480=LINE('',#4508,#810);
#481=LINE('',#4510,#811);
#482=LINE('',#4512,#812);
#483=LINE('',#4514,#813);
#484=LINE('',#4516,#814);
#485=LINE('',#4518,#815);
#486=LINE('',#4519,#816);
#487=LINE('',#4523,#817);
#488=LINE('',#4524,#818);
#489=LINE('',#4525,#819);
#490=LINE('',#4528,#820);
#491=LINE('',#4530,#821);
#492=LINE('',#4532,#822);
#493=LINE('',#4534,#823);
#494=LINE('',#4536,#824);
#495=LINE('',#4537,#825);
#496=LINE('',#4539,#826);
#497=LINE('',#4541,#827);
#498=LINE('',#4543,#828);
#499=LINE('',#4545,#829);
#500=LINE('',#4547,#830);
#501=VECTOR('',#2770,10.);
#502=VECTOR('',#2771,10.);
#503=VECTOR('',#2784,10.);
#504=VECTOR('',#2785,10.);
#505=VECTOR('',#2788,10.);
#506=VECTOR('',#2789,10.);
#507=VECTOR('',#2802,10.);
#508=VECTOR('',#2803,10.);
#509=VECTOR('',#2816,10.);
#510=VECTOR('',#2817,10.);
#511=VECTOR('',#2820,10.);
#512=VECTOR('',#2821,10.);
#513=VECTOR('',#2824,10.);
#514=VECTOR('',#2825,10.);
#515=VECTOR('',#2828,10.);
#516=VECTOR('',#2829,10.);
#517=VECTOR('',#2832,10.);
#518=VECTOR('',#2833,10.);
#519=VECTOR('',#2834,10.);
#520=VECTOR('',#2835,10.);
#521=VECTOR('',#2838,10.);
#522=VECTOR('',#2839,10.);
#523=VECTOR('',#2840,10.);
#524=VECTOR('',#2841,10.);
#525=VECTOR('',#2842,10.);
#526=VECTOR('',#2843,10.);
#527=VECTOR('',#2844,10.);
#528=VECTOR('',#2845,10.);
#529=VECTOR('',#2846,10.);
#530=VECTOR('',#2847,10.);
#531=VECTOR('',#2848,10.);
#532=VECTOR('',#2849,10.);
#533=VECTOR('',#2850,10.);
#534=VECTOR('',#2851,10.);
#535=VECTOR('',#2852,10.);
#536=VECTOR('',#2853,10.);
#537=VECTOR('',#2854,10.);
#538=VECTOR('',#2855,10.);
#539=VECTOR('',#2856,10.);
#540=VECTOR('',#2857,10.);
#541=VECTOR('',#2860,10.);
#542=VECTOR('',#2861,10.);
#543=VECTOR('',#2862,10.);
#544=VECTOR('',#2865,10.);
#545=VECTOR('',#2866,10.);
#546=VECTOR('',#2867,10.);
#547=VECTOR('',#2868,10.);
#548=VECTOR('',#2869,10.);
#549=VECTOR('',#2870,10.);
#550=VECTOR('',#2871,10.);
#551=VECTOR('',#2872,10.);
#552=VECTOR('',#2873,10.);
#553=VECTOR('',#2874,10.);
#554=VECTOR('',#2875,10.);
#555=VECTOR('',#2876,10.);
#556=VECTOR('',#2881,10.);
#557=VECTOR('',#2882,10.);
#558=VECTOR('',#2883,10.);
#559=VECTOR('',#2884,10.);
#560=VECTOR('',#2887,10.);
#561=VECTOR('',#2888,10.);
#562=VECTOR('',#2891,10.);
#563=VECTOR('',#2894,10.);
#564=VECTOR('',#2897,10.);
#565=VECTOR('',#2898,10.);
#566=VECTOR('',#2899,10.);
#567=VECTOR('',#2900,10.);
#568=VECTOR('',#2901,10.);
#569=VECTOR('',#2902,10.);
#570=VECTOR('',#2903,10.);
#571=VECTOR('',#2904,10.);
#572=VECTOR('',#2905,10.);
#573=VECTOR('',#2906,10.);
#574=VECTOR('',#2907,10.);
#575=VECTOR('',#2908,10.);
#576=VECTOR('',#2911,10.);
#577=VECTOR('',#2912,10.);
#578=VECTOR('',#2913,10.);
#579=VECTOR('',#2916,10.);
#580=VECTOR('',#2917,10.);
#581=VECTOR('',#2920,10.);
#582=VECTOR('',#2921,10.);
#583=VECTOR('',#2922,10.);
#584=VECTOR('',#2925,10.);
#585=VECTOR('',#2926,10.);
#586=VECTOR('',#2929,10.);
#587=VECTOR('',#2932,10.);
#588=VECTOR('',#2935,10.);
#589=VECTOR('',#2936,10.);
#590=VECTOR('',#2937,10.);
#591=VECTOR('',#2938,10.);
#592=VECTOR('',#2941,10.);
#593=VECTOR('',#2942,10.);
#594=VECTOR('',#2943,10.);
#595=VECTOR('',#2944,10.);
#596=VECTOR('',#2945,10.);
#597=VECTOR('',#2946,10.);
#598=VECTOR('',#2949,10.);
#599=VECTOR('',#2950,10.);
#600=VECTOR('',#2951,10.);
#601=VECTOR('',#2954,10.);
#602=VECTOR('',#2955,10.);
#603=VECTOR('',#2958,10.);
#604=VECTOR('',#2959,10.);
#605=VECTOR('',#2962,10.);
#606=VECTOR('',#2963,10.);
#607=VECTOR('',#2966,10.);
#608=VECTOR('',#2967,10.);
#609=VECTOR('',#2968,10.);
#610=VECTOR('',#2969,10.);
#611=VECTOR('',#2970,10.);
#612=VECTOR('',#2971,10.);
#613=VECTOR('',#2972,10.);
#614=VECTOR('',#2973,10.);
#615=VECTOR('',#2974,10.);
#616=VECTOR('',#2977,10.);
#617=VECTOR('',#2980,10.);
#618=VECTOR('',#2981,10.);
#619=VECTOR('',#2982,10.);
#620=VECTOR('',#2985,10.);
#621=VECTOR('',#2986,10.);
#622=VECTOR('',#2989,10.);
#623=VECTOR('',#2990,10.);
#624=VECTOR('',#2993,10.);
#625=VECTOR('',#2996,10.);
#626=VECTOR('',#2997,10.);
#627=VECTOR('',#3000,10.);
#628=VECTOR('',#3003,10.);
#629=VECTOR('',#3004,10.);
#630=VECTOR('',#3007,10.);
#631=VECTOR('',#3008,10.);
#632=VECTOR('',#3011,10.);
#633=VECTOR('',#3014,10.);
#634=VECTOR('',#3015,10.);
#635=VECTOR('',#3016,10.);
#636=VECTOR('',#3019,10.);
#637=VECTOR('',#3020,10.);
#638=VECTOR('',#3023,10.);
#639=VECTOR('',#3024,10.);
#640=VECTOR('',#3027,10.);
#641=VECTOR('',#3028,10.);
#642=VECTOR('',#3029,10.);
#643=VECTOR('',#3032,10.);
#644=VECTOR('',#3033,10.);
#645=VECTOR('',#3034,10.);
#646=VECTOR('',#3037,10.);
#647=VECTOR('',#3038,10.);
#648=VECTOR('',#3039,10.);
#649=VECTOR('',#3042,10.);
#650=VECTOR('',#3043,10.);
#651=VECTOR('',#3044,10.);
#652=VECTOR('',#3047,10.);
#653=VECTOR('',#3048,10.);
#654=VECTOR('',#3049,10.);
#655=VECTOR('',#3052,10.);
#656=VECTOR('',#3053,10.);
#657=VECTOR('',#3054,10.);
#658=VECTOR('',#3055,10.);
#659=VECTOR('',#3056,10.);
#660=VECTOR('',#3059,10.);
#661=VECTOR('',#3060,10.);
#662=VECTOR('',#3061,10.);
#663=VECTOR('',#3066,10.);
#664=VECTOR('',#3071,10.);
#665=VECTOR('',#3076,10.);
#666=VECTOR('',#3077,10.);
#667=VECTOR('',#3078,10.);
#668=VECTOR('',#3081,10.);
#669=VECTOR('',#3084,10.);
#670=VECTOR('',#3089,10.);
#671=VECTOR('',#3090,10.);
#672=VECTOR('',#3093,10.);
#673=VECTOR('',#3096,10.);
#674=VECTOR('',#3097,10.);
#675=VECTOR('',#3100,10.);
#676=VECTOR('',#3105,10.);
#677=VECTOR('',#3106,10.);
#678=VECTOR('',#3107,10.);
#679=VECTOR('',#3108,10.);
#680=VECTOR('',#3109,10.);
#681=VECTOR('',#3110,10.);
#682=VECTOR('',#3111,10.);
#683=VECTOR('',#3112,10.);
#684=VECTOR('',#3113,10.);
#685=VECTOR('',#3114,10.);
#686=VECTOR('',#3117,10.);
#687=VECTOR('',#3118,10.);
#688=VECTOR('',#3119,10.);
#689=VECTOR('',#3120,10.);
#690=VECTOR('',#3123,10.);
#691=VECTOR('',#3124,10.);
#692=VECTOR('',#3127,10.);
#693=VECTOR('',#3128,10.);
#694=VECTOR('',#3131,10.);
#695=VECTOR('',#3132,10.);
#696=VECTOR('',#3133,10.);
#697=VECTOR('',#3136,10.);
#698=VECTOR('',#3137,10.);
#699=VECTOR('',#3140,10.);
#700=VECTOR('',#3141,10.);
#701=VECTOR('',#3144,10.);
#702=VECTOR('',#3145,10.);
#703=VECTOR('',#3148,10.);
#704=VECTOR('',#3149,10.);
#705=VECTOR('',#3152,10.);
#706=VECTOR('',#3153,10.);
#707=VECTOR('',#3156,10.);
#708=VECTOR('',#3161,10.);
#709=VECTOR('',#3162,10.);
#710=VECTOR('',#3163,10.);
#711=VECTOR('',#3164,10.);
#712=VECTOR('',#3167,10.);
#713=VECTOR('',#3168,10.);
#714=VECTOR('',#3169,10.);
#715=VECTOR('',#3172,10.);
#716=VECTOR('',#3173,10.);
#717=VECTOR('',#3176,10.);
#718=VECTOR('',#3177,10.);
#719=VECTOR('',#3180,10.);
#720=VECTOR('',#3185,10.);
#721=VECTOR('',#3186,10.);
#722=VECTOR('',#3187,10.);
#723=VECTOR('',#3188,10.);
#724=VECTOR('',#3191,10.);
#725=VECTOR('',#3192,10.);
#726=VECTOR('',#3193,10.);
#727=VECTOR('',#3196,10.);
#728=VECTOR('',#3197,10.);
#729=VECTOR('',#3200,10.);
#730=VECTOR('',#3201,10.);
#731=VECTOR('',#3204,10.);
#732=VECTOR('',#3209,10.);
#733=VECTOR('',#3210,10.);
#734=VECTOR('',#3211,10.);
#735=VECTOR('',#3212,10.);
#736=VECTOR('',#3215,10.);
#737=VECTOR('',#3216,10.);
#738=VECTOR('',#3217,10.);
#739=VECTOR('',#3220,10.);
#740=VECTOR('',#3221,10.);
#741=VECTOR('',#3224,10.);
#742=VECTOR('',#3225,10.);
#743=VECTOR('',#3228,10.);
#744=VECTOR('',#3233,10.);
#745=VECTOR('',#3234,10.);
#746=VECTOR('',#3235,10.);
#747=VECTOR('',#3236,10.);
#748=VECTOR('',#3239,10.);
#749=VECTOR('',#3240,10.);
#750=VECTOR('',#3241,10.);
#751=VECTOR('',#3244,10.);
#752=VECTOR('',#3245,10.);
#753=VECTOR('',#3248,10.);
#754=VECTOR('',#3249,10.);
#755=VECTOR('',#3252,10.);
#756=VECTOR('',#3257,10.);
#757=VECTOR('',#3258,10.);
#758=VECTOR('',#3259,10.);
#759=VECTOR('',#3260,10.);
#760=VECTOR('',#3261,10.);
#761=VECTOR('',#3262,10.);
#762=VECTOR('',#3265,10.);
#763=VECTOR('',#3266,10.);
#764=VECTOR('',#3267,10.);
#765=VECTOR('',#3270,10.);
#766=VECTOR('',#3271,10.);
#767=VECTOR('',#3274,10.);
#768=VECTOR('',#3275,10.);
#769=VECTOR('',#3278,10.);
#770=VECTOR('',#3279,10.);
#771=VECTOR('',#3282,10.);
#772=VECTOR('',#3283,10.);
#773=VECTOR('',#3286,10.);
#774=VECTOR('',#3291,10.);
#775=VECTOR('',#3292,10.);
#776=VECTOR('',#3293,10.);
#777=VECTOR('',#3294,10.);
#778=VECTOR('',#3295,10.);
#779=VECTOR('',#3296,10.);
#780=VECTOR('',#3299,10.);
#781=VECTOR('',#3300,10.);
#782=VECTOR('',#3301,10.);
#783=VECTOR('',#3304,10.);
#784=VECTOR('',#3305,10.);
#785=VECTOR('',#3308,10.);
#786=VECTOR('',#3309,10.);
#787=VECTOR('',#3312,10.);
#788=VECTOR('',#3313,10.);
#789=VECTOR('',#3316,10.);
#790=VECTOR('',#3317,10.);
#791=VECTOR('',#3320,10.);
#792=VECTOR('',#3325,10.);
#793=VECTOR('',#3326,10.);
#794=VECTOR('',#3327,10.);
#795=VECTOR('',#3328,10.);
#796=VECTOR('',#3329,10.);
#797=VECTOR('',#3330,10.);
#798=VECTOR('',#3333,10.);
#799=VECTOR('',#3334,10.);
#800=VECTOR('',#3335,10.);
#801=VECTOR('',#3338,10.);
#802=VECTOR('',#3339,10.);
#803=VECTOR('',#3342,10.);
#804=VECTOR('',#3343,10.);
#805=VECTOR('',#3346,10.);
#806=VECTOR('',#3347,10.);
#807=VECTOR('',#3350,10.);
#808=VECTOR('',#3351,10.);
#809=VECTOR('',#3354,10.);
#810=VECTOR('',#3359,10.);
#811=VECTOR('',#3360,10.);
#812=VECTOR('',#3361,10.);
#813=VECTOR('',#3362,10.);
#814=VECTOR('',#3363,10.);
#815=VECTOR('',#3364,10.);
#816=VECTOR('',#3365,10.);
#817=VECTOR('',#3368,10.);
#818=VECTOR('',#3369,10.);
#819=VECTOR('',#3370,10.);
#820=VECTOR('',#3373,10.);
#821=VECTOR('',#3374,10.);
#822=VECTOR('',#3375,10.);
#823=VECTOR('',#3376,10.);
#824=VECTOR('',#3377,10.);
#825=VECTOR('',#3378,10.);
#826=VECTOR('',#3381,10.);
#827=VECTOR('',#3384,10.);
#828=VECTOR('',#3387,10.);
#829=VECTOR('',#3390,10.);
#830=VECTOR('',#3393,10.);
#831=CYLINDRICAL_SURFACE('',#2606,0.01);
#832=CYLINDRICAL_SURFACE('',#2612,0.01);
#833=CYLINDRICAL_SURFACE('',#2614,0.01);
#834=CYLINDRICAL_SURFACE('',#2619,0.01);
#835=CYLINDRICAL_SURFACE('',#2625,0.01);
#836=CYLINDRICAL_SURFACE('',#2627,0.01);
#837=CYLINDRICAL_SURFACE('',#2628,0.01);
#838=CYLINDRICAL_SURFACE('',#2629,0.01);
#839=FACE_OUTER_BOUND('',#981,.T.);
#840=FACE_OUTER_BOUND('',#982,.T.);
#841=FACE_OUTER_BOUND('',#983,.T.);
#842=FACE_OUTER_BOUND('',#984,.T.);
#843=FACE_OUTER_BOUND('',#985,.T.);
#844=FACE_OUTER_BOUND('',#986,.T.);
#845=FACE_OUTER_BOUND('',#987,.T.);
#846=FACE_OUTER_BOUND('',#988,.T.);
#847=FACE_OUTER_BOUND('',#989,.T.);
#848=FACE_OUTER_BOUND('',#990,.T.);
#849=FACE_OUTER_BOUND('',#991,.T.);
#850=FACE_OUTER_BOUND('',#992,.T.);
#851=FACE_OUTER_BOUND('',#993,.T.);
#852=FACE_OUTER_BOUND('',#994,.T.);
#853=FACE_OUTER_BOUND('',#995,.T.);
#854=FACE_OUTER_BOUND('',#996,.T.);
#855=FACE_OUTER_BOUND('',#997,.T.);
#856=FACE_OUTER_BOUND('',#998,.T.);
#857=FACE_OUTER_BOUND('',#999,.T.);
#858=FACE_OUTER_BOUND('',#1000,.T.);
#859=FACE_OUTER_BOUND('',#1001,.T.);
#860=FACE_OUTER_BOUND('',#1002,.T.);
#861=FACE_OUTER_BOUND('',#1003,.T.);
#862=FACE_OUTER_BOUND('',#1004,.T.);
#863=FACE_OUTER_BOUND('',#1005,.T.);
#864=FACE_OUTER_BOUND('',#1006,.T.);
#865=FACE_OUTER_BOUND('',#1007,.T.);
#866=FACE_OUTER_BOUND('',#1008,.T.);
#867=FACE_OUTER_BOUND('',#1009,.T.);
#868=FACE_OUTER_BOUND('',#1010,.T.);
#869=FACE_OUTER_BOUND('',#1011,.T.);
#870=FACE_OUTER_BOUND('',#1012,.T.);
#871=FACE_OUTER_BOUND('',#1013,.T.);
#872=FACE_OUTER_BOUND('',#1014,.T.);
#873=FACE_OUTER_BOUND('',#1015,.T.);
#874=FACE_OUTER_BOUND('',#1016,.T.);
#875=FACE_OUTER_BOUND('',#1017,.T.);
#876=FACE_OUTER_BOUND('',#1018,.T.);
#877=FACE_OUTER_BOUND('',#1019,.T.);
#878=FACE_OUTER_BOUND('',#1020,.T.);
#879=FACE_OUTER_BOUND('',#1021,.T.);
#880=FACE_OUTER_BOUND('',#1022,.T.);
#881=FACE_OUTER_BOUND('',#1023,.T.);
#882=FACE_OUTER_BOUND('',#1024,.T.);
#883=FACE_OUTER_BOUND('',#1025,.T.);
#884=FACE_OUTER_BOUND('',#1026,.T.);
#885=FACE_OUTER_BOUND('',#1027,.T.);
#886=FACE_OUTER_BOUND('',#1028,.T.);
#887=FACE_OUTER_BOUND('',#1029,.T.);
#888=FACE_OUTER_BOUND('',#1030,.T.);
#889=FACE_OUTER_BOUND('',#1031,.T.);
#890=FACE_OUTER_BOUND('',#1032,.T.);
#891=FACE_OUTER_BOUND('',#1033,.T.);
#892=FACE_OUTER_BOUND('',#1034,.T.);
#893=FACE_OUTER_BOUND('',#1035,.T.);
#894=FACE_OUTER_BOUND('',#1036,.T.);
#895=FACE_OUTER_BOUND('',#1037,.T.);
#896=FACE_OUTER_BOUND('',#1038,.T.);
#897=FACE_OUTER_BOUND('',#1039,.T.);
#898=FACE_OUTER_BOUND('',#1040,.T.);
#899=FACE_OUTER_BOUND('',#1041,.T.);
#900=FACE_OUTER_BOUND('',#1042,.T.);
#901=FACE_OUTER_BOUND('',#1043,.T.);
#902=FACE_OUTER_BOUND('',#1044,.T.);
#903=FACE_OUTER_BOUND('',#1045,.T.);
#904=FACE_OUTER_BOUND('',#1046,.T.);
#905=FACE_OUTER_BOUND('',#1047,.T.);
#906=FACE_OUTER_BOUND('',#1048,.T.);
#907=FACE_OUTER_BOUND('',#1049,.T.);
#908=FACE_OUTER_BOUND('',#1050,.T.);
#909=FACE_OUTER_BOUND('',#1051,.T.);
#910=FACE_OUTER_BOUND('',#1052,.T.);
#911=FACE_OUTER_BOUND('',#1053,.T.);
#912=FACE_OUTER_BOUND('',#1054,.T.);
#913=FACE_OUTER_BOUND('',#1055,.T.);
#914=FACE_OUTER_BOUND('',#1056,.T.);
#915=FACE_OUTER_BOUND('',#1057,.T.);
#916=FACE_OUTER_BOUND('',#1058,.T.);
#917=FACE_OUTER_BOUND('',#1059,.T.);
#918=FACE_OUTER_BOUND('',#1060,.T.);
#919=FACE_OUTER_BOUND('',#1061,.T.);
#920=FACE_OUTER_BOUND('',#1062,.T.);
#921=FACE_OUTER_BOUND('',#1063,.T.);
#922=FACE_OUTER_BOUND('',#1064,.T.);
#923=FACE_OUTER_BOUND('',#1065,.T.);
#924=FACE_OUTER_BOUND('',#1066,.T.);
#925=FACE_OUTER_BOUND('',#1067,.T.);
#926=FACE_OUTER_BOUND('',#1068,.T.);
#927=FACE_OUTER_BOUND('',#1069,.T.);
#928=FACE_OUTER_BOUND('',#1070,.T.);
#929=FACE_OUTER_BOUND('',#1071,.T.);
#930=FACE_OUTER_BOUND('',#1072,.T.);
#931=FACE_OUTER_BOUND('',#1073,.T.);
#932=FACE_OUTER_BOUND('',#1074,.T.);
#933=FACE_OUTER_BOUND('',#1075,.T.);
#934=FACE_OUTER_BOUND('',#1076,.T.);
#935=FACE_OUTER_BOUND('',#1077,.T.);
#936=FACE_OUTER_BOUND('',#1078,.T.);
#937=FACE_OUTER_BOUND('',#1079,.T.);
#938=FACE_OUTER_BOUND('',#1080,.T.);
#939=FACE_OUTER_BOUND('',#1081,.T.);
#940=FACE_OUTER_BOUND('',#1082,.T.);
#941=FACE_OUTER_BOUND('',#1083,.T.);
#942=FACE_OUTER_BOUND('',#1084,.T.);
#943=FACE_OUTER_BOUND('',#1085,.T.);
#944=FACE_OUTER_BOUND('',#1086,.T.);
#945=FACE_OUTER_BOUND('',#1087,.T.);
#946=FACE_OUTER_BOUND('',#1088,.T.);
#947=FACE_OUTER_BOUND('',#1089,.T.);
#948=FACE_OUTER_BOUND('',#1090,.T.);
#949=FACE_OUTER_BOUND('',#1091,.T.);
#950=FACE_OUTER_BOUND('',#1092,.T.);
#951=FACE_OUTER_BOUND('',#1093,.T.);
#952=FACE_OUTER_BOUND('',#1094,.T.);
#953=FACE_OUTER_BOUND('',#1095,.T.);
#954=FACE_OUTER_BOUND('',#1096,.T.);
#955=FACE_OUTER_BOUND('',#1097,.T.);
#956=FACE_OUTER_BOUND('',#1098,.T.);
#957=FACE_OUTER_BOUND('',#1099,.T.);
#958=FACE_OUTER_BOUND('',#1100,.T.);
#959=FACE_OUTER_BOUND('',#1101,.T.);
#960=FACE_OUTER_BOUND('',#1102,.T.);
#961=FACE_OUTER_BOUND('',#1103,.T.);
#962=FACE_OUTER_BOUND('',#1104,.T.);
#963=FACE_OUTER_BOUND('',#1105,.T.);
#964=FACE_OUTER_BOUND('',#1106,.T.);
#965=FACE_OUTER_BOUND('',#1107,.T.);
#966=FACE_OUTER_BOUND('',#1108,.T.);
#967=FACE_OUTER_BOUND('',#1109,.T.);
#968=FACE_OUTER_BOUND('',#1110,.T.);
#969=FACE_OUTER_BOUND('',#1111,.T.);
#970=FACE_OUTER_BOUND('',#1112,.T.);
#971=FACE_OUTER_BOUND('',#1113,.T.);
#972=FACE_OUTER_BOUND('',#1114,.T.);
#973=FACE_OUTER_BOUND('',#1115,.T.);
#974=FACE_OUTER_BOUND('',#1116,.T.);
#975=FACE_OUTER_BOUND('',#1117,.T.);
#976=FACE_OUTER_BOUND('',#1118,.T.);
#977=FACE_OUTER_BOUND('',#1119,.T.);
#978=FACE_OUTER_BOUND('',#1120,.T.);
#979=FACE_OUTER_BOUND('',#1121,.T.);
#980=FACE_OUTER_BOUND('',#1122,.T.);
#981=EDGE_LOOP('',(#1725,#1726,#1727));
#982=EDGE_LOOP('',(#1728,#1729,#1730,#1731));
#983=EDGE_LOOP('',(#1732,#1733,#1734));
#984=EDGE_LOOP('',(#1735,#1736,#1737,#1738));
#985=EDGE_LOOP('',(#1739,#1740,#1741,#1742));
#986=EDGE_LOOP('',(#1743,#1744,#1745));
#987=EDGE_LOOP('',(#1746,#1747,#1748,#1749));
#988=EDGE_LOOP('',(#1750,#1751,#1752));
#989=EDGE_LOOP('',(#1753,#1754,#1755,#1756));
#990=EDGE_LOOP('',(#1757,#1758,#1759,#1760));
#991=EDGE_LOOP('',(#1761,#1762,#1763,#1764));
#992=EDGE_LOOP('',(#1765,#1766,#1767,#1768));
#993=EDGE_LOOP('',(#1769,#1770,#1771,#1772,#1773));
#994=EDGE_LOOP('',(#1774,#1775,#1776,#1777,#1778,#1779,#1780,#1781,#1782,
#1783,#1784,#1785,#1786,#1787,#1788,#1789,#1790,#1791,#1792,#1793,#1794,
#1795,#1796,#1797));
#995=EDGE_LOOP('',(#1798,#1799,#1800,#1801,#1802));
#996=EDGE_LOOP('',(#1803,#1804,#1805,#1806,#1807,#1808,#1809,#1810,#1811,
#1812,#1813,#1814,#1815,#1816,#1817,#1818));
#997=EDGE_LOOP('',(#1819,#1820,#1821,#1822));
#998=EDGE_LOOP('',(#1823,#1824,#1825,#1826));
#999=EDGE_LOOP('',(#1827,#1828,#1829,#1830));
#1000=EDGE_LOOP('',(#1831,#1832,#1833,#1834));
#1001=EDGE_LOOP('',(#1835,#1836,#1837,#1838));
#1002=EDGE_LOOP('',(#1839,#1840,#1841,#1842,#1843,#1844,#1845,#1846,#1847,
#1848,#1849,#1850,#1851,#1852,#1853,#1854,#1855,#1856,#1857,#1858));
#1003=EDGE_LOOP('',(#1859,#1860,#1861,#1862));
#1004=EDGE_LOOP('',(#1863,#1864,#1865,#1866));
#1005=EDGE_LOOP('',(#1867,#1868,#1869,#1870,#1871,#1872));
#1006=EDGE_LOOP('',(#1873,#1874,#1875,#1876));
#1007=EDGE_LOOP('',(#1877,#1878,#1879,#1880));
#1008=EDGE_LOOP('',(#1881,#1882,#1883,#1884,#1885));
#1009=EDGE_LOOP('',(#1886,#1887,#1888,#1889));
#1010=EDGE_LOOP('',(#1890,#1891,#1892,#1893,#1894,#1895,#1896));
#1011=EDGE_LOOP('',(#1897,#1898,#1899,#1900));
#1012=EDGE_LOOP('',(#1901,#1902,#1903,#1904));
#1013=EDGE_LOOP('',(#1905,#1906,#1907,#1908));
#1014=EDGE_LOOP('',(#1909,#1910,#1911,#1912));
#1015=EDGE_LOOP('',(#1913,#1914,#1915,#1916,#1917,#1918,#1919,#1920,#1921,
#1922,#1923,#1924,#1925,#1926,#1927,#1928));
#1016=EDGE_LOOP('',(#1929,#1930,#1931,#1932,#1933));
#1017=EDGE_LOOP('',(#1934,#1935,#1936,#1937));
#1018=EDGE_LOOP('',(#1938,#1939,#1940,#1941));
#1019=EDGE_LOOP('',(#1942,#1943,#1944,#1945));
#1020=EDGE_LOOP('',(#1946,#1947,#1948,#1949));
#1021=EDGE_LOOP('',(#1950,#1951,#1952,#1953));
#1022=EDGE_LOOP('',(#1954,#1955,#1956,#1957));
#1023=EDGE_LOOP('',(#1958,#1959,#1960,#1961,#1962,#1963));
#1024=EDGE_LOOP('',(#1964,#1965,#1966,#1967));
#1025=EDGE_LOOP('',(#1968,#1969,#1970,#1971));
#1026=EDGE_LOOP('',(#1972,#1973,#1974,#1975));
#1027=EDGE_LOOP('',(#1976,#1977,#1978,#1979));
#1028=EDGE_LOOP('',(#1980,#1981,#1982,#1983));
#1029=EDGE_LOOP('',(#1984,#1985,#1986,#1987));
#1030=EDGE_LOOP('',(#1988,#1989,#1990,#1991));
#1031=EDGE_LOOP('',(#1992,#1993,#1994,#1995));
#1032=EDGE_LOOP('',(#1996,#1997,#1998,#1999));
#1033=EDGE_LOOP('',(#2000,#2001,#2002,#2003));
#1034=EDGE_LOOP('',(#2004,#2005,#2006,#2007));
#1035=EDGE_LOOP('',(#2008,#2009,#2010,#2011,#2012,#2013,#2014,#2015,#2016,
#2017,#2018,#2019));
#1036=EDGE_LOOP('',(#2020,#2021,#2022,#2023));
#1037=EDGE_LOOP('',(#2024,#2025,#2026,#2027));
#1038=EDGE_LOOP('',(#2028,#2029,#2030,#2031));
#1039=EDGE_LOOP('',(#2032,#2033,#2034,#2035));
#1040=EDGE_LOOP('',(#2036,#2037,#2038,#2039));
#1041=EDGE_LOOP('',(#2040,#2041,#2042,#2043,#2044,#2045,#2046,#2047,#2048,
#2049,#2050,#2051,#2052,#2053,#2054,#2055,#2056,#2057,#2058,#2059,#2060));
#1042=EDGE_LOOP('',(#2061,#2062,#2063,#2064,#2065,#2066,#2067,#2068,#2069,
#2070,#2071,#2072,#2073,#2074,#2075,#2076));
#1043=EDGE_LOOP('',(#2077,#2078,#2079,#2080));
#1044=EDGE_LOOP('',(#2081,#2082,#2083,#2084));
#1045=EDGE_LOOP('',(#2085,#2086,#2087,#2088));
#1046=EDGE_LOOP('',(#2089,#2090,#2091,#2092));
#1047=EDGE_LOOP('',(#2093,#2094,#2095,#2096));
#1048=EDGE_LOOP('',(#2097,#2098,#2099,#2100));
#1049=EDGE_LOOP('',(#2101,#2102,#2103,#2104,#2105,#2106));
#1050=EDGE_LOOP('',(#2107,#2108,#2109,#2110));
#1051=EDGE_LOOP('',(#2111,#2112,#2113,#2114));
#1052=EDGE_LOOP('',(#2115,#2116,#2117,#2118,#2119,#2120,#2121,#2122,#2123,
#2124,#2125,#2126));
#1053=EDGE_LOOP('',(#2127,#2128,#2129,#2130));
#1054=EDGE_LOOP('',(#2131,#2132,#2133,#2134));
#1055=EDGE_LOOP('',(#2135,#2136,#2137,#2138));
#1056=EDGE_LOOP('',(#2139,#2140,#2141,#2142));
#1057=EDGE_LOOP('',(#2143,#2144,#2145,#2146));
#1058=EDGE_LOOP('',(#2147,#2148,#2149,#2150));
#1059=EDGE_LOOP('',(#2151,#2152,#2153,#2154));
#1060=EDGE_LOOP('',(#2155,#2156,#2157,#2158));
#1061=EDGE_LOOP('',(#2159,#2160,#2161,#2162));
#1062=EDGE_LOOP('',(#2163,#2164,#2165,#2166));
#1063=EDGE_LOOP('',(#2167,#2168,#2169,#2170));
#1064=EDGE_LOOP('',(#2171,#2172,#2173,#2174));
#1065=EDGE_LOOP('',(#2175,#2176,#2177,#2178,#2179,#2180,#2181,#2182,#2183,
#2184,#2185,#2186));
#1066=EDGE_LOOP('',(#2187,#2188,#2189,#2190));
#1067=EDGE_LOOP('',(#2191,#2192,#2193,#2194));
#1068=EDGE_LOOP('',(#2195,#2196,#2197,#2198));
#1069=EDGE_LOOP('',(#2199,#2200,#2201,#2202));
#1070=EDGE_LOOP('',(#2203,#2204,#2205,#2206));
#1071=EDGE_LOOP('',(#2207,#2208,#2209,#2210));
#1072=EDGE_LOOP('',(#2211,#2212,#2213,#2214));
#1073=EDGE_LOOP('',(#2215,#2216,#2217,#2218));
#1074=EDGE_LOOP('',(#2219,#2220,#2221,#2222));
#1075=EDGE_LOOP('',(#2223,#2224,#2225,#2226));
#1076=EDGE_LOOP('',(#2227,#2228,#2229,#2230));
#1077=EDGE_LOOP('',(#2231,#2232,#2233,#2234));
#1078=EDGE_LOOP('',(#2235,#2236,#2237,#2238));
#1079=EDGE_LOOP('',(#2239,#2240,#2241,#2242));
#1080=EDGE_LOOP('',(#2243,#2244,#2245,#2246));
#1081=EDGE_LOOP('',(#2247,#2248,#2249,#2250));
#1082=EDGE_LOOP('',(#2251,#2252,#2253,#2254));
#1083=EDGE_LOOP('',(#2255,#2256,#2257,#2258));
#1084=EDGE_LOOP('',(#2259,#2260,#2261,#2262));
#1085=EDGE_LOOP('',(#2263,#2264,#2265,#2266));
#1086=EDGE_LOOP('',(#2267,#2268,#2269,#2270));
#1087=EDGE_LOOP('',(#2271,#2272,#2273,#2274));
#1088=EDGE_LOOP('',(#2275,#2276,#2277,#2278));
#1089=EDGE_LOOP('',(#2279,#2280,#2281,#2282));
#1090=EDGE_LOOP('',(#2283,#2284,#2285,#2286,#2287,#2288));
#1091=EDGE_LOOP('',(#2289,#2290,#2291,#2292));
#1092=EDGE_LOOP('',(#2293,#2294,#2295,#2296));
#1093=EDGE_LOOP('',(#2297,#2298,#2299,#2300));
#1094=EDGE_LOOP('',(#2301,#2302,#2303,#2304));
#1095=EDGE_LOOP('',(#2305,#2306,#2307,#2308));
#1096=EDGE_LOOP('',(#2309,#2310,#2311,#2312));
#1097=EDGE_LOOP('',(#2313,#2314,#2315,#2316,#2317,#2318));
#1098=EDGE_LOOP('',(#2319,#2320,#2321,#2322,#2323,#2324));
#1099=EDGE_LOOP('',(#2325,#2326,#2327,#2328));
#1100=EDGE_LOOP('',(#2329,#2330,#2331,#2332));
#1101=EDGE_LOOP('',(#2333,#2334,#2335,#2336));
#1102=EDGE_LOOP('',(#2337,#2338,#2339,#2340));
#1103=EDGE_LOOP('',(#2341,#2342,#2343,#2344));
#1104=EDGE_LOOP('',(#2345,#2346,#2347,#2348));
#1105=EDGE_LOOP('',(#2349,#2350,#2351,#2352,#2353,#2354));
#1106=EDGE_LOOP('',(#2355,#2356,#2357,#2358,#2359,#2360));
#1107=EDGE_LOOP('',(#2361,#2362,#2363,#2364));
#1108=EDGE_LOOP('',(#2365,#2366,#2367,#2368));
#1109=EDGE_LOOP('',(#2369,#2370,#2371,#2372));
#1110=EDGE_LOOP('',(#2373,#2374,#2375,#2376));
#1111=EDGE_LOOP('',(#2377,#2378,#2379,#2380));
#1112=EDGE_LOOP('',(#2381,#2382,#2383,#2384));
#1113=EDGE_LOOP('',(#2385,#2386,#2387,#2388,#2389,#2390));
#1114=EDGE_LOOP('',(#2391,#2392,#2393,#2394,#2395,#2396,#2397));
#1115=EDGE_LOOP('',(#2398,#2399,#2400,#2401));
#1116=EDGE_LOOP('',(#2402,#2403,#2404,#2405,#2406,#2407,#2408));
#1117=EDGE_LOOP('',(#2409,#2410,#2411,#2412));
#1118=EDGE_LOOP('',(#2413,#2414,#2415,#2416));
#1119=EDGE_LOOP('',(#2417,#2418,#2419,#2420));
#1120=EDGE_LOOP('',(#2421,#2422,#2423,#2424));
#1121=EDGE_LOOP('',(#2425,#2426,#2427,#2428));
#1122=EDGE_LOOP('',(#2429,#2430,#2431,#2432));
#1123=CIRCLE('',#2603,0.01);
#1124=CIRCLE('',#2604,0.01);
#1125=CIRCLE('',#2605,0.01);
#1126=CIRCLE('',#2607,0.01);
#1127=CIRCLE('',#2609,0.01);
#1128=CIRCLE('',#2610,0.01);
#1129=CIRCLE('',#2611,0.01);
#1130=CIRCLE('',#2613,0.01);
#1131=CIRCLE('',#2616,0.01);
#1132=CIRCLE('',#2617,0.01);
#1133=CIRCLE('',#2618,0.01);
#1134=CIRCLE('',#2620,0.01);
#1135=CIRCLE('',#2622,0.01);
#1136=CIRCLE('',#2623,0.01);
#1137=CIRCLE('',#2624,0.01);
#1138=CIRCLE('',#2626,0.01);
#1139=VERTEX_POINT('',#3398);
#1140=VERTEX_POINT('',#3399);
#1141=VERTEX_POINT('',#3401);
#1142=VERTEX_POINT('',#3405);
#1143=VERTEX_POINT('',#3406);
#1144=VERTEX_POINT('',#3411);
#1145=VERTEX_POINT('',#3412);
#1146=VERTEX_POINT('',#3414);
#1147=VERTEX_POINT('',#3418);
#1148=VERTEX_POINT('',#3419);
#1149=VERTEX_POINT('',#3427);
#1150=VERTEX_POINT('',#3428);
#1151=VERTEX_POINT('',#3430);
#1152=VERTEX_POINT('',#3434);
#1153=VERTEX_POINT('',#3435);
#1154=VERTEX_POINT('',#3440);
#1155=VERTEX_POINT('',#3441);
#1156=VERTEX_POINT('',#3443);
#1157=VERTEX_POINT('',#3447);
#1158=VERTEX_POINT('',#3448);
#1159=VERTEX_POINT('',#3462);
#1160=VERTEX_POINT('',#3464);
#1161=VERTEX_POINT('',#3466);
#1162=VERTEX_POINT('',#3470);
#1163=VERTEX_POINT('',#3472);
#1164=VERTEX_POINT('',#3474);
#1165=VERTEX_POINT('',#3476);
#1166=VERTEX_POINT('',#3478);
#1167=VERTEX_POINT('',#3480);
#1168=VERTEX_POINT('',#3482);
#1169=VERTEX_POINT('',#3484);
#1170=VERTEX_POINT('',#3486);
#1171=VERTEX_POINT('',#3488);
#1172=VERTEX_POINT('',#3490);
#1173=VERTEX_POINT('',#3492);
#1174=VERTEX_POINT('',#3494);
#1175=VERTEX_POINT('',#3496);
#1176=VERTEX_POINT('',#3498);
#1177=VERTEX_POINT('',#3500);
#1178=VERTEX_POINT('',#3502);
#1179=VERTEX_POINT('',#3504);
#1180=VERTEX_POINT('',#3506);
#1181=VERTEX_POINT('',#3510);
#1182=VERTEX_POINT('',#3512);
#1183=VERTEX_POINT('',#3516);
#1184=VERTEX_POINT('',#3518);
#1185=VERTEX_POINT('',#3520);
#1186=VERTEX_POINT('',#3522);
#1187=VERTEX_POINT('',#3524);
#1188=VERTEX_POINT('',#3526);
#1189=VERTEX_POINT('',#3528);
#1190=VERTEX_POINT('',#3530);
#1191=VERTEX_POINT('',#3532);
#1192=VERTEX_POINT('',#3534);
#1193=VERTEX_POINT('',#3536);
#1194=VERTEX_POINT('',#3541);
#1195=VERTEX_POINT('',#3542);
#1196=VERTEX_POINT('',#3544);
#1197=VERTEX_POINT('',#3546);
#1198=VERTEX_POINT('',#3557);
#1199=VERTEX_POINT('',#3559);
#1200=VERTEX_POINT('',#3561);
#1201=VERTEX_POINT('',#3563);
#1202=VERTEX_POINT('',#3565);
#1203=VERTEX_POINT('',#3567);
#1204=VERTEX_POINT('',#3569);
#1205=VERTEX_POINT('',#3614);
#1206=VERTEX_POINT('',#3616);
#1207=VERTEX_POINT('',#3619);
#1208=VERTEX_POINT('',#3623);
#1209=VERTEX_POINT('',#3625);
#1210=VERTEX_POINT('',#3629);
#1211=VERTEX_POINT('',#3633);
#1212=VERTEX_POINT('',#3634);
#1213=VERTEX_POINT('',#3639);
#1214=VERTEX_POINT('',#3647);
#1215=VERTEX_POINT('',#3648);
#1216=VERTEX_POINT('',#3650);
#1217=VERTEX_POINT('',#3652);
#1218=VERTEX_POINT('',#3656);
#1219=VERTEX_POINT('',#3658);
#1220=VERTEX_POINT('',#3660);
#1221=VERTEX_POINT('',#3662);
#1222=VERTEX_POINT('',#3664);
#1223=VERTEX_POINT('',#3668);
#1224=VERTEX_POINT('',#3670);
#1225=VERTEX_POINT('',#3674);
#1226=VERTEX_POINT('',#3678);
#1227=VERTEX_POINT('',#3682);
#1228=VERTEX_POINT('',#3686);
#1229=VERTEX_POINT('',#3688);
#1230=VERTEX_POINT('',#3690);
#1231=VERTEX_POINT('',#3692);
#1232=VERTEX_POINT('',#3694);
#1233=VERTEX_POINT('',#3696);
#1234=VERTEX_POINT('',#3698);
#1235=VERTEX_POINT('',#3705);
#1236=VERTEX_POINT('',#3707);
#1237=VERTEX_POINT('',#3711);
#1238=VERTEX_POINT('',#3715);
#1239=VERTEX_POINT('',#3721);
#1240=VERTEX_POINT('',#3727);
#1241=VERTEX_POINT('',#3731);
#1242=VERTEX_POINT('',#3737);
#1243=VERTEX_POINT('',#3739);
#1244=VERTEX_POINT('',#3743);
#1245=VERTEX_POINT('',#3747);
#1246=VERTEX_POINT('',#3802);
#1247=VERTEX_POINT('',#3803);
#1248=VERTEX_POINT('',#3847);
#1249=VERTEX_POINT('',#3849);
#1250=VERTEX_POINT('',#3877);
#1251=VERTEX_POINT('',#3879);
#1252=VERTEX_POINT('',#3883);
#1253=VERTEX_POINT('',#3885);
#1254=VERTEX_POINT('',#3889);
#1255=VERTEX_POINT('',#3891);
#1256=VERTEX_POINT('',#3895);
#1257=VERTEX_POINT('',#3897);
#1258=VERTEX_POINT('',#3901);
#1259=VERTEX_POINT('',#3903);
#1260=VERTEX_POINT('',#3929);
#1261=VERTEX_POINT('',#3996);
#1262=VERTEX_POINT('',#3998);
#1263=VERTEX_POINT('',#4007);
#1264=VERTEX_POINT('',#4013);
#1265=VERTEX_POINT('',#4020);
#1266=VERTEX_POINT('',#4021);
#1267=VERTEX_POINT('',#4023);
#1268=VERTEX_POINT('',#4025);
#1269=VERTEX_POINT('',#4051);
#1270=VERTEX_POINT('',#4053);
#1271=VERTEX_POINT('',#4055);
#1272=VERTEX_POINT('',#4057);
#1273=VERTEX_POINT('',#4083);
#1274=VERTEX_POINT('',#4085);
#1275=VERTEX_POINT('',#4087);
#1276=VERTEX_POINT('',#4089);
#1277=VERTEX_POINT('',#4093);
#1278=VERTEX_POINT('',#4095);
#1279=VERTEX_POINT('',#4148);
#1280=VERTEX_POINT('',#4176);
#1281=VERTEX_POINT('',#4180);
#1282=VERTEX_POINT('',#4184);
#1283=VERTEX_POINT('',#4237);
#1284=VERTEX_POINT('',#4265);
#1285=VERTEX_POINT('',#4269);
#1286=VERTEX_POINT('',#4273);
#1287=VERTEX_POINT('',#4277);
#1288=VERTEX_POINT('',#4281);
#1289=VERTEX_POINT('',#4288);
#1290=VERTEX_POINT('',#4289);
#1291=VERTEX_POINT('',#4291);
#1292=VERTEX_POINT('',#4293);
#1293=VERTEX_POINT('',#4297);
#1294=VERTEX_POINT('',#4299);
#1295=VERTEX_POINT('',#4303);
#1296=VERTEX_POINT('',#4307);
#1297=VERTEX_POINT('',#4314);
#1298=VERTEX_POINT('',#4315);
#1299=VERTEX_POINT('',#4317);
#1300=VERTEX_POINT('',#4319);
#1301=VERTEX_POINT('',#4323);
#1302=VERTEX_POINT('',#4325);
#1303=VERTEX_POINT('',#4329);
#1304=VERTEX_POINT('',#4333);
#1305=VERTEX_POINT('',#4340);
#1306=VERTEX_POINT('',#4341);
#1307=VERTEX_POINT('',#4343);
#1308=VERTEX_POINT('',#4345);
#1309=VERTEX_POINT('',#4349);
#1310=VERTEX_POINT('',#4351);
#1311=VERTEX_POINT('',#4355);
#1312=VERTEX_POINT('',#4359);
#1313=VERTEX_POINT('',#4366);
#1314=VERTEX_POINT('',#4367);
#1315=VERTEX_POINT('',#4369);
#1316=VERTEX_POINT('',#4371);
#1317=VERTEX_POINT('',#4375);
#1318=VERTEX_POINT('',#4377);
#1319=VERTEX_POINT('',#4381);
#1320=VERTEX_POINT('',#4385);
#1321=VERTEX_POINT('',#4392);
#1322=VERTEX_POINT('',#4393);
#1323=VERTEX_POINT('',#4395);
#1324=VERTEX_POINT('',#4397);
#1325=VERTEX_POINT('',#4399);
#1326=VERTEX_POINT('',#4401);
#1327=VERTEX_POINT('',#4405);
#1328=VERTEX_POINT('',#4407);
#1329=VERTEX_POINT('',#4411);
#1330=VERTEX_POINT('',#4415);
#1331=VERTEX_POINT('',#4419);
#1332=VERTEX_POINT('',#4423);
#1333=VERTEX_POINT('',#4430);
#1334=VERTEX_POINT('',#4431);
#1335=VERTEX_POINT('',#4433);
#1336=VERTEX_POINT('',#4435);
#1337=VERTEX_POINT('',#4437);
#1338=VERTEX_POINT('',#4439);
#1339=VERTEX_POINT('',#4443);
#1340=VERTEX_POINT('',#4445);
#1341=VERTEX_POINT('',#4449);
#1342=VERTEX_POINT('',#4453);
#1343=VERTEX_POINT('',#4457);
#1344=VERTEX_POINT('',#4461);
#1345=VERTEX_POINT('',#4468);
#1346=VERTEX_POINT('',#4469);
#1347=VERTEX_POINT('',#4471);
#1348=VERTEX_POINT('',#4473);
#1349=VERTEX_POINT('',#4475);
#1350=VERTEX_POINT('',#4477);
#1351=VERTEX_POINT('',#4481);
#1352=VERTEX_POINT('',#4483);
#1353=VERTEX_POINT('',#4487);
#1354=VERTEX_POINT('',#4491);
#1355=VERTEX_POINT('',#4495);
#1356=VERTEX_POINT('',#4499);
#1357=VERTEX_POINT('',#4506);
#1358=VERTEX_POINT('',#4507);
#1359=VERTEX_POINT('',#4509);
#1360=VERTEX_POINT('',#4511);
#1361=VERTEX_POINT('',#4513);
#1362=VERTEX_POINT('',#4515);
#1363=VERTEX_POINT('',#4517);
#1364=VERTEX_POINT('',#4521);
#1365=VERTEX_POINT('',#4522);
#1366=VERTEX_POINT('',#4527);
#1367=VERTEX_POINT('',#4529);
#1368=VERTEX_POINT('',#4531);
#1369=VERTEX_POINT('',#4533);
#1370=VERTEX_POINT('',#4535);
#1371=EDGE_CURVE('',#1139,#1140,#1123,.F.);
#1372=EDGE_CURVE('',#1141,#1139,#1124,.F.);
#1373=EDGE_CURVE('',#1140,#1141,#1125,.F.);
#1374=EDGE_CURVE('',#1142,#1143,#1126,.T.);
#1375=EDGE_CURVE('',#1143,#1141,#171,.T.);
#1376=EDGE_CURVE('',#1139,#1142,#172,.T.);
#1377=EDGE_CURVE('',#1144,#1145,#1127,.F.);
#1378=EDGE_CURVE('',#1146,#1144,#1128,.F.);
#1379=EDGE_CURVE('',#1145,#1146,#1129,.F.);
#1380=EDGE_CURVE('',#1147,#1148,#1130,.T.);
#1381=EDGE_CURVE('',#1148,#1146,#173,.T.);
#1382=EDGE_CURVE('',#1144,#1147,#174,.T.);
#1383=EDGE_CURVE('',#1140,#1145,#175,.T.);
#1384=EDGE_CURVE('',#1146,#1139,#176,.T.);
#1385=EDGE_CURVE('',#1149,#1150,#1131,.F.);
#1386=EDGE_CURVE('',#1151,#1149,#1132,.F.);
#1387=EDGE_CURVE('',#1150,#1151,#1133,.F.);
#1388=EDGE_CURVE('',#1152,#1153,#1134,.T.);
#1389=EDGE_CURVE('',#1153,#1151,#177,.T.);
#1390=EDGE_CURVE('',#1149,#1152,#178,.T.);
#1391=EDGE_CURVE('',#1154,#1155,#1135,.F.);
#1392=EDGE_CURVE('',#1156,#1154,#1136,.F.);
#1393=EDGE_CURVE('',#1155,#1156,#1137,.F.);
#1394=EDGE_CURVE('',#1157,#1158,#1138,.T.);
#1395=EDGE_CURVE('',#1158,#1156,#179,.T.);
#1396=EDGE_CURVE('',#1154,#1157,#180,.T.);
#1397=EDGE_CURVE('',#1145,#1155,#181,.T.);
#1398=EDGE_CURVE('',#1156,#1144,#182,.T.);
#1399=EDGE_CURVE('',#1155,#1150,#183,.T.);
#1400=EDGE_CURVE('',#1151,#1154,#184,.T.);
#1401=EDGE_CURVE('',#1150,#1140,#185,.T.);
#1402=EDGE_CURVE('',#1141,#1149,#186,.T.);
#1403=EDGE_CURVE('',#1159,#1142,#187,.T.);
#1404=EDGE_CURVE('',#1159,#1160,#188,.T.);
#1405=EDGE_CURVE('',#1160,#1161,#189,.T.);
#1406=EDGE_CURVE('',#1143,#1161,#190,.T.);
#1407=EDGE_CURVE('',#1148,#1162,#191,.T.);
#1408=EDGE_CURVE('',#1162,#1163,#192,.T.);
#1409=EDGE_CURVE('',#1163,#1164,#193,.T.);
#1410=EDGE_CURVE('',#1164,#1165,#194,.T.);
#1411=EDGE_CURVE('',#1165,#1166,#195,.T.);
#1412=EDGE_CURVE('',#1166,#1167,#196,.T.);
#1413=EDGE_CURVE('',#1167,#1168,#197,.T.);
#1414=EDGE_CURVE('',#1168,#1169,#198,.T.);
#1415=EDGE_CURVE('',#1169,#1170,#199,.T.);
#1416=EDGE_CURVE('',#1170,#1171,#200,.T.);
#1417=EDGE_CURVE('',#1171,#1172,#201,.T.);
#1418=EDGE_CURVE('',#1172,#1173,#202,.T.);
#1419=EDGE_CURVE('',#1173,#1174,#203,.T.);
#1420=EDGE_CURVE('',#1174,#1175,#204,.T.);
#1421=EDGE_CURVE('',#1175,#1176,#205,.T.);
#1422=EDGE_CURVE('',#1176,#1177,#206,.T.);
#1423=EDGE_CURVE('',#1177,#1178,#207,.T.);
#1424=EDGE_CURVE('',#1178,#1179,#208,.T.);
#1425=EDGE_CURVE('',#1179,#1180,#209,.T.);
#1426=EDGE_CURVE('',#1180,#1159,#210,.T.);
#1427=EDGE_CURVE('',#1181,#1147,#211,.T.);
#1428=EDGE_CURVE('',#1181,#1182,#212,.T.);
#1429=EDGE_CURVE('',#1182,#1162,#213,.T.);
#1430=EDGE_CURVE('',#1158,#1183,#214,.T.);
#1431=EDGE_CURVE('',#1183,#1184,#215,.T.);
#1432=EDGE_CURVE('',#1184,#1185,#216,.T.);
#1433=EDGE_CURVE('',#1185,#1186,#217,.T.);
#1434=EDGE_CURVE('',#1186,#1187,#218,.T.);
#1435=EDGE_CURVE('',#1187,#1188,#219,.T.);
#1436=EDGE_CURVE('',#1188,#1189,#220,.T.);
#1437=EDGE_CURVE('',#1189,#1190,#221,.T.);
#1438=EDGE_CURVE('',#1190,#1191,#222,.T.);
#1439=EDGE_CURVE('',#1191,#1192,#223,.T.);
#1440=EDGE_CURVE('',#1192,#1193,#224,.T.);
#1441=EDGE_CURVE('',#1193,#1181,#225,.T.);
#1442=EDGE_CURVE('',#1194,#1195,#226,.T.);
#1443=EDGE_CURVE('',#1196,#1194,#227,.T.);
#1444=EDGE_CURVE('',#1196,#1197,#228,.T.);
#1445=EDGE_CURVE('',#1195,#1197,#229,.T.);
#1446=EDGE_CURVE('',#1195,#1187,#230,.T.);
#1447=EDGE_CURVE('',#1197,#1188,#231,.T.);
#1448=EDGE_CURVE('',#1189,#1196,#232,.T.);
#1449=EDGE_CURVE('',#1190,#1194,#233,.T.);
#1450=EDGE_CURVE('',#1186,#1198,#234,.T.);
#1451=EDGE_CURVE('',#1198,#1199,#235,.T.);
#1452=EDGE_CURVE('',#1200,#1199,#236,.T.);
#1453=EDGE_CURVE('',#1200,#1201,#237,.T.);
#1454=EDGE_CURVE('',#1201,#1202,#238,.T.);
#1455=EDGE_CURVE('',#1202,#1203,#239,.T.);
#1456=EDGE_CURVE('',#1203,#1204,#43,.T.);
#1457=EDGE_CURVE('',#1204,#1170,#240,.T.);
#1458=EDGE_CURVE('',#1169,#1205,#241,.T.);
#1459=EDGE_CURVE('',#1205,#1206,#242,.T.);
#1460=EDGE_CURVE('',#1206,#1166,#243,.T.);
#1461=EDGE_CURVE('',#1165,#1207,#244,.T.);
#1462=EDGE_CURVE('',#1207,#1191,#245,.T.);
#1463=EDGE_CURVE('',#1208,#1183,#246,.T.);
#1464=EDGE_CURVE('',#1209,#1208,#247,.T.);
#1465=EDGE_CURVE('',#1209,#1184,#248,.T.);
#1466=EDGE_CURVE('',#1185,#1210,#249,.T.);
#1467=EDGE_CURVE('',#1210,#1198,#250,.T.);
#1468=EDGE_CURVE('',#1211,#1212,#251,.T.);
#1469=EDGE_CURVE('',#1210,#1211,#252,.T.);
#1470=EDGE_CURVE('',#1212,#1209,#253,.T.);
#1471=EDGE_CURVE('',#1213,#1208,#254,.T.);
#1472=EDGE_CURVE('',#1212,#1213,#255,.T.);
#1473=EDGE_CURVE('',#1199,#1211,#256,.T.);
#1474=EDGE_CURVE('',#1213,#1157,#257,.T.);
#1475=EDGE_CURVE('',#1214,#1215,#258,.T.);
#1476=EDGE_CURVE('',#1214,#1216,#259,.T.);
#1477=EDGE_CURVE('',#1216,#1217,#260,.T.);
#1478=EDGE_CURVE('',#1215,#1217,#261,.T.);
#1479=EDGE_CURVE('',#1217,#1218,#262,.T.);
#1480=EDGE_CURVE('',#1219,#1216,#263,.T.);
#1481=EDGE_CURVE('',#1220,#1219,#264,.T.);
#1482=EDGE_CURVE('',#1221,#1220,#265,.T.);
#1483=EDGE_CURVE('',#1222,#1221,#266,.T.);
#1484=EDGE_CURVE('',#1218,#1222,#267,.T.);
#1485=EDGE_CURVE('',#1218,#1223,#268,.T.);
#1486=EDGE_CURVE('',#1224,#1222,#269,.T.);
#1487=EDGE_CURVE('',#1223,#1224,#270,.T.);
#1488=EDGE_CURVE('',#1225,#1214,#271,.T.);
#1489=EDGE_CURVE('',#1225,#1219,#272,.T.);
#1490=EDGE_CURVE('',#1226,#1225,#273,.T.);
#1491=EDGE_CURVE('',#1220,#1226,#274,.T.);
#1492=EDGE_CURVE('',#1227,#1221,#275,.T.);
#1493=EDGE_CURVE('',#1224,#1227,#276,.T.);
#1494=EDGE_CURVE('',#1161,#1228,#277,.T.);
#1495=EDGE_CURVE('',#1228,#1229,#278,.T.);
#1496=EDGE_CURVE('',#1229,#1230,#279,.T.);
#1497=EDGE_CURVE('',#1230,#1231,#280,.T.);
#1498=EDGE_CURVE('',#1231,#1232,#281,.T.);
#1499=EDGE_CURVE('',#1232,#1233,#282,.T.);
#1500=EDGE_CURVE('',#1233,#1234,#283,.T.);
#1501=EDGE_CURVE('',#1234,#1215,#284,.T.);
#1502=EDGE_CURVE('',#1223,#1152,#285,.T.);
#1503=EDGE_CURVE('',#1153,#1227,#286,.T.);
#1504=EDGE_CURVE('',#1235,#1232,#287,.T.);
#1505=EDGE_CURVE('',#1236,#1235,#288,.T.);
#1506=EDGE_CURVE('',#1233,#1236,#289,.T.);
#1507=EDGE_CURVE('',#1237,#1236,#290,.T.);
#1508=EDGE_CURVE('',#1234,#1237,#291,.T.);
#1509=EDGE_CURVE('',#1237,#1238,#292,.T.);
#1510=EDGE_CURVE('',#1235,#1238,#293,.T.);
#1511=EDGE_CURVE('',#1238,#1231,#294,.T.);
#1512=EDGE_CURVE('',#1180,#1239,#295,.T.);
#1513=EDGE_CURVE('',#1239,#1160,#296,.T.);
#1514=EDGE_CURVE('',#1239,#1228,#297,.T.);
#1515=EDGE_CURVE('',#1240,#1179,#298,.T.);
#1516=EDGE_CURVE('',#1229,#1240,#299,.T.);
#1517=EDGE_CURVE('',#1241,#1178,#300,.T.);
#1518=EDGE_CURVE('',#1241,#1240,#301,.T.);
#1519=EDGE_CURVE('',#1230,#1241,#302,.T.);
#1520=EDGE_CURVE('',#1242,#1175,#303,.T.);
#1521=EDGE_CURVE('',#1243,#1242,#304,.T.);
#1522=EDGE_CURVE('',#1176,#1243,#305,.T.);
#1523=EDGE_CURVE('',#1244,#1243,#306,.T.);
#1524=EDGE_CURVE('',#1177,#1244,#307,.T.);
#1525=EDGE_CURVE('',#1244,#1245,#308,.T.);
#1526=EDGE_CURVE('',#1242,#1245,#309,.T.);
#1527=EDGE_CURVE('',#1245,#1174,#310,.T.);
#1528=EDGE_CURVE('',#1246,#1247,#44,.T.);
#1529=EDGE_CURVE('',#1248,#1246,#311,.T.);
#1530=EDGE_CURVE('',#1248,#1249,#33,.T.);
#1531=EDGE_CURVE('',#1249,#1247,#312,.T.);
#1532=EDGE_CURVE('',#1247,#1250,#313,.T.);
#1533=EDGE_CURVE('',#1249,#1251,#314,.T.);
#1534=EDGE_CURVE('',#1251,#1250,#315,.T.);
#1535=EDGE_CURVE('',#1250,#1252,#316,.T.);
#1536=EDGE_CURVE('',#1251,#1253,#317,.T.);
#1537=EDGE_CURVE('',#1253,#1252,#318,.T.);
#1538=EDGE_CURVE('',#1252,#1254,#319,.T.);
#1539=EDGE_CURVE('',#1253,#1255,#320,.T.);
#1540=EDGE_CURVE('',#1254,#1255,#321,.T.);
#1541=EDGE_CURVE('',#1256,#1200,#322,.T.);
#1542=EDGE_CURVE('',#1256,#1257,#323,.T.);
#1543=EDGE_CURVE('',#1257,#1201,#324,.T.);
#1544=EDGE_CURVE('',#1258,#1171,#325,.T.);
#1545=EDGE_CURVE('',#1259,#1258,#34,.T.);
#1546=EDGE_CURVE('',#1260,#1259,#326,.T.);
#1547=EDGE_CURVE('',#1257,#1260,#327,.T.);
#1548=EDGE_CURVE('',#1255,#1256,#328,.T.);
#1549=EDGE_CURVE('',#1172,#1248,#329,.T.);
#1550=EDGE_CURVE('',#1202,#1260,#330,.T.);
#1551=EDGE_CURVE('',#1259,#1203,#331,.T.);
#1552=EDGE_CURVE('',#1258,#1204,#332,.T.);
#1553=EDGE_CURVE('',#1173,#1246,#333,.T.);
#1554=EDGE_CURVE('',#1226,#1254,#334,.T.);
#1555=EDGE_CURVE('',#1261,#1167,#335,.T.);
#1556=EDGE_CURVE('',#1262,#1261,#336,.T.);
#1557=EDGE_CURVE('',#1168,#1262,#337,.T.);
#1558=EDGE_CURVE('',#1205,#1262,#338,.T.);
#1559=EDGE_CURVE('',#1261,#1206,#339,.T.);
#1560=EDGE_CURVE('',#1164,#1263,#340,.T.);
#1561=EDGE_CURVE('',#1263,#1207,#341,.T.);
#1562=EDGE_CURVE('',#1263,#1192,#342,.T.);
#1563=EDGE_CURVE('',#1264,#1163,#343,.T.);
#1564=EDGE_CURVE('',#1193,#1264,#344,.T.);
#1565=EDGE_CURVE('',#1264,#1182,#345,.T.);
#1566=EDGE_CURVE('',#1265,#1266,#346,.T.);
#1567=EDGE_CURVE('',#1266,#1267,#347,.T.);
#1568=EDGE_CURVE('',#1267,#1268,#35,.T.);
#1569=EDGE_CURVE('',#1268,#1269,#348,.T.);
#1570=EDGE_CURVE('',#1269,#1270,#349,.T.);
#1571=EDGE_CURVE('',#1270,#1271,#350,.T.);
#1572=EDGE_CURVE('',#1271,#1272,#36,.T.);
#1573=EDGE_CURVE('',#1272,#1273,#351,.T.);
#1574=EDGE_CURVE('',#1273,#1274,#352,.T.);
#1575=EDGE_CURVE('',#1274,#1275,#353,.T.);
#1576=EDGE_CURVE('',#1275,#1276,#354,.T.);
#1577=EDGE_CURVE('',#1276,#1265,#355,.T.);
#1578=EDGE_CURVE('',#1277,#1266,#356,.T.);
#1579=EDGE_CURVE('',#1278,#1277,#357,.T.);
#1580=EDGE_CURVE('',#1267,#1278,#358,.T.);
#1581=EDGE_CURVE('',#1279,#1278,#37,.T.);
#1582=EDGE_CURVE('',#1268,#1279,#359,.T.);
#1583=EDGE_CURVE('',#1280,#1279,#360,.T.);
#1584=EDGE_CURVE('',#1269,#1280,#361,.T.);
#1585=EDGE_CURVE('',#1281,#1280,#362,.F.);
#1586=EDGE_CURVE('',#1270,#1281,#363,.F.);
#1587=EDGE_CURVE('',#1282,#1281,#364,.T.);
#1588=EDGE_CURVE('',#1271,#1282,#365,.T.);
#1589=EDGE_CURVE('',#1283,#1282,#38,.T.);
#1590=EDGE_CURVE('',#1272,#1283,#366,.T.);
#1591=EDGE_CURVE('',#1284,#1283,#367,.T.);
#1592=EDGE_CURVE('',#1273,#1284,#368,.T.);
#1593=EDGE_CURVE('',#1285,#1284,#369,.T.);
#1594=EDGE_CURVE('',#1274,#1285,#370,.T.);
#1595=EDGE_CURVE('',#1286,#1285,#371,.T.);
#1596=EDGE_CURVE('',#1275,#1286,#372,.T.);
#1597=EDGE_CURVE('',#1287,#1286,#373,.F.);
#1598=EDGE_CURVE('',#1276,#1287,#374,.F.);
#1599=EDGE_CURVE('',#1288,#1287,#375,.T.);
#1600=EDGE_CURVE('',#1265,#1288,#376,.T.);
#1601=EDGE_CURVE('',#1277,#1288,#377,.T.);
#1602=EDGE_CURVE('',#1289,#1290,#378,.T.);
#1603=EDGE_CURVE('',#1290,#1291,#379,.T.);
#1604=EDGE_CURVE('',#1291,#1292,#380,.F.);
#1605=EDGE_CURVE('',#1292,#1289,#381,.T.);
#1606=EDGE_CURVE('',#1293,#1290,#382,.T.);
#1607=EDGE_CURVE('',#1294,#1293,#383,.T.);
#1608=EDGE_CURVE('',#1291,#1294,#384,.T.);
#1609=EDGE_CURVE('',#1295,#1294,#385,.F.);
#1610=EDGE_CURVE('',#1292,#1295,#386,.F.);
#1611=EDGE_CURVE('',#1296,#1295,#387,.T.);
#1612=EDGE_CURVE('',#1289,#1296,#388,.T.);
#1613=EDGE_CURVE('',#1293,#1296,#389,.T.);
#1614=EDGE_CURVE('',#1297,#1298,#390,.T.);
#1615=EDGE_CURVE('',#1298,#1299,#391,.T.);
#1616=EDGE_CURVE('',#1299,#1300,#392,.T.);
#1617=EDGE_CURVE('',#1300,#1297,#393,.F.);
#1618=EDGE_CURVE('',#1301,#1298,#394,.T.);
#1619=EDGE_CURVE('',#1302,#1301,#395,.T.);
#1620=EDGE_CURVE('',#1299,#1302,#396,.T.);
#1621=EDGE_CURVE('',#1303,#1302,#397,.T.);
#1622=EDGE_CURVE('',#1300,#1303,#398,.T.);
#1623=EDGE_CURVE('',#1304,#1303,#399,.F.);
#1624=EDGE_CURVE('',#1297,#1304,#400,.F.);
#1625=EDGE_CURVE('',#1301,#1304,#401,.T.);
#1626=EDGE_CURVE('',#1305,#1306,#402,.T.);
#1627=EDGE_CURVE('',#1306,#1307,#403,.T.);
#1628=EDGE_CURVE('',#1307,#1308,#404,.T.);
#1629=EDGE_CURVE('',#1308,#1305,#405,.F.);
#1630=EDGE_CURVE('',#1309,#1306,#406,.T.);
#1631=EDGE_CURVE('',#1310,#1309,#407,.T.);
#1632=EDGE_CURVE('',#1307,#1310,#408,.T.);
#1633=EDGE_CURVE('',#1311,#1310,#409,.T.);
#1634=EDGE_CURVE('',#1308,#1311,#410,.T.);
#1635=EDGE_CURVE('',#1312,#1311,#411,.F.);
#1636=EDGE_CURVE('',#1305,#1312,#412,.F.);
#1637=EDGE_CURVE('',#1309,#1312,#413,.T.);
#1638=EDGE_CURVE('',#1313,#1314,#414,.T.);
#1639=EDGE_CURVE('',#1314,#1315,#415,.T.);
#1640=EDGE_CURVE('',#1315,#1316,#416,.T.);
#1641=EDGE_CURVE('',#1316,#1313,#417,.F.);
#1642=EDGE_CURVE('',#1317,#1314,#418,.T.);
#1643=EDGE_CURVE('',#1318,#1317,#419,.T.);
#1644=EDGE_CURVE('',#1315,#1318,#420,.T.);
#1645=EDGE_CURVE('',#1319,#1318,#421,.T.);
#1646=EDGE_CURVE('',#1316,#1319,#422,.T.);
#1647=EDGE_CURVE('',#1320,#1319,#423,.F.);
#1648=EDGE_CURVE('',#1313,#1320,#424,.F.);
#1649=EDGE_CURVE('',#1317,#1320,#425,.T.);
#1650=EDGE_CURVE('',#1321,#1322,#426,.F.);
#1651=EDGE_CURVE('',#1322,#1323,#427,.T.);
#1652=EDGE_CURVE('',#1323,#1324,#428,.T.);
#1653=EDGE_CURVE('',#1324,#1325,#429,.F.);
#1654=EDGE_CURVE('',#1325,#1326,#430,.T.);
#1655=EDGE_CURVE('',#1326,#1321,#431,.T.);
#1656=EDGE_CURVE('',#1327,#1322,#432,.T.);
#1657=EDGE_CURVE('',#1328,#1327,#433,.T.);
#1658=EDGE_CURVE('',#1323,#1328,#434,.T.);
#1659=EDGE_CURVE('',#1329,#1328,#435,.T.);
#1660=EDGE_CURVE('',#1324,#1329,#436,.T.);
#1661=EDGE_CURVE('',#1330,#1329,#437,.F.);
#1662=EDGE_CURVE('',#1325,#1330,#438,.F.);
#1663=EDGE_CURVE('',#1331,#1330,#439,.T.);
#1664=EDGE_CURVE('',#1326,#1331,#440,.T.);
#1665=EDGE_CURVE('',#1332,#1331,#441,.T.);
#1666=EDGE_CURVE('',#1321,#1332,#442,.T.);
#1667=EDGE_CURVE('',#1327,#1332,#443,.F.);
#1668=EDGE_CURVE('',#1333,#1334,#444,.T.);
#1669=EDGE_CURVE('',#1334,#1335,#445,.T.);
#1670=EDGE_CURVE('',#1335,#1336,#446,.F.);
#1671=EDGE_CURVE('',#1336,#1337,#447,.T.);
#1672=EDGE_CURVE('',#1337,#1338,#448,.T.);
#1673=EDGE_CURVE('',#1338,#1333,#449,.F.);
#1674=EDGE_CURVE('',#1339,#1334,#450,.T.);
#1675=EDGE_CURVE('',#1340,#1339,#451,.T.);
#1676=EDGE_CURVE('',#1335,#1340,#452,.T.);
#1677=EDGE_CURVE('',#1341,#1340,#453,.F.);
#1678=EDGE_CURVE('',#1336,#1341,#454,.F.);
#1679=EDGE_CURVE('',#1342,#1341,#455,.T.);
#1680=EDGE_CURVE('',#1337,#1342,#456,.T.);
#1681=EDGE_CURVE('',#1343,#1342,#457,.T.);
#1682=EDGE_CURVE('',#1338,#1343,#458,.T.);
#1683=EDGE_CURVE('',#1344,#1343,#459,.F.);
#1684=EDGE_CURVE('',#1333,#1344,#460,.F.);
#1685=EDGE_CURVE('',#1339,#1344,#461,.T.);
#1686=EDGE_CURVE('',#1345,#1346,#462,.T.);
#1687=EDGE_CURVE('',#1346,#1347,#463,.F.);
#1688=EDGE_CURVE('',#1347,#1348,#464,.T.);
#1689=EDGE_CURVE('',#1348,#1349,#465,.T.);
#1690=EDGE_CURVE('',#1349,#1350,#466,.F.);
#1691=EDGE_CURVE('',#1350,#1345,#467,.T.);
#1692=EDGE_CURVE('',#1346,#1351,#468,.T.);
#1693=EDGE_CURVE('',#1352,#1351,#469,.F.);
#1694=EDGE_CURVE('',#1347,#1352,#470,.F.);
#1695=EDGE_CURVE('',#1353,#1352,#471,.T.);
#1696=EDGE_CURVE('',#1348,#1353,#472,.T.);
#1697=EDGE_CURVE('',#1354,#1353,#473,.T.);
#1698=EDGE_CURVE('',#1349,#1354,#474,.T.);
#1699=EDGE_CURVE('',#1355,#1354,#475,.F.);
#1700=EDGE_CURVE('',#1350,#1355,#476,.F.);
#1701=EDGE_CURVE('',#1356,#1355,#477,.T.);
#1702=EDGE_CURVE('',#1345,#1356,#478,.T.);
#1703=EDGE_CURVE('',#1351,#1356,#479,.T.);
#1704=EDGE_CURVE('',#1357,#1358,#480,.T.);
#1705=EDGE_CURVE('',#1358,#1359,#481,.T.);
#1706=EDGE_CURVE('',#1359,#1360,#482,.F.);
#1707=EDGE_CURVE('',#1360,#1361,#483,.T.);
#1708=EDGE_CURVE('',#1361,#1362,#484,.T.);
#1709=EDGE_CURVE('',#1362,#1363,#485,.F.);
#1710=EDGE_CURVE('',#1363,#1357,#486,.T.);
#1711=EDGE_CURVE('',#1364,#1365,#487,.T.);
#1712=EDGE_CURVE('',#1365,#1358,#488,.T.);
#1713=EDGE_CURVE('',#1364,#1357,#489,.T.);
#1714=EDGE_CURVE('',#1366,#1364,#490,.T.);
#1715=EDGE_CURVE('',#1367,#1366,#491,.T.);
#1716=EDGE_CURVE('',#1368,#1367,#492,.T.);
#1717=EDGE_CURVE('',#1369,#1368,#493,.T.);
#1718=EDGE_CURVE('',#1370,#1369,#494,.T.);
#1719=EDGE_CURVE('',#1365,#1370,#495,.T.);
#1720=EDGE_CURVE('',#1363,#1366,#496,.F.);
#1721=EDGE_CURVE('',#1367,#1362,#497,.F.);
#1722=EDGE_CURVE('',#1368,#1361,#498,.T.);
#1723=EDGE_CURVE('',#1369,#1360,#499,.T.);
#1724=EDGE_CURVE('',#1370,#1359,#500,.F.);
#1725=ORIENTED_EDGE('',*,*,#1371,.F.);
#1726=ORIENTED_EDGE('',*,*,#1372,.F.);
#1727=ORIENTED_EDGE('',*,*,#1373,.F.);
#1728=ORIENTED_EDGE('',*,*,#1374,.T.);
#1729=ORIENTED_EDGE('',*,*,#1375,.T.);
#1730=ORIENTED_EDGE('',*,*,#1372,.T.);
#1731=ORIENTED_EDGE('',*,*,#1376,.T.);
#1732=ORIENTED_EDGE('',*,*,#1377,.F.);
#1733=ORIENTED_EDGE('',*,*,#1378,.F.);
#1734=ORIENTED_EDGE('',*,*,#1379,.F.);
#1735=ORIENTED_EDGE('',*,*,#1380,.T.);
#1736=ORIENTED_EDGE('',*,*,#1381,.T.);
#1737=ORIENTED_EDGE('',*,*,#1378,.T.);
#1738=ORIENTED_EDGE('',*,*,#1382,.T.);
#1739=ORIENTED_EDGE('',*,*,#1371,.T.);
#1740=ORIENTED_EDGE('',*,*,#1383,.T.);
#1741=ORIENTED_EDGE('',*,*,#1379,.T.);
#1742=ORIENTED_EDGE('',*,*,#1384,.T.);
#1743=ORIENTED_EDGE('',*,*,#1385,.F.);
#1744=ORIENTED_EDGE('',*,*,#1386,.F.);
#1745=ORIENTED_EDGE('',*,*,#1387,.F.);
#1746=ORIENTED_EDGE('',*,*,#1388,.T.);
#1747=ORIENTED_EDGE('',*,*,#1389,.T.);
#1748=ORIENTED_EDGE('',*,*,#1386,.T.);
#1749=ORIENTED_EDGE('',*,*,#1390,.T.);
#1750=ORIENTED_EDGE('',*,*,#1391,.F.);
#1751=ORIENTED_EDGE('',*,*,#1392,.F.);
#1752=ORIENTED_EDGE('',*,*,#1393,.F.);
#1753=ORIENTED_EDGE('',*,*,#1394,.T.);
#1754=ORIENTED_EDGE('',*,*,#1395,.T.);
#1755=ORIENTED_EDGE('',*,*,#1392,.T.);
#1756=ORIENTED_EDGE('',*,*,#1396,.T.);
#1757=ORIENTED_EDGE('',*,*,#1377,.T.);
#1758=ORIENTED_EDGE('',*,*,#1397,.T.);
#1759=ORIENTED_EDGE('',*,*,#1393,.T.);
#1760=ORIENTED_EDGE('',*,*,#1398,.T.);
#1761=ORIENTED_EDGE('',*,*,#1391,.T.);
#1762=ORIENTED_EDGE('',*,*,#1399,.T.);
#1763=ORIENTED_EDGE('',*,*,#1387,.T.);
#1764=ORIENTED_EDGE('',*,*,#1400,.T.);
#1765=ORIENTED_EDGE('',*,*,#1385,.T.);
#1766=ORIENTED_EDGE('',*,*,#1401,.T.);
#1767=ORIENTED_EDGE('',*,*,#1373,.T.);
#1768=ORIENTED_EDGE('',*,*,#1402,.T.);
#1769=ORIENTED_EDGE('',*,*,#1374,.F.);
#1770=ORIENTED_EDGE('',*,*,#1403,.F.);
#1771=ORIENTED_EDGE('',*,*,#1404,.T.);
#1772=ORIENTED_EDGE('',*,*,#1405,.T.);
#1773=ORIENTED_EDGE('',*,*,#1406,.F.);
#1774=ORIENTED_EDGE('',*,*,#1376,.F.);
#1775=ORIENTED_EDGE('',*,*,#1384,.F.);
#1776=ORIENTED_EDGE('',*,*,#1381,.F.);
#1777=ORIENTED_EDGE('',*,*,#1407,.T.);
#1778=ORIENTED_EDGE('',*,*,#1408,.T.);
#1779=ORIENTED_EDGE('',*,*,#1409,.T.);
#1780=ORIENTED_EDGE('',*,*,#1410,.T.);
#1781=ORIENTED_EDGE('',*,*,#1411,.T.);
#1782=ORIENTED_EDGE('',*,*,#1412,.T.);
#1783=ORIENTED_EDGE('',*,*,#1413,.T.);
#1784=ORIENTED_EDGE('',*,*,#1414,.T.);
#1785=ORIENTED_EDGE('',*,*,#1415,.T.);
#1786=ORIENTED_EDGE('',*,*,#1416,.T.);
#1787=ORIENTED_EDGE('',*,*,#1417,.T.);
#1788=ORIENTED_EDGE('',*,*,#1418,.T.);
#1789=ORIENTED_EDGE('',*,*,#1419,.T.);
#1790=ORIENTED_EDGE('',*,*,#1420,.T.);
#1791=ORIENTED_EDGE('',*,*,#1421,.T.);
#1792=ORIENTED_EDGE('',*,*,#1422,.T.);
#1793=ORIENTED_EDGE('',*,*,#1423,.T.);
#1794=ORIENTED_EDGE('',*,*,#1424,.T.);
#1795=ORIENTED_EDGE('',*,*,#1425,.T.);
#1796=ORIENTED_EDGE('',*,*,#1426,.T.);
#1797=ORIENTED_EDGE('',*,*,#1403,.T.);
#1798=ORIENTED_EDGE('',*,*,#1380,.F.);
#1799=ORIENTED_EDGE('',*,*,#1427,.F.);
#1800=ORIENTED_EDGE('',*,*,#1428,.T.);
#1801=ORIENTED_EDGE('',*,*,#1429,.T.);
#1802=ORIENTED_EDGE('',*,*,#1407,.F.);
#1803=ORIENTED_EDGE('',*,*,#1382,.F.);
#1804=ORIENTED_EDGE('',*,*,#1398,.F.);
#1805=ORIENTED_EDGE('',*,*,#1395,.F.);
#1806=ORIENTED_EDGE('',*,*,#1430,.T.);
#1807=ORIENTED_EDGE('',*,*,#1431,.T.);
#1808=ORIENTED_EDGE('',*,*,#1432,.T.);
#1809=ORIENTED_EDGE('',*,*,#1433,.T.);
#1810=ORIENTED_EDGE('',*,*,#1434,.T.);
#1811=ORIENTED_EDGE('',*,*,#1435,.T.);
#1812=ORIENTED_EDGE('',*,*,#1436,.T.);
#1813=ORIENTED_EDGE('',*,*,#1437,.T.);
#1814=ORIENTED_EDGE('',*,*,#1438,.T.);
#1815=ORIENTED_EDGE('',*,*,#1439,.T.);
#1816=ORIENTED_EDGE('',*,*,#1440,.T.);
#1817=ORIENTED_EDGE('',*,*,#1441,.T.);
#1818=ORIENTED_EDGE('',*,*,#1427,.T.);
#1819=ORIENTED_EDGE('',*,*,#1383,.F.);
#1820=ORIENTED_EDGE('',*,*,#1401,.F.);
#1821=ORIENTED_EDGE('',*,*,#1399,.F.);
#1822=ORIENTED_EDGE('',*,*,#1397,.F.);
#1823=ORIENTED_EDGE('',*,*,#1442,.F.);
#1824=ORIENTED_EDGE('',*,*,#1443,.F.);
#1825=ORIENTED_EDGE('',*,*,#1444,.T.);
#1826=ORIENTED_EDGE('',*,*,#1445,.F.);
#1827=ORIENTED_EDGE('',*,*,#1446,.F.);
#1828=ORIENTED_EDGE('',*,*,#1445,.T.);
#1829=ORIENTED_EDGE('',*,*,#1447,.T.);
#1830=ORIENTED_EDGE('',*,*,#1435,.F.);
#1831=ORIENTED_EDGE('',*,*,#1436,.F.);
#1832=ORIENTED_EDGE('',*,*,#1447,.F.);
#1833=ORIENTED_EDGE('',*,*,#1444,.F.);
#1834=ORIENTED_EDGE('',*,*,#1448,.F.);
#1835=ORIENTED_EDGE('',*,*,#1449,.F.);
#1836=ORIENTED_EDGE('',*,*,#1437,.F.);
#1837=ORIENTED_EDGE('',*,*,#1448,.T.);
#1838=ORIENTED_EDGE('',*,*,#1443,.T.);
#1839=ORIENTED_EDGE('',*,*,#1449,.T.);
#1840=ORIENTED_EDGE('',*,*,#1442,.T.);
#1841=ORIENTED_EDGE('',*,*,#1446,.T.);
#1842=ORIENTED_EDGE('',*,*,#1434,.F.);
#1843=ORIENTED_EDGE('',*,*,#1450,.T.);
#1844=ORIENTED_EDGE('',*,*,#1451,.T.);
#1845=ORIENTED_EDGE('',*,*,#1452,.F.);
#1846=ORIENTED_EDGE('',*,*,#1453,.T.);
#1847=ORIENTED_EDGE('',*,*,#1454,.T.);
#1848=ORIENTED_EDGE('',*,*,#1455,.T.);
#1849=ORIENTED_EDGE('',*,*,#1456,.T.);
#1850=ORIENTED_EDGE('',*,*,#1457,.T.);
#1851=ORIENTED_EDGE('',*,*,#1415,.F.);
#1852=ORIENTED_EDGE('',*,*,#1458,.T.);
#1853=ORIENTED_EDGE('',*,*,#1459,.T.);
#1854=ORIENTED_EDGE('',*,*,#1460,.T.);
#1855=ORIENTED_EDGE('',*,*,#1411,.F.);
#1856=ORIENTED_EDGE('',*,*,#1461,.T.);
#1857=ORIENTED_EDGE('',*,*,#1462,.T.);
#1858=ORIENTED_EDGE('',*,*,#1438,.F.);
#1859=ORIENTED_EDGE('',*,*,#1463,.F.);
#1860=ORIENTED_EDGE('',*,*,#1464,.F.);
#1861=ORIENTED_EDGE('',*,*,#1465,.T.);
#1862=ORIENTED_EDGE('',*,*,#1431,.F.);
#1863=ORIENTED_EDGE('',*,*,#1433,.F.);
#1864=ORIENTED_EDGE('',*,*,#1466,.T.);
#1865=ORIENTED_EDGE('',*,*,#1467,.T.);
#1866=ORIENTED_EDGE('',*,*,#1450,.F.);
#1867=ORIENTED_EDGE('',*,*,#1468,.F.);
#1868=ORIENTED_EDGE('',*,*,#1469,.F.);
#1869=ORIENTED_EDGE('',*,*,#1466,.F.);
#1870=ORIENTED_EDGE('',*,*,#1432,.F.);
#1871=ORIENTED_EDGE('',*,*,#1465,.F.);
#1872=ORIENTED_EDGE('',*,*,#1470,.F.);
#1873=ORIENTED_EDGE('',*,*,#1471,.F.);
#1874=ORIENTED_EDGE('',*,*,#1472,.F.);
#1875=ORIENTED_EDGE('',*,*,#1470,.T.);
#1876=ORIENTED_EDGE('',*,*,#1464,.T.);
#1877=ORIENTED_EDGE('',*,*,#1473,.F.);
#1878=ORIENTED_EDGE('',*,*,#1451,.F.);
#1879=ORIENTED_EDGE('',*,*,#1467,.F.);
#1880=ORIENTED_EDGE('',*,*,#1469,.T.);
#1881=ORIENTED_EDGE('',*,*,#1394,.F.);
#1882=ORIENTED_EDGE('',*,*,#1474,.F.);
#1883=ORIENTED_EDGE('',*,*,#1471,.T.);
#1884=ORIENTED_EDGE('',*,*,#1463,.T.);
#1885=ORIENTED_EDGE('',*,*,#1430,.F.);
#1886=ORIENTED_EDGE('',*,*,#1475,.F.);
#1887=ORIENTED_EDGE('',*,*,#1476,.T.);
#1888=ORIENTED_EDGE('',*,*,#1477,.T.);
#1889=ORIENTED_EDGE('',*,*,#1478,.F.);
#1890=ORIENTED_EDGE('',*,*,#1479,.F.);
#1891=ORIENTED_EDGE('',*,*,#1477,.F.);
#1892=ORIENTED_EDGE('',*,*,#1480,.F.);
#1893=ORIENTED_EDGE('',*,*,#1481,.F.);
#1894=ORIENTED_EDGE('',*,*,#1482,.F.);
#1895=ORIENTED_EDGE('',*,*,#1483,.F.);
#1896=ORIENTED_EDGE('',*,*,#1484,.F.);
#1897=ORIENTED_EDGE('',*,*,#1485,.F.);
#1898=ORIENTED_EDGE('',*,*,#1484,.T.);
#1899=ORIENTED_EDGE('',*,*,#1486,.F.);
#1900=ORIENTED_EDGE('',*,*,#1487,.F.);
#1901=ORIENTED_EDGE('',*,*,#1488,.F.);
#1902=ORIENTED_EDGE('',*,*,#1489,.T.);
#1903=ORIENTED_EDGE('',*,*,#1480,.T.);
#1904=ORIENTED_EDGE('',*,*,#1476,.F.);
#1905=ORIENTED_EDGE('',*,*,#1490,.F.);
#1906=ORIENTED_EDGE('',*,*,#1491,.F.);
#1907=ORIENTED_EDGE('',*,*,#1481,.T.);
#1908=ORIENTED_EDGE('',*,*,#1489,.F.);
#1909=ORIENTED_EDGE('',*,*,#1492,.F.);
#1910=ORIENTED_EDGE('',*,*,#1493,.F.);
#1911=ORIENTED_EDGE('',*,*,#1486,.T.);
#1912=ORIENTED_EDGE('',*,*,#1483,.T.);
#1913=ORIENTED_EDGE('',*,*,#1375,.F.);
#1914=ORIENTED_EDGE('',*,*,#1406,.T.);
#1915=ORIENTED_EDGE('',*,*,#1494,.T.);
#1916=ORIENTED_EDGE('',*,*,#1495,.T.);
#1917=ORIENTED_EDGE('',*,*,#1496,.T.);
#1918=ORIENTED_EDGE('',*,*,#1497,.T.);
#1919=ORIENTED_EDGE('',*,*,#1498,.T.);
#1920=ORIENTED_EDGE('',*,*,#1499,.T.);
#1921=ORIENTED_EDGE('',*,*,#1500,.T.);
#1922=ORIENTED_EDGE('',*,*,#1501,.T.);
#1923=ORIENTED_EDGE('',*,*,#1478,.T.);
#1924=ORIENTED_EDGE('',*,*,#1479,.T.);
#1925=ORIENTED_EDGE('',*,*,#1485,.T.);
#1926=ORIENTED_EDGE('',*,*,#1502,.T.);
#1927=ORIENTED_EDGE('',*,*,#1390,.F.);
#1928=ORIENTED_EDGE('',*,*,#1402,.F.);
#1929=ORIENTED_EDGE('',*,*,#1388,.F.);
#1930=ORIENTED_EDGE('',*,*,#1502,.F.);
#1931=ORIENTED_EDGE('',*,*,#1487,.T.);
#1932=ORIENTED_EDGE('',*,*,#1493,.T.);
#1933=ORIENTED_EDGE('',*,*,#1503,.F.);
#1934=ORIENTED_EDGE('',*,*,#1499,.F.);
#1935=ORIENTED_EDGE('',*,*,#1504,.F.);
#1936=ORIENTED_EDGE('',*,*,#1505,.F.);
#1937=ORIENTED_EDGE('',*,*,#1506,.F.);
#1938=ORIENTED_EDGE('',*,*,#1500,.F.);
#1939=ORIENTED_EDGE('',*,*,#1506,.T.);
#1940=ORIENTED_EDGE('',*,*,#1507,.F.);
#1941=ORIENTED_EDGE('',*,*,#1508,.F.);
#1942=ORIENTED_EDGE('',*,*,#1509,.F.);
#1943=ORIENTED_EDGE('',*,*,#1507,.T.);
#1944=ORIENTED_EDGE('',*,*,#1505,.T.);
#1945=ORIENTED_EDGE('',*,*,#1510,.T.);
#1946=ORIENTED_EDGE('',*,*,#1498,.F.);
#1947=ORIENTED_EDGE('',*,*,#1511,.F.);
#1948=ORIENTED_EDGE('',*,*,#1510,.F.);
#1949=ORIENTED_EDGE('',*,*,#1504,.T.);
#1950=ORIENTED_EDGE('',*,*,#1426,.F.);
#1951=ORIENTED_EDGE('',*,*,#1512,.T.);
#1952=ORIENTED_EDGE('',*,*,#1513,.T.);
#1953=ORIENTED_EDGE('',*,*,#1404,.F.);
#1954=ORIENTED_EDGE('',*,*,#1405,.F.);
#1955=ORIENTED_EDGE('',*,*,#1513,.F.);
#1956=ORIENTED_EDGE('',*,*,#1514,.T.);
#1957=ORIENTED_EDGE('',*,*,#1494,.F.);
#1958=ORIENTED_EDGE('',*,*,#1425,.F.);
#1959=ORIENTED_EDGE('',*,*,#1515,.F.);
#1960=ORIENTED_EDGE('',*,*,#1516,.F.);
#1961=ORIENTED_EDGE('',*,*,#1495,.F.);
#1962=ORIENTED_EDGE('',*,*,#1514,.F.);
#1963=ORIENTED_EDGE('',*,*,#1512,.F.);
#1964=ORIENTED_EDGE('',*,*,#1424,.F.);
#1965=ORIENTED_EDGE('',*,*,#1517,.F.);
#1966=ORIENTED_EDGE('',*,*,#1518,.T.);
#1967=ORIENTED_EDGE('',*,*,#1515,.T.);
#1968=ORIENTED_EDGE('',*,*,#1519,.F.);
#1969=ORIENTED_EDGE('',*,*,#1496,.F.);
#1970=ORIENTED_EDGE('',*,*,#1516,.T.);
#1971=ORIENTED_EDGE('',*,*,#1518,.F.);
#1972=ORIENTED_EDGE('',*,*,#1421,.F.);
#1973=ORIENTED_EDGE('',*,*,#1520,.F.);
#1974=ORIENTED_EDGE('',*,*,#1521,.F.);
#1975=ORIENTED_EDGE('',*,*,#1522,.F.);
#1976=ORIENTED_EDGE('',*,*,#1422,.F.);
#1977=ORIENTED_EDGE('',*,*,#1522,.T.);
#1978=ORIENTED_EDGE('',*,*,#1523,.F.);
#1979=ORIENTED_EDGE('',*,*,#1524,.F.);
#1980=ORIENTED_EDGE('',*,*,#1525,.F.);
#1981=ORIENTED_EDGE('',*,*,#1523,.T.);
#1982=ORIENTED_EDGE('',*,*,#1521,.T.);
#1983=ORIENTED_EDGE('',*,*,#1526,.T.);
#1984=ORIENTED_EDGE('',*,*,#1420,.F.);
#1985=ORIENTED_EDGE('',*,*,#1527,.F.);
#1986=ORIENTED_EDGE('',*,*,#1526,.F.);
#1987=ORIENTED_EDGE('',*,*,#1520,.T.);
#1988=ORIENTED_EDGE('',*,*,#1528,.F.);
#1989=ORIENTED_EDGE('',*,*,#1529,.F.);
#1990=ORIENTED_EDGE('',*,*,#1530,.T.);
#1991=ORIENTED_EDGE('',*,*,#1531,.T.);
#1992=ORIENTED_EDGE('',*,*,#1532,.F.);
#1993=ORIENTED_EDGE('',*,*,#1531,.F.);
#1994=ORIENTED_EDGE('',*,*,#1533,.T.);
#1995=ORIENTED_EDGE('',*,*,#1534,.T.);
#1996=ORIENTED_EDGE('',*,*,#1535,.F.);
#1997=ORIENTED_EDGE('',*,*,#1534,.F.);
#1998=ORIENTED_EDGE('',*,*,#1536,.T.);
#1999=ORIENTED_EDGE('',*,*,#1537,.T.);
#2000=ORIENTED_EDGE('',*,*,#1538,.F.);
#2001=ORIENTED_EDGE('',*,*,#1537,.F.);
#2002=ORIENTED_EDGE('',*,*,#1539,.T.);
#2003=ORIENTED_EDGE('',*,*,#1540,.F.);
#2004=ORIENTED_EDGE('',*,*,#1541,.F.);
#2005=ORIENTED_EDGE('',*,*,#1542,.T.);
#2006=ORIENTED_EDGE('',*,*,#1543,.T.);
#2007=ORIENTED_EDGE('',*,*,#1453,.F.);
#2008=ORIENTED_EDGE('',*,*,#1417,.F.);
#2009=ORIENTED_EDGE('',*,*,#1544,.F.);
#2010=ORIENTED_EDGE('',*,*,#1545,.F.);
#2011=ORIENTED_EDGE('',*,*,#1546,.F.);
#2012=ORIENTED_EDGE('',*,*,#1547,.F.);
#2013=ORIENTED_EDGE('',*,*,#1542,.F.);
#2014=ORIENTED_EDGE('',*,*,#1548,.F.);
#2015=ORIENTED_EDGE('',*,*,#1539,.F.);
#2016=ORIENTED_EDGE('',*,*,#1536,.F.);
#2017=ORIENTED_EDGE('',*,*,#1533,.F.);
#2018=ORIENTED_EDGE('',*,*,#1530,.F.);
#2019=ORIENTED_EDGE('',*,*,#1549,.F.);
#2020=ORIENTED_EDGE('',*,*,#1455,.F.);
#2021=ORIENTED_EDGE('',*,*,#1550,.T.);
#2022=ORIENTED_EDGE('',*,*,#1546,.T.);
#2023=ORIENTED_EDGE('',*,*,#1551,.T.);
#2024=ORIENTED_EDGE('',*,*,#1456,.F.);
#2025=ORIENTED_EDGE('',*,*,#1551,.F.);
#2026=ORIENTED_EDGE('',*,*,#1545,.T.);
#2027=ORIENTED_EDGE('',*,*,#1552,.T.);
#2028=ORIENTED_EDGE('',*,*,#1416,.F.);
#2029=ORIENTED_EDGE('',*,*,#1457,.F.);
#2030=ORIENTED_EDGE('',*,*,#1552,.F.);
#2031=ORIENTED_EDGE('',*,*,#1544,.T.);
#2032=ORIENTED_EDGE('',*,*,#1553,.F.);
#2033=ORIENTED_EDGE('',*,*,#1418,.F.);
#2034=ORIENTED_EDGE('',*,*,#1549,.T.);
#2035=ORIENTED_EDGE('',*,*,#1529,.T.);
#2036=ORIENTED_EDGE('',*,*,#1454,.F.);
#2037=ORIENTED_EDGE('',*,*,#1543,.F.);
#2038=ORIENTED_EDGE('',*,*,#1547,.T.);
#2039=ORIENTED_EDGE('',*,*,#1550,.F.);
#2040=ORIENTED_EDGE('',*,*,#1475,.T.);
#2041=ORIENTED_EDGE('',*,*,#1501,.F.);
#2042=ORIENTED_EDGE('',*,*,#1508,.T.);
#2043=ORIENTED_EDGE('',*,*,#1509,.T.);
#2044=ORIENTED_EDGE('',*,*,#1511,.T.);
#2045=ORIENTED_EDGE('',*,*,#1497,.F.);
#2046=ORIENTED_EDGE('',*,*,#1519,.T.);
#2047=ORIENTED_EDGE('',*,*,#1517,.T.);
#2048=ORIENTED_EDGE('',*,*,#1423,.F.);
#2049=ORIENTED_EDGE('',*,*,#1524,.T.);
#2050=ORIENTED_EDGE('',*,*,#1525,.T.);
#2051=ORIENTED_EDGE('',*,*,#1527,.T.);
#2052=ORIENTED_EDGE('',*,*,#1419,.F.);
#2053=ORIENTED_EDGE('',*,*,#1553,.T.);
#2054=ORIENTED_EDGE('',*,*,#1528,.T.);
#2055=ORIENTED_EDGE('',*,*,#1532,.T.);
#2056=ORIENTED_EDGE('',*,*,#1535,.T.);
#2057=ORIENTED_EDGE('',*,*,#1538,.T.);
#2058=ORIENTED_EDGE('',*,*,#1554,.F.);
#2059=ORIENTED_EDGE('',*,*,#1490,.T.);
#2060=ORIENTED_EDGE('',*,*,#1488,.T.);
#2061=ORIENTED_EDGE('',*,*,#1389,.F.);
#2062=ORIENTED_EDGE('',*,*,#1503,.T.);
#2063=ORIENTED_EDGE('',*,*,#1492,.T.);
#2064=ORIENTED_EDGE('',*,*,#1482,.T.);
#2065=ORIENTED_EDGE('',*,*,#1491,.T.);
#2066=ORIENTED_EDGE('',*,*,#1554,.T.);
#2067=ORIENTED_EDGE('',*,*,#1540,.T.);
#2068=ORIENTED_EDGE('',*,*,#1548,.T.);
#2069=ORIENTED_EDGE('',*,*,#1541,.T.);
#2070=ORIENTED_EDGE('',*,*,#1452,.T.);
#2071=ORIENTED_EDGE('',*,*,#1473,.T.);
#2072=ORIENTED_EDGE('',*,*,#1468,.T.);
#2073=ORIENTED_EDGE('',*,*,#1472,.T.);
#2074=ORIENTED_EDGE('',*,*,#1474,.T.);
#2075=ORIENTED_EDGE('',*,*,#1396,.F.);
#2076=ORIENTED_EDGE('',*,*,#1400,.F.);
#2077=ORIENTED_EDGE('',*,*,#1413,.F.);
#2078=ORIENTED_EDGE('',*,*,#1555,.F.);
#2079=ORIENTED_EDGE('',*,*,#1556,.F.);
#2080=ORIENTED_EDGE('',*,*,#1557,.F.);
#2081=ORIENTED_EDGE('',*,*,#1414,.F.);
#2082=ORIENTED_EDGE('',*,*,#1557,.T.);
#2083=ORIENTED_EDGE('',*,*,#1558,.F.);
#2084=ORIENTED_EDGE('',*,*,#1458,.F.);
#2085=ORIENTED_EDGE('',*,*,#1459,.F.);
#2086=ORIENTED_EDGE('',*,*,#1558,.T.);
#2087=ORIENTED_EDGE('',*,*,#1556,.T.);
#2088=ORIENTED_EDGE('',*,*,#1559,.T.);
#2089=ORIENTED_EDGE('',*,*,#1412,.F.);
#2090=ORIENTED_EDGE('',*,*,#1460,.F.);
#2091=ORIENTED_EDGE('',*,*,#1559,.F.);
#2092=ORIENTED_EDGE('',*,*,#1555,.T.);
#2093=ORIENTED_EDGE('',*,*,#1410,.F.);
#2094=ORIENTED_EDGE('',*,*,#1560,.T.);
#2095=ORIENTED_EDGE('',*,*,#1561,.T.);
#2096=ORIENTED_EDGE('',*,*,#1461,.F.);
#2097=ORIENTED_EDGE('',*,*,#1462,.F.);
#2098=ORIENTED_EDGE('',*,*,#1561,.F.);
#2099=ORIENTED_EDGE('',*,*,#1562,.T.);
#2100=ORIENTED_EDGE('',*,*,#1439,.F.);
#2101=ORIENTED_EDGE('',*,*,#1409,.F.);
#2102=ORIENTED_EDGE('',*,*,#1563,.F.);
#2103=ORIENTED_EDGE('',*,*,#1564,.F.);
#2104=ORIENTED_EDGE('',*,*,#1440,.F.);
#2105=ORIENTED_EDGE('',*,*,#1562,.F.);
#2106=ORIENTED_EDGE('',*,*,#1560,.F.);
#2107=ORIENTED_EDGE('',*,*,#1428,.F.);
#2108=ORIENTED_EDGE('',*,*,#1441,.F.);
#2109=ORIENTED_EDGE('',*,*,#1564,.T.);
#2110=ORIENTED_EDGE('',*,*,#1565,.T.);
#2111=ORIENTED_EDGE('',*,*,#1408,.F.);
#2112=ORIENTED_EDGE('',*,*,#1429,.F.);
#2113=ORIENTED_EDGE('',*,*,#1565,.F.);
#2114=ORIENTED_EDGE('',*,*,#1563,.T.);
#2115=ORIENTED_EDGE('',*,*,#1566,.T.);
#2116=ORIENTED_EDGE('',*,*,#1567,.T.);
#2117=ORIENTED_EDGE('',*,*,#1568,.T.);
#2118=ORIENTED_EDGE('',*,*,#1569,.T.);
#2119=ORIENTED_EDGE('',*,*,#1570,.T.);
#2120=ORIENTED_EDGE('',*,*,#1571,.T.);
#2121=ORIENTED_EDGE('',*,*,#1572,.T.);
#2122=ORIENTED_EDGE('',*,*,#1573,.T.);
#2123=ORIENTED_EDGE('',*,*,#1574,.T.);
#2124=ORIENTED_EDGE('',*,*,#1575,.T.);
#2125=ORIENTED_EDGE('',*,*,#1576,.T.);
#2126=ORIENTED_EDGE('',*,*,#1577,.T.);
#2127=ORIENTED_EDGE('',*,*,#1578,.F.);
#2128=ORIENTED_EDGE('',*,*,#1579,.F.);
#2129=ORIENTED_EDGE('',*,*,#1580,.F.);
#2130=ORIENTED_EDGE('',*,*,#1567,.F.);
#2131=ORIENTED_EDGE('',*,*,#1580,.T.);
#2132=ORIENTED_EDGE('',*,*,#1581,.F.);
#2133=ORIENTED_EDGE('',*,*,#1582,.F.);
#2134=ORIENTED_EDGE('',*,*,#1568,.F.);
#2135=ORIENTED_EDGE('',*,*,#1582,.T.);
#2136=ORIENTED_EDGE('',*,*,#1583,.F.);
#2137=ORIENTED_EDGE('',*,*,#1584,.F.);
#2138=ORIENTED_EDGE('',*,*,#1569,.F.);
#2139=ORIENTED_EDGE('',*,*,#1584,.T.);
#2140=ORIENTED_EDGE('',*,*,#1585,.F.);
#2141=ORIENTED_EDGE('',*,*,#1586,.F.);
#2142=ORIENTED_EDGE('',*,*,#1570,.F.);
#2143=ORIENTED_EDGE('',*,*,#1586,.T.);
#2144=ORIENTED_EDGE('',*,*,#1587,.F.);
#2145=ORIENTED_EDGE('',*,*,#1588,.F.);
#2146=ORIENTED_EDGE('',*,*,#1571,.F.);
#2147=ORIENTED_EDGE('',*,*,#1588,.T.);
#2148=ORIENTED_EDGE('',*,*,#1589,.F.);
#2149=ORIENTED_EDGE('',*,*,#1590,.F.);
#2150=ORIENTED_EDGE('',*,*,#1572,.F.);
#2151=ORIENTED_EDGE('',*,*,#1590,.T.);
#2152=ORIENTED_EDGE('',*,*,#1591,.F.);
#2153=ORIENTED_EDGE('',*,*,#1592,.F.);
#2154=ORIENTED_EDGE('',*,*,#1573,.F.);
#2155=ORIENTED_EDGE('',*,*,#1592,.T.);
#2156=ORIENTED_EDGE('',*,*,#1593,.F.);
#2157=ORIENTED_EDGE('',*,*,#1594,.F.);
#2158=ORIENTED_EDGE('',*,*,#1574,.F.);
#2159=ORIENTED_EDGE('',*,*,#1594,.T.);
#2160=ORIENTED_EDGE('',*,*,#1595,.F.);
#2161=ORIENTED_EDGE('',*,*,#1596,.F.);
#2162=ORIENTED_EDGE('',*,*,#1575,.F.);
#2163=ORIENTED_EDGE('',*,*,#1596,.T.);
#2164=ORIENTED_EDGE('',*,*,#1597,.F.);
#2165=ORIENTED_EDGE('',*,*,#1598,.F.);
#2166=ORIENTED_EDGE('',*,*,#1576,.F.);
#2167=ORIENTED_EDGE('',*,*,#1598,.T.);
#2168=ORIENTED_EDGE('',*,*,#1599,.F.);
#2169=ORIENTED_EDGE('',*,*,#1600,.F.);
#2170=ORIENTED_EDGE('',*,*,#1577,.F.);
#2171=ORIENTED_EDGE('',*,*,#1600,.T.);
#2172=ORIENTED_EDGE('',*,*,#1601,.F.);
#2173=ORIENTED_EDGE('',*,*,#1578,.T.);
#2174=ORIENTED_EDGE('',*,*,#1566,.F.);
#2175=ORIENTED_EDGE('',*,*,#1601,.T.);
#2176=ORIENTED_EDGE('',*,*,#1599,.T.);
#2177=ORIENTED_EDGE('',*,*,#1597,.T.);
#2178=ORIENTED_EDGE('',*,*,#1595,.T.);
#2179=ORIENTED_EDGE('',*,*,#1593,.T.);
#2180=ORIENTED_EDGE('',*,*,#1591,.T.);
#2181=ORIENTED_EDGE('',*,*,#1589,.T.);
#2182=ORIENTED_EDGE('',*,*,#1587,.T.);
#2183=ORIENTED_EDGE('',*,*,#1585,.T.);
#2184=ORIENTED_EDGE('',*,*,#1583,.T.);
#2185=ORIENTED_EDGE('',*,*,#1581,.T.);
#2186=ORIENTED_EDGE('',*,*,#1579,.T.);
#2187=ORIENTED_EDGE('',*,*,#1602,.T.);
#2188=ORIENTED_EDGE('',*,*,#1603,.T.);
#2189=ORIENTED_EDGE('',*,*,#1604,.T.);
#2190=ORIENTED_EDGE('',*,*,#1605,.T.);
#2191=ORIENTED_EDGE('',*,*,#1606,.F.);
#2192=ORIENTED_EDGE('',*,*,#1607,.F.);
#2193=ORIENTED_EDGE('',*,*,#1608,.F.);
#2194=ORIENTED_EDGE('',*,*,#1603,.F.);
#2195=ORIENTED_EDGE('',*,*,#1608,.T.);
#2196=ORIENTED_EDGE('',*,*,#1609,.F.);
#2197=ORIENTED_EDGE('',*,*,#1610,.F.);
#2198=ORIENTED_EDGE('',*,*,#1604,.F.);
#2199=ORIENTED_EDGE('',*,*,#1610,.T.);
#2200=ORIENTED_EDGE('',*,*,#1611,.F.);
#2201=ORIENTED_EDGE('',*,*,#1612,.F.);
#2202=ORIENTED_EDGE('',*,*,#1605,.F.);
#2203=ORIENTED_EDGE('',*,*,#1612,.T.);
#2204=ORIENTED_EDGE('',*,*,#1613,.F.);
#2205=ORIENTED_EDGE('',*,*,#1606,.T.);
#2206=ORIENTED_EDGE('',*,*,#1602,.F.);
#2207=ORIENTED_EDGE('',*,*,#1613,.T.);
#2208=ORIENTED_EDGE('',*,*,#1611,.T.);
#2209=ORIENTED_EDGE('',*,*,#1609,.T.);
#2210=ORIENTED_EDGE('',*,*,#1607,.T.);
#2211=ORIENTED_EDGE('',*,*,#1614,.T.);
#2212=ORIENTED_EDGE('',*,*,#1615,.T.);
#2213=ORIENTED_EDGE('',*,*,#1616,.T.);
#2214=ORIENTED_EDGE('',*,*,#1617,.T.);
#2215=ORIENTED_EDGE('',*,*,#1618,.F.);
#2216=ORIENTED_EDGE('',*,*,#1619,.F.);
#2217=ORIENTED_EDGE('',*,*,#1620,.F.);
#2218=ORIENTED_EDGE('',*,*,#1615,.F.);
#2219=ORIENTED_EDGE('',*,*,#1620,.T.);
#2220=ORIENTED_EDGE('',*,*,#1621,.F.);
#2221=ORIENTED_EDGE('',*,*,#1622,.F.);
#2222=ORIENTED_EDGE('',*,*,#1616,.F.);
#2223=ORIENTED_EDGE('',*,*,#1622,.T.);
#2224=ORIENTED_EDGE('',*,*,#1623,.F.);
#2225=ORIENTED_EDGE('',*,*,#1624,.F.);
#2226=ORIENTED_EDGE('',*,*,#1617,.F.);
#2227=ORIENTED_EDGE('',*,*,#1624,.T.);
#2228=ORIENTED_EDGE('',*,*,#1625,.F.);
#2229=ORIENTED_EDGE('',*,*,#1618,.T.);
#2230=ORIENTED_EDGE('',*,*,#1614,.F.);
#2231=ORIENTED_EDGE('',*,*,#1625,.T.);
#2232=ORIENTED_EDGE('',*,*,#1623,.T.);
#2233=ORIENTED_EDGE('',*,*,#1621,.T.);
#2234=ORIENTED_EDGE('',*,*,#1619,.T.);
#2235=ORIENTED_EDGE('',*,*,#1626,.T.);
#2236=ORIENTED_EDGE('',*,*,#1627,.T.);
#2237=ORIENTED_EDGE('',*,*,#1628,.T.);
#2238=ORIENTED_EDGE('',*,*,#1629,.T.);
#2239=ORIENTED_EDGE('',*,*,#1630,.F.);
#2240=ORIENTED_EDGE('',*,*,#1631,.F.);
#2241=ORIENTED_EDGE('',*,*,#1632,.F.);
#2242=ORIENTED_EDGE('',*,*,#1627,.F.);
#2243=ORIENTED_EDGE('',*,*,#1632,.T.);
#2244=ORIENTED_EDGE('',*,*,#1633,.F.);
#2245=ORIENTED_EDGE('',*,*,#1634,.F.);
#2246=ORIENTED_EDGE('',*,*,#1628,.F.);
#2247=ORIENTED_EDGE('',*,*,#1634,.T.);
#2248=ORIENTED_EDGE('',*,*,#1635,.F.);
#2249=ORIENTED_EDGE('',*,*,#1636,.F.);
#2250=ORIENTED_EDGE('',*,*,#1629,.F.);
#2251=ORIENTED_EDGE('',*,*,#1636,.T.);
#2252=ORIENTED_EDGE('',*,*,#1637,.F.);
#2253=ORIENTED_EDGE('',*,*,#1630,.T.);
#2254=ORIENTED_EDGE('',*,*,#1626,.F.);
#2255=ORIENTED_EDGE('',*,*,#1637,.T.);
#2256=ORIENTED_EDGE('',*,*,#1635,.T.);
#2257=ORIENTED_EDGE('',*,*,#1633,.T.);
#2258=ORIENTED_EDGE('',*,*,#1631,.T.);
#2259=ORIENTED_EDGE('',*,*,#1638,.T.);
#2260=ORIENTED_EDGE('',*,*,#1639,.T.);
#2261=ORIENTED_EDGE('',*,*,#1640,.T.);
#2262=ORIENTED_EDGE('',*,*,#1641,.T.);
#2263=ORIENTED_EDGE('',*,*,#1642,.F.);
#2264=ORIENTED_EDGE('',*,*,#1643,.F.);
#2265=ORIENTED_EDGE('',*,*,#1644,.F.);
#2266=ORIENTED_EDGE('',*,*,#1639,.F.);
#2267=ORIENTED_EDGE('',*,*,#1644,.T.);
#2268=ORIENTED_EDGE('',*,*,#1645,.F.);
#2269=ORIENTED_EDGE('',*,*,#1646,.F.);
#2270=ORIENTED_EDGE('',*,*,#1640,.F.);
#2271=ORIENTED_EDGE('',*,*,#1646,.T.);
#2272=ORIENTED_EDGE('',*,*,#1647,.F.);
#2273=ORIENTED_EDGE('',*,*,#1648,.F.);
#2274=ORIENTED_EDGE('',*,*,#1641,.F.);
#2275=ORIENTED_EDGE('',*,*,#1648,.T.);
#2276=ORIENTED_EDGE('',*,*,#1649,.F.);
#2277=ORIENTED_EDGE('',*,*,#1642,.T.);
#2278=ORIENTED_EDGE('',*,*,#1638,.F.);
#2279=ORIENTED_EDGE('',*,*,#1649,.T.);
#2280=ORIENTED_EDGE('',*,*,#1647,.T.);
#2281=ORIENTED_EDGE('',*,*,#1645,.T.);
#2282=ORIENTED_EDGE('',*,*,#1643,.T.);
#2283=ORIENTED_EDGE('',*,*,#1650,.T.);
#2284=ORIENTED_EDGE('',*,*,#1651,.T.);
#2285=ORIENTED_EDGE('',*,*,#1652,.T.);
#2286=ORIENTED_EDGE('',*,*,#1653,.T.);
#2287=ORIENTED_EDGE('',*,*,#1654,.T.);
#2288=ORIENTED_EDGE('',*,*,#1655,.T.);
#2289=ORIENTED_EDGE('',*,*,#1656,.F.);
#2290=ORIENTED_EDGE('',*,*,#1657,.F.);
#2291=ORIENTED_EDGE('',*,*,#1658,.F.);
#2292=ORIENTED_EDGE('',*,*,#1651,.F.);
#2293=ORIENTED_EDGE('',*,*,#1658,.T.);
#2294=ORIENTED_EDGE('',*,*,#1659,.F.);
#2295=ORIENTED_EDGE('',*,*,#1660,.F.);
#2296=ORIENTED_EDGE('',*,*,#1652,.F.);
#2297=ORIENTED_EDGE('',*,*,#1660,.T.);
#2298=ORIENTED_EDGE('',*,*,#1661,.F.);
#2299=ORIENTED_EDGE('',*,*,#1662,.F.);
#2300=ORIENTED_EDGE('',*,*,#1653,.F.);
#2301=ORIENTED_EDGE('',*,*,#1662,.T.);
#2302=ORIENTED_EDGE('',*,*,#1663,.F.);
#2303=ORIENTED_EDGE('',*,*,#1664,.F.);
#2304=ORIENTED_EDGE('',*,*,#1654,.F.);
#2305=ORIENTED_EDGE('',*,*,#1664,.T.);
#2306=ORIENTED_EDGE('',*,*,#1665,.F.);
#2307=ORIENTED_EDGE('',*,*,#1666,.F.);
#2308=ORIENTED_EDGE('',*,*,#1655,.F.);
#2309=ORIENTED_EDGE('',*,*,#1666,.T.);
#2310=ORIENTED_EDGE('',*,*,#1667,.F.);
#2311=ORIENTED_EDGE('',*,*,#1656,.T.);
#2312=ORIENTED_EDGE('',*,*,#1650,.F.);
#2313=ORIENTED_EDGE('',*,*,#1667,.T.);
#2314=ORIENTED_EDGE('',*,*,#1665,.T.);
#2315=ORIENTED_EDGE('',*,*,#1663,.T.);
#2316=ORIENTED_EDGE('',*,*,#1661,.T.);
#2317=ORIENTED_EDGE('',*,*,#1659,.T.);
#2318=ORIENTED_EDGE('',*,*,#1657,.T.);
#2319=ORIENTED_EDGE('',*,*,#1668,.T.);
#2320=ORIENTED_EDGE('',*,*,#1669,.T.);
#2321=ORIENTED_EDGE('',*,*,#1670,.T.);
#2322=ORIENTED_EDGE('',*,*,#1671,.T.);
#2323=ORIENTED_EDGE('',*,*,#1672,.T.);
#2324=ORIENTED_EDGE('',*,*,#1673,.T.);
#2325=ORIENTED_EDGE('',*,*,#1674,.F.);
#2326=ORIENTED_EDGE('',*,*,#1675,.F.);
#2327=ORIENTED_EDGE('',*,*,#1676,.F.);
#2328=ORIENTED_EDGE('',*,*,#1669,.F.);
#2329=ORIENTED_EDGE('',*,*,#1676,.T.);
#2330=ORIENTED_EDGE('',*,*,#1677,.F.);
#2331=ORIENTED_EDGE('',*,*,#1678,.F.);
#2332=ORIENTED_EDGE('',*,*,#1670,.F.);
#2333=ORIENTED_EDGE('',*,*,#1678,.T.);
#2334=ORIENTED_EDGE('',*,*,#1679,.F.);
#2335=ORIENTED_EDGE('',*,*,#1680,.F.);
#2336=ORIENTED_EDGE('',*,*,#1671,.F.);
#2337=ORIENTED_EDGE('',*,*,#1680,.T.);
#2338=ORIENTED_EDGE('',*,*,#1681,.F.);
#2339=ORIENTED_EDGE('',*,*,#1682,.F.);
#2340=ORIENTED_EDGE('',*,*,#1672,.F.);
#2341=ORIENTED_EDGE('',*,*,#1682,.T.);
#2342=ORIENTED_EDGE('',*,*,#1683,.F.);
#2343=ORIENTED_EDGE('',*,*,#1684,.F.);
#2344=ORIENTED_EDGE('',*,*,#1673,.F.);
#2345=ORIENTED_EDGE('',*,*,#1684,.T.);
#2346=ORIENTED_EDGE('',*,*,#1685,.F.);
#2347=ORIENTED_EDGE('',*,*,#1674,.T.);
#2348=ORIENTED_EDGE('',*,*,#1668,.F.);
#2349=ORIENTED_EDGE('',*,*,#1685,.T.);
#2350=ORIENTED_EDGE('',*,*,#1683,.T.);
#2351=ORIENTED_EDGE('',*,*,#1681,.T.);
#2352=ORIENTED_EDGE('',*,*,#1679,.T.);
#2353=ORIENTED_EDGE('',*,*,#1677,.T.);
#2354=ORIENTED_EDGE('',*,*,#1675,.T.);
#2355=ORIENTED_EDGE('',*,*,#1686,.T.);
#2356=ORIENTED_EDGE('',*,*,#1687,.T.);
#2357=ORIENTED_EDGE('',*,*,#1688,.T.);
#2358=ORIENTED_EDGE('',*,*,#1689,.T.);
#2359=ORIENTED_EDGE('',*,*,#1690,.T.);
#2360=ORIENTED_EDGE('',*,*,#1691,.T.);
#2361=ORIENTED_EDGE('',*,*,#1692,.T.);
#2362=ORIENTED_EDGE('',*,*,#1693,.F.);
#2363=ORIENTED_EDGE('',*,*,#1694,.F.);
#2364=ORIENTED_EDGE('',*,*,#1687,.F.);
#2365=ORIENTED_EDGE('',*,*,#1694,.T.);
#2366=ORIENTED_EDGE('',*,*,#1695,.F.);
#2367=ORIENTED_EDGE('',*,*,#1696,.F.);
#2368=ORIENTED_EDGE('',*,*,#1688,.F.);
#2369=ORIENTED_EDGE('',*,*,#1696,.T.);
#2370=ORIENTED_EDGE('',*,*,#1697,.F.);
#2371=ORIENTED_EDGE('',*,*,#1698,.F.);
#2372=ORIENTED_EDGE('',*,*,#1689,.F.);
#2373=ORIENTED_EDGE('',*,*,#1698,.T.);
#2374=ORIENTED_EDGE('',*,*,#1699,.F.);
#2375=ORIENTED_EDGE('',*,*,#1700,.F.);
#2376=ORIENTED_EDGE('',*,*,#1690,.F.);
#2377=ORIENTED_EDGE('',*,*,#1700,.T.);
#2378=ORIENTED_EDGE('',*,*,#1701,.F.);
#2379=ORIENTED_EDGE('',*,*,#1702,.F.);
#2380=ORIENTED_EDGE('',*,*,#1691,.F.);
#2381=ORIENTED_EDGE('',*,*,#1702,.T.);
#2382=ORIENTED_EDGE('',*,*,#1703,.F.);
#2383=ORIENTED_EDGE('',*,*,#1692,.F.);
#2384=ORIENTED_EDGE('',*,*,#1686,.F.);
#2385=ORIENTED_EDGE('',*,*,#1703,.T.);
#2386=ORIENTED_EDGE('',*,*,#1701,.T.);
#2387=ORIENTED_EDGE('',*,*,#1699,.T.);
#2388=ORIENTED_EDGE('',*,*,#1697,.T.);
#2389=ORIENTED_EDGE('',*,*,#1695,.T.);
#2390=ORIENTED_EDGE('',*,*,#1693,.T.);
#2391=ORIENTED_EDGE('',*,*,#1704,.T.);
#2392=ORIENTED_EDGE('',*,*,#1705,.T.);
#2393=ORIENTED_EDGE('',*,*,#1706,.T.);
#2394=ORIENTED_EDGE('',*,*,#1707,.T.);
#2395=ORIENTED_EDGE('',*,*,#1708,.T.);
#2396=ORIENTED_EDGE('',*,*,#1709,.T.);
#2397=ORIENTED_EDGE('',*,*,#1710,.T.);
#2398=ORIENTED_EDGE('',*,*,#1711,.T.);
#2399=ORIENTED_EDGE('',*,*,#1712,.T.);
#2400=ORIENTED_EDGE('',*,*,#1704,.F.);
#2401=ORIENTED_EDGE('',*,*,#1713,.F.);
#2402=ORIENTED_EDGE('',*,*,#1711,.F.);
#2403=ORIENTED_EDGE('',*,*,#1714,.F.);
#2404=ORIENTED_EDGE('',*,*,#1715,.F.);
#2405=ORIENTED_EDGE('',*,*,#1716,.F.);
#2406=ORIENTED_EDGE('',*,*,#1717,.F.);
#2407=ORIENTED_EDGE('',*,*,#1718,.F.);
#2408=ORIENTED_EDGE('',*,*,#1719,.F.);
#2409=ORIENTED_EDGE('',*,*,#1713,.T.);
#2410=ORIENTED_EDGE('',*,*,#1710,.F.);
#2411=ORIENTED_EDGE('',*,*,#1720,.T.);
#2412=ORIENTED_EDGE('',*,*,#1714,.T.);
#2413=ORIENTED_EDGE('',*,*,#1721,.F.);
#2414=ORIENTED_EDGE('',*,*,#1715,.T.);
#2415=ORIENTED_EDGE('',*,*,#1720,.F.);
#2416=ORIENTED_EDGE('',*,*,#1709,.F.);
#2417=ORIENTED_EDGE('',*,*,#1722,.F.);
#2418=ORIENTED_EDGE('',*,*,#1716,.T.);
#2419=ORIENTED_EDGE('',*,*,#1721,.T.);
#2420=ORIENTED_EDGE('',*,*,#1708,.F.);
#2421=ORIENTED_EDGE('',*,*,#1723,.F.);
#2422=ORIENTED_EDGE('',*,*,#1717,.T.);
#2423=ORIENTED_EDGE('',*,*,#1722,.T.);
#2424=ORIENTED_EDGE('',*,*,#1707,.F.);
#2425=ORIENTED_EDGE('',*,*,#1724,.F.);
#2426=ORIENTED_EDGE('',*,*,#1718,.T.);
#2427=ORIENTED_EDGE('',*,*,#1723,.T.);
#2428=ORIENTED_EDGE('',*,*,#1706,.F.);
#2429=ORIENTED_EDGE('',*,*,#1712,.F.);
#2430=ORIENTED_EDGE('',*,*,#1719,.T.);
#2431=ORIENTED_EDGE('',*,*,#1724,.T.);
#2432=ORIENTED_EDGE('',*,*,#1705,.F.);
#2433=SPHERICAL_SURFACE('',#2602,0.01);
#2434=SPHERICAL_SURFACE('',#2608,0.01);
#2435=SPHERICAL_SURFACE('',#2615,0.01);
#2436=SPHERICAL_SURFACE('',#2621,0.01);
#2437=ADVANCED_FACE('',(#839),#2433,.T.);
#2438=ADVANCED_FACE('',(#840),#831,.T.);
#2439=ADVANCED_FACE('',(#841),#2434,.T.);
#2440=ADVANCED_FACE('',(#842),#832,.T.);
#2441=ADVANCED_FACE('',(#843),#833,.T.);
#2442=ADVANCED_FACE('',(#844),#2435,.T.);
#2443=ADVANCED_FACE('',(#845),#834,.T.);
#2444=ADVANCED_FACE('',(#846),#2436,.T.);
#2445=ADVANCED_FACE('',(#847),#835,.T.);
#2446=ADVANCED_FACE('',(#848),#836,.T.);
#2447=ADVANCED_FACE('',(#849),#837,.T.);
#2448=ADVANCED_FACE('',(#850),#838,.T.);
#2449=ADVANCED_FACE('',(#851),#45,.F.);
#2450=ADVANCED_FACE('',(#852),#46,.T.);
#2451=ADVANCED_FACE('',(#853),#47,.F.);
#2452=ADVANCED_FACE('',(#854),#48,.T.);
#2453=ADVANCED_FACE('',(#855),#49,.T.);
#2454=ADVANCED_FACE('',(#856),#50,.F.);
#2455=ADVANCED_FACE('',(#857),#51,.F.);
#2456=ADVANCED_FACE('',(#858),#52,.F.);
#2457=ADVANCED_FACE('',(#859),#53,.F.);
#2458=ADVANCED_FACE('',(#860),#54,.F.);
#2459=ADVANCED_FACE('',(#861),#55,.F.);
#2460=ADVANCED_FACE('',(#862),#56,.F.);
#2461=ADVANCED_FACE('',(#863),#57,.F.);
#2462=ADVANCED_FACE('',(#864),#58,.F.);
#2463=ADVANCED_FACE('',(#865),#59,.F.);
#2464=ADVANCED_FACE('',(#866),#60,.F.);
#2465=ADVANCED_FACE('',(#867),#61,.T.);
#2466=ADVANCED_FACE('',(#868),#62,.F.);
#2467=ADVANCED_FACE('',(#869),#63,.T.);
#2468=ADVANCED_FACE('',(#870),#64,.F.);
#2469=ADVANCED_FACE('',(#871),#65,.T.);
#2470=ADVANCED_FACE('',(#872),#66,.T.);
#2471=ADVANCED_FACE('',(#873),#67,.T.);
#2472=ADVANCED_FACE('',(#874),#68,.F.);
#2473=ADVANCED_FACE('',(#875),#69,.F.);
#2474=ADVANCED_FACE('',(#876),#70,.F.);
#2475=ADVANCED_FACE('',(#877),#71,.F.);
#2476=ADVANCED_FACE('',(#878),#72,.F.);
#2477=ADVANCED_FACE('',(#879),#73,.F.);
#2478=ADVANCED_FACE('',(#880),#74,.F.);
#2479=ADVANCED_FACE('',(#881),#75,.F.);
#2480=ADVANCED_FACE('',(#882),#76,.F.);
#2481=ADVANCED_FACE('',(#883),#77,.F.);
#2482=ADVANCED_FACE('',(#884),#78,.F.);
#2483=ADVANCED_FACE('',(#885),#79,.F.);
#2484=ADVANCED_FACE('',(#886),#80,.F.);
#2485=ADVANCED_FACE('',(#887),#81,.F.);
#2486=ADVANCED_FACE('',(#888),#39,.F.);
#2487=ADVANCED_FACE('',(#889),#82,.F.);
#2488=ADVANCED_FACE('',(#890),#83,.F.);
#2489=ADVANCED_FACE('',(#891),#84,.F.);
#2490=ADVANCED_FACE('',(#892),#85,.F.);
#2491=ADVANCED_FACE('',(#893),#86,.T.);
#2492=ADVANCED_FACE('',(#894),#87,.F.);
#2493=ADVANCED_FACE('',(#895),#40,.F.);
#2494=ADVANCED_FACE('',(#896),#88,.F.);
#2495=ADVANCED_FACE('',(#897),#89,.F.);
#2496=ADVANCED_FACE('',(#898),#90,.F.);
#2497=ADVANCED_FACE('',(#899),#91,.F.);
#2498=ADVANCED_FACE('',(#900),#92,.T.);
#2499=ADVANCED_FACE('',(#901),#93,.F.);
#2500=ADVANCED_FACE('',(#902),#94,.F.);
#2501=ADVANCED_FACE('',(#903),#95,.F.);
#2502=ADVANCED_FACE('',(#904),#96,.F.);
#2503=ADVANCED_FACE('',(#905),#97,.F.);
#2504=ADVANCED_FACE('',(#906),#98,.F.);
#2505=ADVANCED_FACE('',(#907),#99,.F.);
#2506=ADVANCED_FACE('',(#908),#100,.F.);
#2507=ADVANCED_FACE('',(#909),#101,.F.);
#2508=ADVANCED_FACE('',(#910),#102,.F.);
#2509=ADVANCED_FACE('',(#911),#103,.T.);
#2510=ADVANCED_FACE('',(#912),#41,.T.);
#2511=ADVANCED_FACE('',(#913),#104,.T.);
#2512=ADVANCED_FACE('',(#914),#105,.T.);
#2513=ADVANCED_FACE('',(#915),#106,.T.);
#2514=ADVANCED_FACE('',(#916),#42,.T.);
#2515=ADVANCED_FACE('',(#917),#107,.T.);
#2516=ADVANCED_FACE('',(#918),#108,.T.);
#2517=ADVANCED_FACE('',(#919),#109,.T.);
#2518=ADVANCED_FACE('',(#920),#110,.T.);
#2519=ADVANCED_FACE('',(#921),#111,.T.);
#2520=ADVANCED_FACE('',(#922),#112,.T.);
#2521=ADVANCED_FACE('',(#923),#113,.T.);
#2522=ADVANCED_FACE('',(#924),#114,.T.);
#2523=ADVANCED_FACE('',(#925),#115,.T.);
#2524=ADVANCED_FACE('',(#926),#116,.T.);
#2525=ADVANCED_FACE('',(#927),#117,.T.);
#2526=ADVANCED_FACE('',(#928),#118,.T.);
#2527=ADVANCED_FACE('',(#929),#119,.T.);
#2528=ADVANCED_FACE('',(#930),#120,.T.);
#2529=ADVANCED_FACE('',(#931),#121,.T.);
#2530=ADVANCED_FACE('',(#932),#122,.T.);
#2531=ADVANCED_FACE('',(#933),#123,.T.);
#2532=ADVANCED_FACE('',(#934),#124,.T.);
#2533=ADVANCED_FACE('',(#935),#125,.T.);
#2534=ADVANCED_FACE('',(#936),#126,.T.);
#2535=ADVANCED_FACE('',(#937),#127,.T.);
#2536=ADVANCED_FACE('',(#938),#128,.T.);
#2537=ADVANCED_FACE('',(#939),#129,.T.);
#2538=ADVANCED_FACE('',(#940),#130,.T.);
#2539=ADVANCED_FACE('',(#941),#131,.T.);
#2540=ADVANCED_FACE('',(#942),#132,.T.);
#2541=ADVANCED_FACE('',(#943),#133,.T.);
#2542=ADVANCED_FACE('',(#944),#134,.T.);
#2543=ADVANCED_FACE('',(#945),#135,.T.);
#2544=ADVANCED_FACE('',(#946),#136,.T.);
#2545=ADVANCED_FACE('',(#947),#137,.T.);
#2546=ADVANCED_FACE('',(#948),#138,.T.);
#2547=ADVANCED_FACE('',(#949),#139,.T.);
#2548=ADVANCED_FACE('',(#950),#140,.T.);
#2549=ADVANCED_FACE('',(#951),#141,.T.);
#2550=ADVANCED_FACE('',(#952),#142,.T.);
#2551=ADVANCED_FACE('',(#953),#143,.T.);
#2552=ADVANCED_FACE('',(#954),#144,.T.);
#2553=ADVANCED_FACE('',(#955),#145,.T.);
#2554=ADVANCED_FACE('',(#956),#146,.T.);
#2555=ADVANCED_FACE('',(#957),#147,.T.);
#2556=ADVANCED_FACE('',(#958),#148,.T.);
#2557=ADVANCED_FACE('',(#959),#149,.T.);
#2558=ADVANCED_FACE('',(#960),#150,.T.);
#2559=ADVANCED_FACE('',(#961),#151,.T.);
#2560=ADVANCED_FACE('',(#962),#152,.T.);
#2561=ADVANCED_FACE('',(#963),#153,.T.);
#2562=ADVANCED_FACE('',(#964),#154,.T.);
#2563=ADVANCED_FACE('',(#965),#155,.T.);
#2564=ADVANCED_FACE('',(#966),#156,.T.);
#2565=ADVANCED_FACE('',(#967),#157,.T.);
#2566=ADVANCED_FACE('',(#968),#158,.T.);
#2567=ADVANCED_FACE('',(#969),#159,.T.);
#2568=ADVANCED_FACE('',(#970),#160,.T.);
#2569=ADVANCED_FACE('',(#971),#161,.T.);
#2570=ADVANCED_FACE('',(#972),#162,.T.);
#2571=ADVANCED_FACE('',(#973),#163,.T.);
#2572=ADVANCED_FACE('',(#974),#164,.F.);
#2573=ADVANCED_FACE('',(#975),#165,.F.);
#2574=ADVANCED_FACE('',(#976),#166,.F.);
#2575=ADVANCED_FACE('',(#977),#167,.F.);
#2576=ADVANCED_FACE('',(#978),#168,.F.);
#2577=ADVANCED_FACE('',(#979),#169,.F.);
#2578=ADVANCED_FACE('',(#980),#170,.F.);
#2579=CLOSED_SHELL('',(#2437,#2438,#2439,#2440,#2441,#2442,#2443,#2444,
#2445,#2446,#2447,#2448,#2449,#2450,#2451,#2452,#2453,#2454,#2455,#2456,
#2457,#2458,#2459,#2460,#2461,#2462,#2463,#2464,#2465,#2466,#2467,#2468,
#2469,#2470,#2471,#2472,#2473,#2474,#2475,#2476,#2477,#2478,#2479,#2480,
#2481,#2482,#2483,#2484,#2485,#2486,#2487,#2488,#2489,#2490,#2491,#2492,
#2493,#2494,#2495,#2496,#2497,#2498,#2499,#2500,#2501,#2502,#2503,#2504,
#2505,#2506,#2507));
#2580=CLOSED_SHELL('',(#2508,#2509,#2510,#2511,#2512,#2513,#2514,#2515,
#2516,#2517,#2518,#2519,#2520,#2521));
#2581=CLOSED_SHELL('',(#2522,#2523,#2524,#2525,#2526,#2527));
#2582=CLOSED_SHELL('',(#2528,#2529,#2530,#2531,#2532,#2533));
#2583=CLOSED_SHELL('',(#2534,#2535,#2536,#2537,#2538,#2539));
#2584=CLOSED_SHELL('',(#2540,#2541,#2542,#2543,#2544,#2545));
#2585=CLOSED_SHELL('',(#2546,#2547,#2548,#2549,#2550,#2551,#2552,#2553));
#2586=CLOSED_SHELL('',(#2554,#2555,#2556,#2557,#2558,#2559,#2560,#2561));
#2587=CLOSED_SHELL('',(#2562,#2563,#2564,#2565,#2566,#2567,#2568,#2569));
#2588=CLOSED_SHELL('',(#2570,#2571,#2572,#2573,#2574,#2575,#2576,#2577,
#2578));
#2589=DERIVED_UNIT_ELEMENT(#2591,1.);
#2590=DERIVED_UNIT_ELEMENT(#4554,-3.);
#2591=(
MASS_UNIT()
NAMED_UNIT(*)
SI_UNIT(.KILO.,.GRAM.)
);
#2592=DERIVED_UNIT((#2589,#2590));
#2593=MEASURE_REPRESENTATION_ITEM('density measure',
POSITIVE_RATIO_MEASURE(7850.),#2592);
#2594=PROPERTY_DEFINITION_REPRESENTATION(#2599,#2596);
#2595=PROPERTY_DEFINITION_REPRESENTATION(#2600,#2597);
#2596=REPRESENTATION('material name',(#2598),#4551);
#2597=REPRESENTATION('density',(#2593),#4551);
#2598=DESCRIPTIVE_REPRESENTATION_ITEM('Steel','Steel');
#2599=PROPERTY_DEFINITION('material property','material name',#4561);
#2600=PROPERTY_DEFINITION('material property','density of part',#4561);
#2601=AXIS2_PLACEMENT_3D('',#3396,#2756,#2757);
#2602=AXIS2_PLACEMENT_3D('',#3397,#2758,#2759);
#2603=AXIS2_PLACEMENT_3D('',#3400,#2760,#2761);
#2604=AXIS2_PLACEMENT_3D('',#3402,#2762,#2763);
#2605=AXIS2_PLACEMENT_3D('',#3403,#2764,#2765);
#2606=AXIS2_PLACEMENT_3D('',#3404,#2766,#2767);
#2607=AXIS2_PLACEMENT_3D('',#3407,#2768,#2769);
#2608=AXIS2_PLACEMENT_3D('',#3410,#2772,#2773);
#2609=AXIS2_PLACEMENT_3D('',#3413,#2774,#2775);
#2610=AXIS2_PLACEMENT_3D('',#3415,#2776,#2777);
#2611=AXIS2_PLACEMENT_3D('',#3416,#2778,#2779);
#2612=AXIS2_PLACEMENT_3D('',#3417,#2780,#2781);
#2613=AXIS2_PLACEMENT_3D('',#3420,#2782,#2783);
#2614=AXIS2_PLACEMENT_3D('',#3423,#2786,#2787);
#2615=AXIS2_PLACEMENT_3D('',#3426,#2790,#2791);
#2616=AXIS2_PLACEMENT_3D('',#3429,#2792,#2793);
#2617=AXIS2_PLACEMENT_3D('',#3431,#2794,#2795);
#2618=AXIS2_PLACEMENT_3D('',#3432,#2796,#2797);
#2619=AXIS2_PLACEMENT_3D('',#3433,#2798,#2799);
#2620=AXIS2_PLACEMENT_3D('',#3436,#2800,#2801);
#2621=AXIS2_PLACEMENT_3D('',#3439,#2804,#2805);
#2622=AXIS2_PLACEMENT_3D('',#3442,#2806,#2807);
#2623=AXIS2_PLACEMENT_3D('',#3444,#2808,#2809);
#2624=AXIS2_PLACEMENT_3D('',#3445,#2810,#2811);
#2625=AXIS2_PLACEMENT_3D('',#3446,#2812,#2813);
#2626=AXIS2_PLACEMENT_3D('',#3449,#2814,#2815);
#2627=AXIS2_PLACEMENT_3D('',#3452,#2818,#2819);
#2628=AXIS2_PLACEMENT_3D('',#3455,#2822,#2823);
#2629=AXIS2_PLACEMENT_3D('',#3458,#2826,#2827);
#2630=AXIS2_PLACEMENT_3D('',#3461,#2830,#2831);
#2631=AXIS2_PLACEMENT_3D('',#3469,#2836,#2837);
#2632=AXIS2_PLACEMENT_3D('',#3509,#2858,#2859);
#2633=AXIS2_PLACEMENT_3D('',#3515,#2863,#2864);
#2634=AXIS2_PLACEMENT_3D('',#3539,#2877,#2878);
#2635=AXIS2_PLACEMENT_3D('',#3540,#2879,#2880);
#2636=AXIS2_PLACEMENT_3D('',#3549,#2885,#2886);
#2637=AXIS2_PLACEMENT_3D('',#3552,#2889,#2890);
#2638=AXIS2_PLACEMENT_3D('',#3554,#2892,#2893);
#2639=AXIS2_PLACEMENT_3D('',#3556,#2895,#2896);
#2640=AXIS2_PLACEMENT_3D('',#3622,#2909,#2910);
#2641=AXIS2_PLACEMENT_3D('',#3628,#2914,#2915);
#2642=AXIS2_PLACEMENT_3D('',#3632,#2918,#2919);
#2643=AXIS2_PLACEMENT_3D('',#3638,#2923,#2924);
#2644=AXIS2_PLACEMENT_3D('',#3642,#2927,#2928);
#2645=AXIS2_PLACEMENT_3D('',#3644,#2930,#2931);
#2646=AXIS2_PLACEMENT_3D('',#3646,#2933,#2934);
#2647=AXIS2_PLACEMENT_3D('',#3655,#2939,#2940);
#2648=AXIS2_PLACEMENT_3D('',#3667,#2947,#2948);
#2649=AXIS2_PLACEMENT_3D('',#3673,#2952,#2953);
#2650=AXIS2_PLACEMENT_3D('',#3677,#2956,#2957);
#2651=AXIS2_PLACEMENT_3D('',#3681,#2960,#2961);
#2652=AXIS2_PLACEMENT_3D('',#3685,#2964,#2965);
#2653=AXIS2_PLACEMENT_3D('',#3702,#2975,#2976);
#2654=AXIS2_PLACEMENT_3D('',#3704,#2978,#2979);
#2655=AXIS2_PLACEMENT_3D('',#3710,#2983,#2984);
#2656=AXIS2_PLACEMENT_3D('',#3714,#2987,#2988);
#2657=AXIS2_PLACEMENT_3D('',#3718,#2991,#2992);
#2658=AXIS2_PLACEMENT_3D('',#3720,#2994,#2995);
#2659=AXIS2_PLACEMENT_3D('',#3724,#2998,#2999);
#2660=AXIS2_PLACEMENT_3D('',#3726,#3001,#3002);
#2661=AXIS2_PLACEMENT_3D('',#3730,#3005,#3006);
#2662=AXIS2_PLACEMENT_3D('',#3734,#3009,#3010);
#2663=AXIS2_PLACEMENT_3D('',#3736,#3012,#3013);
#2664=AXIS2_PLACEMENT_3D('',#3742,#3017,#3018);
#2665=AXIS2_PLACEMENT_3D('',#3746,#3021,#3022);
#2666=AXIS2_PLACEMENT_3D('',#3750,#3025,#3026);
#2667=AXIS2_PLACEMENT_3D('',#3876,#3030,#3031);
#2668=AXIS2_PLACEMENT_3D('',#3882,#3035,#3036);
#2669=AXIS2_PLACEMENT_3D('',#3888,#3040,#3041);
#2670=AXIS2_PLACEMENT_3D('',#3894,#3045,#3046);
#2671=AXIS2_PLACEMENT_3D('',#3900,#3050,#3051);
#2672=AXIS2_PLACEMENT_3D('',#3934,#3057,#3058);
#2673=AXIS2_PLACEMENT_3D('',#3988,#3062,#3063);
#2674=AXIS2_PLACEMENT_3D('',#3989,#3064,#3065);
#2675=AXIS2_PLACEMENT_3D('',#3991,#3067,#3068);
#2676=AXIS2_PLACEMENT_3D('',#3992,#3069,#3070);
#2677=AXIS2_PLACEMENT_3D('',#3994,#3072,#3073);
#2678=AXIS2_PLACEMENT_3D('',#3995,#3074,#3075);
#2679=AXIS2_PLACEMENT_3D('',#4001,#3079,#3080);
#2680=AXIS2_PLACEMENT_3D('',#4003,#3082,#3083);
#2681=AXIS2_PLACEMENT_3D('',#4005,#3085,#3086);
#2682=AXIS2_PLACEMENT_3D('',#4006,#3087,#3088);
#2683=AXIS2_PLACEMENT_3D('',#4010,#3091,#3092);
#2684=AXIS2_PLACEMENT_3D('',#4012,#3094,#3095);
#2685=AXIS2_PLACEMENT_3D('',#4016,#3098,#3099);
#2686=AXIS2_PLACEMENT_3D('',#4018,#3101,#3102);
#2687=AXIS2_PLACEMENT_3D('',#4019,#3103,#3104);
#2688=AXIS2_PLACEMENT_3D('',#4092,#3115,#3116);
#2689=AXIS2_PLACEMENT_3D('',#4175,#3121,#3122);
#2690=AXIS2_PLACEMENT_3D('',#4179,#3125,#3126);
#2691=AXIS2_PLACEMENT_3D('',#4183,#3129,#3130);
#2692=AXIS2_PLACEMENT_3D('',#4264,#3134,#3135);
#2693=AXIS2_PLACEMENT_3D('',#4268,#3138,#3139);
#2694=AXIS2_PLACEMENT_3D('',#4272,#3142,#3143);
#2695=AXIS2_PLACEMENT_3D('',#4276,#3146,#3147);
#2696=AXIS2_PLACEMENT_3D('',#4280,#3150,#3151);
#2697=AXIS2_PLACEMENT_3D('',#4284,#3154,#3155);
#2698=AXIS2_PLACEMENT_3D('',#4286,#3157,#3158);
#2699=AXIS2_PLACEMENT_3D('',#4287,#3159,#3160);
#2700=AXIS2_PLACEMENT_3D('',#4296,#3165,#3166);
#2701=AXIS2_PLACEMENT_3D('',#4302,#3170,#3171);
#2702=AXIS2_PLACEMENT_3D('',#4306,#3174,#3175);
#2703=AXIS2_PLACEMENT_3D('',#4310,#3178,#3179);
#2704=AXIS2_PLACEMENT_3D('',#4312,#3181,#3182);
#2705=AXIS2_PLACEMENT_3D('',#4313,#3183,#3184);
#2706=AXIS2_PLACEMENT_3D('',#4322,#3189,#3190);
#2707=AXIS2_PLACEMENT_3D('',#4328,#3194,#3195);
#2708=AXIS2_PLACEMENT_3D('',#4332,#3198,#3199);
#2709=AXIS2_PLACEMENT_3D('',#4336,#3202,#3203);
#2710=AXIS2_PLACEMENT_3D('',#4338,#3205,#3206);
#2711=AXIS2_PLACEMENT_3D('',#4339,#3207,#3208);
#2712=AXIS2_PLACEMENT_3D('',#4348,#3213,#3214);
#2713=AXIS2_PLACEMENT_3D('',#4354,#3218,#3219);
#2714=AXIS2_PLACEMENT_3D('',#4358,#3222,#3223);
#2715=AXIS2_PLACEMENT_3D('',#4362,#3226,#3227);
#2716=AXIS2_PLACEMENT_3D('',#4364,#3229,#3230);
#2717=AXIS2_PLACEMENT_3D('',#4365,#3231,#3232);
#2718=AXIS2_PLACEMENT_3D('',#4374,#3237,#3238);
#2719=AXIS2_PLACEMENT_3D('',#4380,#3242,#3243);
#2720=AXIS2_PLACEMENT_3D('',#4384,#3246,#3247);
#2721=AXIS2_PLACEMENT_3D('',#4388,#3250,#3251);
#2722=AXIS2_PLACEMENT_3D('',#4390,#3253,#3254);
#2723=AXIS2_PLACEMENT_3D('',#4391,#3255,#3256);
#2724=AXIS2_PLACEMENT_3D('',#4404,#3263,#3264);
#2725=AXIS2_PLACEMENT_3D('',#4410,#3268,#3269);
#2726=AXIS2_PLACEMENT_3D('',#4414,#3272,#3273);
#2727=AXIS2_PLACEMENT_3D('',#4418,#3276,#3277);
#2728=AXIS2_PLACEMENT_3D('',#4422,#3280,#3281);
#2729=AXIS2_PLACEMENT_3D('',#4426,#3284,#3285);
#2730=AXIS2_PLACEMENT_3D('',#4428,#3287,#3288);
#2731=AXIS2_PLACEMENT_3D('',#4429,#3289,#3290);
#2732=AXIS2_PLACEMENT_3D('',#4442,#3297,#3298);
#2733=AXIS2_PLACEMENT_3D('',#4448,#3302,#3303);
#2734=AXIS2_PLACEMENT_3D('',#4452,#3306,#3307);
#2735=AXIS2_PLACEMENT_3D('',#4456,#3310,#3311);
#2736=AXIS2_PLACEMENT_3D('',#4460,#3314,#3315);
#2737=AXIS2_PLACEMENT_3D('',#4464,#3318,#3319);
#2738=AXIS2_PLACEMENT_3D('',#4466,#3321,#3322);
#2739=AXIS2_PLACEMENT_3D('',#4467,#3323,#3324);
#2740=AXIS2_PLACEMENT_3D('',#4480,#3331,#3332);
#2741=AXIS2_PLACEMENT_3D('',#4486,#3336,#3337);
#2742=AXIS2_PLACEMENT_3D('',#4490,#3340,#3341);
#2743=AXIS2_PLACEMENT_3D('',#4494,#3344,#3345);
#2744=AXIS2_PLACEMENT_3D('',#4498,#3348,#3349);
#2745=AXIS2_PLACEMENT_3D('',#4502,#3352,#3353);
#2746=AXIS2_PLACEMENT_3D('',#4504,#3355,#3356);
#2747=AXIS2_PLACEMENT_3D('',#4505,#3357,#3358);
#2748=AXIS2_PLACEMENT_3D('',#4520,#3366,#3367);
#2749=AXIS2_PLACEMENT_3D('',#4526,#3371,#3372);
#2750=AXIS2_PLACEMENT_3D('',#4538,#3379,#3380);
#2751=AXIS2_PLACEMENT_3D('',#4540,#3382,#3383);
#2752=AXIS2_PLACEMENT_3D('',#4542,#3385,#3386);
#2753=AXIS2_PLACEMENT_3D('',#4544,#3388,#3389);
#2754=AXIS2_PLACEMENT_3D('',#4546,#3391,#3392);
#2755=AXIS2_PLACEMENT_3D('',#4548,#3394,#3395);
#2756=DIRECTION('axis',(0.,0.,1.));
#2757=DIRECTION('refdir',(1.,0.,0.));
#2758=DIRECTION('center_axis',(0.408248290463863,-0.816496580927726,0.408248290463863));
#2759=DIRECTION('ref_axis',(0.577350269189622,0.577350269189633,0.577350269189622));
#2760=DIRECTION('center_axis',(0.,1.,0.));
#2761=DIRECTION('ref_axis',(1.,0.,0.));
#2762=DIRECTION('center_axis',(0.,0.,1.));
#2763=DIRECTION('ref_axis',(0.,1.,0.));
#2764=DIRECTION('center_axis',(1.,0.,0.));
#2765=DIRECTION('ref_axis',(0.,0.,1.));
#2766=DIRECTION('center_axis',(0.,0.,1.));
#2767=DIRECTION('ref_axis',(0.707106781186548,0.707106781186548,0.));
#2768=DIRECTION('center_axis',(0.,0.,1.));
#2769=DIRECTION('ref_axis',(0.707106781186548,0.707106781186548,0.));
#2770=DIRECTION('',(0.,0.,1.));
#2771=DIRECTION('',(0.,0.,-1.));
#2772=DIRECTION('center_axis',(-0.408248290463863,-0.816496580927726,-0.408248290463863));
#2773=DIRECTION('ref_axis',(0.577350269189622,-0.577350269189633,0.577350269189622));
#2774=DIRECTION('center_axis',(1.,0.,0.));
#2775=DIRECTION('ref_axis',(0.,-1.,0.));
#2776=DIRECTION('center_axis',(0.,0.,1.));
#2777=DIRECTION('ref_axis',(1.,0.,0.));
#2778=DIRECTION('center_axis',(0.,-1.,0.));
#2779=DIRECTION('ref_axis',(0.,0.,1.));
#2780=DIRECTION('center_axis',(0.,0.,1.));
#2781=DIRECTION('ref_axis',(0.707106781186548,-0.707106781186548,0.));
#2782=DIRECTION('center_axis',(0.,0.,1.));
#2783=DIRECTION('ref_axis',(0.707106781186548,-0.707106781186548,0.));
#2784=DIRECTION('',(0.,0.,1.));
#2785=DIRECTION('',(0.,0.,-1.));
#2786=DIRECTION('center_axis',(0.,1.,0.));
#2787=DIRECTION('ref_axis',(0.707106781186548,0.,0.707106781186548));
#2788=DIRECTION('',(0.,-1.,0.));
#2789=DIRECTION('',(0.,1.,0.));
#2790=DIRECTION('center_axis',(-0.408248290463863,-0.816496580927726,0.408248290463863));
#2791=DIRECTION('ref_axis',(-0.577350269189622,0.577350269189633,0.577350269189622));
#2792=DIRECTION('center_axis',(-1.,0.,0.));
#2793=DIRECTION('ref_axis',(0.,1.,0.));
#2794=DIRECTION('center_axis',(0.,0.,1.));
#2795=DIRECTION('ref_axis',(-1.,0.,0.));
#2796=DIRECTION('center_axis',(0.,1.,0.));
#2797=DIRECTION('ref_axis',(0.,0.,1.));
#2798=DIRECTION('center_axis',(0.,0.,1.));
#2799=DIRECTION('ref_axis',(-0.707106781186548,0.707106781186548,0.));
#2800=DIRECTION('center_axis',(0.,0.,1.));
#2801=DIRECTION('ref_axis',(-0.707106781186548,0.707106781186548,0.));
#2802=DIRECTION('',(0.,0.,1.));
#2803=DIRECTION('',(0.,0.,-1.));
#2804=DIRECTION('center_axis',(0.408248290463863,-0.816496580927726,-0.408248290463863));
#2805=DIRECTION('ref_axis',(-0.577350269189622,-0.577350269189633,0.577350269189622));
#2806=DIRECTION('center_axis',(0.,-1.,0.));
#2807=DIRECTION('ref_axis',(-1.,0.,0.));
#2808=DIRECTION('center_axis',(0.,0.,1.));
#2809=DIRECTION('ref_axis',(0.,-1.,0.));
#2810=DIRECTION('center_axis',(-1.,0.,0.));
#2811=DIRECTION('ref_axis',(0.,0.,1.));
#2812=DIRECTION('center_axis',(0.,0.,1.));
#2813=DIRECTION('ref_axis',(-0.707106781186548,-0.707106781186548,0.));
#2814=DIRECTION('center_axis',(0.,0.,1.));
#2815=DIRECTION('ref_axis',(-0.707106781186548,-0.707106781186548,0.));
#2816=DIRECTION('',(0.,0.,1.));
#2817=DIRECTION('',(0.,0.,-1.));
#2818=DIRECTION('center_axis',(1.,0.,0.));
#2819=DIRECTION('ref_axis',(0.,-0.707106781186548,0.707106781186548));
#2820=DIRECTION('',(-1.,0.,0.));
#2821=DIRECTION('',(1.,0.,0.));
#2822=DIRECTION('center_axis',(0.,-1.,0.));
#2823=DIRECTION('ref_axis',(-0.707106781186548,0.,0.707106781186548));
#2824=DIRECTION('',(0.,1.,0.));
#2825=DIRECTION('',(0.,-1.,0.));
#2826=DIRECTION('center_axis',(-1.,0.,0.));
#2827=DIRECTION('ref_axis',(0.,0.707106781186548,0.707106781186548));
#2828=DIRECTION('',(1.,0.,0.));
#2829=DIRECTION('',(-1.,0.,0.));
#2830=DIRECTION('center_axis',(0.,0.,1.));
#2831=DIRECTION('ref_axis',(1.,0.,0.));
#2832=DIRECTION('',(0.,1.,0.));
#2833=DIRECTION('',(-1.,0.,0.));
#2834=DIRECTION('',(0.,1.,0.));
#2835=DIRECTION('',(-1.,0.,0.));
#2836=DIRECTION('center_axis',(1.,0.,0.));
#2837=DIRECTION('ref_axis',(0.,1.,0.));
#2838=DIRECTION('',(0.,1.,0.));
#2839=DIRECTION('',(0.,0.,1.));
#2840=DIRECTION('',(0.,1.,0.));
#2841=DIRECTION('',(0.,0.,-1.));
#2842=DIRECTION('',(0.,1.,0.));
#2843=DIRECTION('',(0.,0.,1.));
#2844=DIRECTION('',(0.,1.,0.));
#2845=DIRECTION('',(0.,0.,-1.));
#2846=DIRECTION('',(0.,1.,0.));
#2847=DIRECTION('',(0.,0.,1.));
#2848=DIRECTION('',(0.,1.,0.));
#2849=DIRECTION('',(0.,0.,-1.));
#2850=DIRECTION('',(0.,1.,0.));
#2851=DIRECTION('',(0.,0.,1.));
#2852=DIRECTION('',(0.,1.,0.));
#2853=DIRECTION('',(0.,0.,-1.));
#2854=DIRECTION('',(0.,1.,0.));
#2855=DIRECTION('',(0.,0.,1.));
#2856=DIRECTION('',(0.,1.,0.));
#2857=DIRECTION('',(0.,0.,-1.));
#2858=DIRECTION('center_axis',(0.,0.,1.));
#2859=DIRECTION('ref_axis',(1.,0.,0.));
#2860=DIRECTION('',(1.,0.,0.));
#2861=DIRECTION('',(0.,1.,0.));
#2862=DIRECTION('',(1.,0.,0.));
#2863=DIRECTION('center_axis',(0.,-1.,0.));
#2864=DIRECTION('ref_axis',(1.,0.,0.));
#2865=DIRECTION('',(1.,0.,0.));
#2866=DIRECTION('',(0.,0.,1.));
#2867=DIRECTION('',(1.,0.,0.));
#2868=DIRECTION('',(0.,0.,-1.));
#2869=DIRECTION('',(1.,0.,0.));
#2870=DIRECTION('',(0.,0.,1.));
#2871=DIRECTION('',(1.,0.,0.));
#2872=DIRECTION('',(0.,0.,-1.));
#2873=DIRECTION('',(1.,0.,0.));
#2874=DIRECTION('',(0.,0.,1.));
#2875=DIRECTION('',(1.,0.,0.));
#2876=DIRECTION('',(0.,0.,-1.));
#2877=DIRECTION('center_axis',(0.,0.,1.));
#2878=DIRECTION('ref_axis',(1.,0.,0.));
#2879=DIRECTION('center_axis',(0.,1.,0.));
#2880=DIRECTION('ref_axis',(1.,0.,0.));
#2881=DIRECTION('',(-1.,0.,0.));
#2882=DIRECTION('',(0.,0.,-1.));
#2883=DIRECTION('',(-1.,0.,0.));
#2884=DIRECTION('',(0.,0.,1.));
#2885=DIRECTION('center_axis',(-1.,7.70988211545247E-17,0.));
#2886=DIRECTION('ref_axis',(7.70988211545247E-17,1.,0.));
#2887=DIRECTION('',(-7.70988211545247E-17,-1.,0.));
#2888=DIRECTION('',(-7.70988211545247E-17,-1.,0.));
#2889=DIRECTION('center_axis',(0.,0.,1.));
#2890=DIRECTION('ref_axis',(1.,0.,0.));
#2891=DIRECTION('',(0.,1.,0.));
#2892=DIRECTION('center_axis',(1.,0.,0.));
#2893=DIRECTION('ref_axis',(0.,-1.,0.));
#2894=DIRECTION('',(0.,1.,0.));
#2895=DIRECTION('center_axis',(0.,0.,1.));
#2896=DIRECTION('ref_axis',(1.,0.,0.));
#2897=DIRECTION('',(0.,1.,0.));
#2898=DIRECTION('',(-1.,0.,0.));
#2899=DIRECTION('',(0.,-1.,0.));
#2900=DIRECTION('',(0.99999999999987,5.09992017392352E-7,0.));
#2901=DIRECTION('',(0.707106781186546,-0.707106781186548,0.));
#2902=DIRECTION('',(1.,0.,0.));
#2903=DIRECTION('',(0.999999999999999,4.23738708579577E-8,0.));
#2904=DIRECTION('',(-1.,-3.08395284618099E-16,0.));
#2905=DIRECTION('',(0.,-1.,0.));
#2906=DIRECTION('',(1.,-3.08395284618099E-16,0.));
#2907=DIRECTION('',(-1.,0.,0.));
#2908=DIRECTION('',(1.0667263290073E-16,-1.,0.));
#2909=DIRECTION('center_axis',(-1.,0.,0.));
#2910=DIRECTION('ref_axis',(0.,1.,0.));
#2911=DIRECTION('',(0.,-1.,0.));
#2912=DIRECTION('',(0.,0.,-1.));
#2913=DIRECTION('',(0.,-1.,0.));
#2914=DIRECTION('center_axis',(1.,0.,0.));
#2915=DIRECTION('ref_axis',(0.,-1.,0.));
#2916=DIRECTION('',(0.,1.,0.));
#2917=DIRECTION('',(0.,0.,-1.));
#2918=DIRECTION('center_axis',(0.,0.,1.));
#2919=DIRECTION('ref_axis',(1.,0.,0.));
#2920=DIRECTION('',(0.,-1.,0.));
#2921=DIRECTION('',(-1.,0.,0.));
#2922=DIRECTION('',(1.,0.,0.));
#2923=DIRECTION('center_axis',(0.,-1.,0.));
#2924=DIRECTION('ref_axis',(-1.,0.,0.));
#2925=DIRECTION('',(1.,0.,0.));
#2926=DIRECTION('',(0.,0.,-1.));
#2927=DIRECTION('center_axis',(0.,1.,0.));
#2928=DIRECTION('ref_axis',(1.,0.,0.));
#2929=DIRECTION('',(0.,0.,1.));
#2930=DIRECTION('center_axis',(0.,0.,1.));
#2931=DIRECTION('ref_axis',(1.,0.,0.));
#2932=DIRECTION('',(0.,-1.,0.));
#2933=DIRECTION('center_axis',(-1.,0.,0.));
#2934=DIRECTION('ref_axis',(0.,1.,0.));
#2935=DIRECTION('',(0.,1.,0.));
#2936=DIRECTION('',(0.,0.,1.));
#2937=DIRECTION('',(0.,1.,0.));
#2938=DIRECTION('',(0.,0.,1.));
#2939=DIRECTION('center_axis',(0.,0.,1.));
#2940=DIRECTION('ref_axis',(1.,0.,0.));
#2941=DIRECTION('',(-1.,0.,0.));
#2942=DIRECTION('',(0.707106781186548,0.707106781186547,0.));
#2943=DIRECTION('',(1.,0.,0.));
#2944=DIRECTION('',(0.,-1.,0.));
#2945=DIRECTION('',(-1.,0.,0.));
#2946=DIRECTION('',(0.,-1.,0.));
#2947=DIRECTION('center_axis',(1.,0.,0.));
#2948=DIRECTION('ref_axis',(0.,-1.,0.));
#2949=DIRECTION('',(0.,0.,-1.));
#2950=DIRECTION('',(0.,0.,1.));
#2951=DIRECTION('',(0.,-1.,0.));
#2952=DIRECTION('center_axis',(0.707106781186547,-0.707106781186548,0.));
#2953=DIRECTION('ref_axis',(0.,0.,-1.));
#2954=DIRECTION('',(0.707106781186548,0.707106781186547,0.));
#2955=DIRECTION('',(0.,0.,1.));
#2956=DIRECTION('center_axis',(0.,1.,0.));
#2957=DIRECTION('ref_axis',(1.,0.,0.));
#2958=DIRECTION('',(1.,0.,0.));
#2959=DIRECTION('',(0.,0.,-1.));
#2960=DIRECTION('center_axis',(0.,-1.,0.));
#2961=DIRECTION('ref_axis',(-1.,0.,0.));
#2962=DIRECTION('',(0.,0.,1.));
#2963=DIRECTION('',(-1.,0.,0.));
#2964=DIRECTION('center_axis',(0.,1.,0.));
#2965=DIRECTION('ref_axis',(-1.,0.,0.));
#2966=DIRECTION('',(0.,0.,1.));
#2967=DIRECTION('',(-1.,0.,0.));
#2968=DIRECTION('',(0.,0.,-1.));
#2969=DIRECTION('',(-1.,0.,0.));
#2970=DIRECTION('',(0.,0.,1.));
#2971=DIRECTION('',(-1.,0.,0.));
#2972=DIRECTION('',(0.,0.,-1.));
#2973=DIRECTION('',(-1.,0.,0.));
#2974=DIRECTION('',(-1.,0.,0.));
#2975=DIRECTION('center_axis',(0.,0.,1.));
#2976=DIRECTION('ref_axis',(1.,0.,0.));
#2977=DIRECTION('',(0.,-1.,0.));
#2978=DIRECTION('center_axis',(0.,0.,1.));
#2979=DIRECTION('ref_axis',(1.,0.,0.));
#2980=DIRECTION('',(0.,1.,0.));
#2981=DIRECTION('',(1.,0.,0.));
#2982=DIRECTION('',(6.16790569236198E-16,-1.,0.));
#2983=DIRECTION('center_axis',(-1.,-6.16790569236198E-16,0.));
#2984=DIRECTION('ref_axis',(-6.16790569236198E-16,1.,0.));
#2985=DIRECTION('',(0.,0.,1.));
#2986=DIRECTION('',(6.16790569236198E-16,-1.,0.));
#2987=DIRECTION('center_axis',(0.,-1.,0.));
#2988=DIRECTION('ref_axis',(-1.,0.,0.));
#2989=DIRECTION('',(1.,0.,0.));
#2990=DIRECTION('',(0.,0.,-1.));
#2991=DIRECTION('center_axis',(1.,0.,0.));
#2992=DIRECTION('ref_axis',(0.,-1.,0.));
#2993=DIRECTION('',(0.,1.,0.));
#2994=DIRECTION('center_axis',(0.,1.,0.));
#2995=DIRECTION('ref_axis',(1.,0.,0.));
#2996=DIRECTION('',(-1.,0.,0.));
#2997=DIRECTION('',(0.,0.,-1.));
#2998=DIRECTION('center_axis',(1.,0.,0.));
#2999=DIRECTION('ref_axis',(0.,-1.,0.));
#3000=DIRECTION('',(0.,1.,0.));
#3001=DIRECTION('center_axis',(0.,0.,1.));
#3002=DIRECTION('ref_axis',(1.,0.,0.));
#3003=DIRECTION('',(1.,0.,0.));
#3004=DIRECTION('',(-1.0667263290073E-16,-1.,0.));
#3005=DIRECTION('center_axis',(0.,-1.,0.));
#3006=DIRECTION('ref_axis',(-1.,0.,0.));
#3007=DIRECTION('',(1.,0.,0.));
#3008=DIRECTION('',(0.,0.,1.));
#3009=DIRECTION('center_axis',(-1.,1.0667263290073E-16,0.));
#3010=DIRECTION('ref_axis',(1.0667263290073E-16,1.,0.));
#3011=DIRECTION('',(-1.0667263290073E-16,-1.,0.));
#3012=DIRECTION('center_axis',(0.,0.,1.));
#3013=DIRECTION('ref_axis',(1.,0.,0.));
#3014=DIRECTION('',(1.,-3.08395284618099E-16,0.));
#3015=DIRECTION('',(0.,-1.,0.));
#3016=DIRECTION('',(-1.,-3.08395284618099E-16,0.));
#3017=DIRECTION('center_axis',(-3.08395284618099E-16,1.,0.));
#3018=DIRECTION('ref_axis',(1.,3.08395284618099E-16,0.));
#3019=DIRECTION('',(0.,0.,1.));
#3020=DIRECTION('',(-1.,-3.08395284618099E-16,0.));
#3021=DIRECTION('center_axis',(-1.,0.,0.));
#3022=DIRECTION('ref_axis',(0.,1.,0.));
#3023=DIRECTION('',(0.,-1.,0.));
#3024=DIRECTION('',(0.,0.,-1.));
#3025=DIRECTION('center_axis',(-3.08395284618099E-16,-1.,0.));
#3026=DIRECTION('ref_axis',(-1.,3.08395284618099E-16,0.));
#3027=DIRECTION('',(1.,-3.08395284618099E-16,0.));
#3028=DIRECTION('',(0.,0.,-1.));
#3029=DIRECTION('',(0.,0.,-1.));
#3030=DIRECTION('center_axis',(0.,1.,0.));
#3031=DIRECTION('ref_axis',(1.,0.,0.));
#3032=DIRECTION('',(-1.,0.,0.));
#3033=DIRECTION('',(-1.,0.,0.));
#3034=DIRECTION('',(0.,0.,-1.));
#3035=DIRECTION('center_axis',(-0.707106781186554,0.707106781186541,0.));
#3036=DIRECTION('ref_axis',(0.707106781186541,0.707106781186554,0.));
#3037=DIRECTION('',(-0.707106781186541,-0.707106781186554,0.));
#3038=DIRECTION('',(-0.707106781186541,-0.707106781186554,0.));
#3039=DIRECTION('',(0.,0.,-1.));
#3040=DIRECTION('center_axis',(1.38777878078144E-15,1.,0.));
#3041=DIRECTION('ref_axis',(1.,-1.38777878078144E-15,0.));
#3042=DIRECTION('',(-1.,1.38777878078144E-15,0.));
#3043=DIRECTION('',(-1.,1.38777878078144E-15,0.));
#3044=DIRECTION('',(0.,0.,1.));
#3045=DIRECTION('center_axis',(5.09992017392352E-7,-0.99999999999987,0.));
#3046=DIRECTION('ref_axis',(-0.99999999999987,-5.09992017392352E-7,0.));
#3047=DIRECTION('',(0.,0.,-1.));
#3048=DIRECTION('',(0.99999999999987,5.09992017392352E-7,0.));
#3049=DIRECTION('',(0.,0.,-1.));
#3050=DIRECTION('center_axis',(0.,0.,-1.));
#3051=DIRECTION('ref_axis',(1.,0.,0.));
#3052=DIRECTION('',(0.999999999999999,4.23738708579577E-8,0.));
#3053=DIRECTION('',(1.,0.,0.));
#3054=DIRECTION('',(0.707106781186547,-0.707106781186549,0.));
#3055=DIRECTION('',(0.,-1.,0.));
#3056=DIRECTION('',(-1.,2.34470166193084E-8,0.));
#3057=DIRECTION('center_axis',(0.,-1.,0.));
#3058=DIRECTION('ref_axis',(-1.,0.,0.));
#3059=DIRECTION('',(0.,0.,1.));
#3060=DIRECTION('',(0.,0.,-1.));
#3061=DIRECTION('',(0.,0.,-1.));
#3062=DIRECTION('center_axis',(4.23738708579577E-8,-0.999999999999999,0.));
#3063=DIRECTION('ref_axis',(-0.999999999999999,-4.23738708579577E-8,0.));
#3064=DIRECTION('center_axis',(2.34470166193084E-8,1.,0.));
#3065=DIRECTION('ref_axis',(1.,-2.34470166193084E-8,0.));
#3066=DIRECTION('',(-1.,2.34470166193084E-8,0.));
#3067=DIRECTION('center_axis',(-0.707106781186549,-0.707106781186547,0.));
#3068=DIRECTION('ref_axis',(-0.707106781186546,0.707106781186548,0.));
#3069=DIRECTION('center_axis',(0.,0.,1.));
#3070=DIRECTION('ref_axis',(1.,0.,0.));
#3071=DIRECTION('',(0.,-1.,0.));
#3072=DIRECTION('center_axis',(-1.,0.,0.));
#3073=DIRECTION('ref_axis',(0.,-1.,0.));
#3074=DIRECTION('center_axis',(0.,0.,1.));
#3075=DIRECTION('ref_axis',(1.,0.,0.));
#3076=DIRECTION('',(1.,-3.08395284618099E-16,0.));
#3077=DIRECTION('',(0.,-1.,0.));
#3078=DIRECTION('',(-1.,-3.08395284618099E-16,0.));
#3079=DIRECTION('center_axis',(-3.08395284618099E-16,1.,0.));
#3080=DIRECTION('ref_axis',(1.,3.08395284618099E-16,0.));
#3081=DIRECTION('',(0.,0.,1.));
#3082=DIRECTION('center_axis',(-1.,0.,0.));
#3083=DIRECTION('ref_axis',(0.,1.,0.));
#3084=DIRECTION('',(0.,0.,-1.));
#3085=DIRECTION('center_axis',(-3.08395284618099E-16,-1.,0.));
#3086=DIRECTION('ref_axis',(-1.,3.08395284618099E-16,0.));
#3087=DIRECTION('center_axis',(0.,1.,0.));
#3088=DIRECTION('ref_axis',(1.,0.,0.));
#3089=DIRECTION('',(-1.,0.,0.));
#3090=DIRECTION('',(0.,0.,-1.));
#3091=DIRECTION('center_axis',(-1.,-1.0667263290073E-16,0.));
#3092=DIRECTION('ref_axis',(-1.0667263290073E-16,1.,0.));
#3093=DIRECTION('',(1.0667263290073E-16,-1.,0.));
#3094=DIRECTION('center_axis',(0.,0.,1.));
#3095=DIRECTION('ref_axis',(1.,0.,0.));
#3096=DIRECTION('',(1.,0.,0.));
#3097=DIRECTION('',(0.,1.,0.));
#3098=DIRECTION('center_axis',(1.,0.,0.));
#3099=DIRECTION('ref_axis',(0.,-1.,0.));
#3100=DIRECTION('',(0.,0.,-1.));
#3101=DIRECTION('center_axis',(0.,-1.,0.));
#3102=DIRECTION('ref_axis',(-1.,0.,0.));
#3103=DIRECTION('center_axis',(0.,0.,-1.));
#3104=DIRECTION('ref_axis',(1.,0.,0.));
#3105=DIRECTION('',(0.707106781186547,-0.707106781186549,0.));
#3106=DIRECTION('',(1.,0.,0.));
#3107=DIRECTION('',(0.999999999999999,4.23738708579577E-8,0.));
#3108=DIRECTION('',(0.,1.,0.));
#3109=DIRECTION('',(-1.,2.34470166193084E-8,0.));
#3110=DIRECTION('',(-1.,0.,0.));
#3111=DIRECTION('',(-0.707106781186541,-0.707106781186554,0.));
#3112=DIRECTION('',(-1.,1.38777878078144E-15,0.));
#3113=DIRECTION('',(0.,-1.,0.));
#3114=DIRECTION('',(0.99999999999987,5.09992017392352E-7,0.));
#3115=DIRECTION('center_axis',(0.,-1.,0.));
#3116=DIRECTION('ref_axis',(-1.,0.,0.));
#3117=DIRECTION('',(0.,0.,1.));
#3118=DIRECTION('',(-1.,0.,0.));
#3119=DIRECTION('',(0.,0.,-1.));
#3120=DIRECTION('',(0.,0.,-1.));
#3121=DIRECTION('center_axis',(4.23738708579577E-8,-0.999999999999999,0.));
#3122=DIRECTION('ref_axis',(-0.999999999999999,-4.23738708579577E-8,0.));
#3123=DIRECTION('',(-0.999999999999999,-4.23738708579577E-8,0.));
#3124=DIRECTION('',(0.,0.,-1.));
#3125=DIRECTION('center_axis',(1.,0.,0.));
#3126=DIRECTION('ref_axis',(0.,-1.,0.));
#3127=DIRECTION('',(0.,1.,0.));
#3128=DIRECTION('',(0.,0.,1.));
#3129=DIRECTION('center_axis',(2.34470166193084E-8,1.,0.));
#3130=DIRECTION('ref_axis',(1.,-2.34470166193084E-8,0.));
#3131=DIRECTION('',(1.,-2.34470166193084E-8,0.));
#3132=DIRECTION('',(0.,0.,-1.));
#3133=DIRECTION('',(0.,0.,-1.));
#3134=DIRECTION('center_axis',(0.,1.,0.));
#3135=DIRECTION('ref_axis',(1.,0.,0.));
#3136=DIRECTION('',(1.,0.,0.));
#3137=DIRECTION('',(0.,0.,-1.));
#3138=DIRECTION('center_axis',(-0.707106781186554,0.707106781186541,0.));
#3139=DIRECTION('ref_axis',(0.707106781186541,0.707106781186554,0.));
#3140=DIRECTION('',(0.707106781186541,0.707106781186554,0.));
#3141=DIRECTION('',(0.,0.,-1.));
#3142=DIRECTION('center_axis',(1.38777878078144E-15,1.,0.));
#3143=DIRECTION('ref_axis',(1.,-1.38777878078144E-15,0.));
#3144=DIRECTION('',(1.,-1.38777878078144E-15,0.));
#3145=DIRECTION('',(0.,0.,-1.));
#3146=DIRECTION('center_axis',(-1.,0.,0.));
#3147=DIRECTION('ref_axis',(0.,1.,0.));
#3148=DIRECTION('',(0.,-1.,0.));
#3149=DIRECTION('',(0.,0.,1.));
#3150=DIRECTION('center_axis',(5.09992017392352E-7,-0.99999999999987,0.));
#3151=DIRECTION('ref_axis',(-0.99999999999987,-5.09992017392352E-7,0.));
#3152=DIRECTION('',(-0.99999999999987,-5.09992017392352E-7,0.));
#3153=DIRECTION('',(0.,0.,-1.));
#3154=DIRECTION('center_axis',(-0.707106781186549,-0.707106781186547,0.));
#3155=DIRECTION('ref_axis',(-0.707106781186546,0.707106781186548,0.));
#3156=DIRECTION('',(-0.707106781186547,0.707106781186549,0.));
#3157=DIRECTION('center_axis',(0.,0.,-1.));
#3158=DIRECTION('ref_axis',(1.,0.,0.));
#3159=DIRECTION('center_axis',(0.,0.,1.));
#3160=DIRECTION('ref_axis',(1.,0.,0.));
#3161=DIRECTION('',(-1.,0.,0.));
#3162=DIRECTION('',(-7.70988211545247E-17,-1.,0.));
#3163=DIRECTION('',(-1.,0.,0.));
#3164=DIRECTION('',(0.,1.,0.));
#3165=DIRECTION('center_axis',(-1.,7.70988211545247E-17,0.));
#3166=DIRECTION('ref_axis',(7.70988211545247E-17,1.,0.));
#3167=DIRECTION('',(0.,0.,1.));
#3168=DIRECTION('',(7.70988211545247E-17,1.,0.));
#3169=DIRECTION('',(0.,0.,-1.));
#3170=DIRECTION('center_axis',(0.,-1.,0.));
#3171=DIRECTION('ref_axis',(-1.,0.,0.));
#3172=DIRECTION('',(1.,0.,0.));
#3173=DIRECTION('',(0.,0.,1.));
#3174=DIRECTION('center_axis',(1.,0.,0.));
#3175=DIRECTION('ref_axis',(0.,-1.,0.));
#3176=DIRECTION('',(0.,-1.,0.));
#3177=DIRECTION('',(0.,0.,-1.));
#3178=DIRECTION('center_axis',(0.,1.,0.));
#3179=DIRECTION('ref_axis',(1.,0.,0.));
#3180=DIRECTION('',(1.,0.,0.));
#3181=DIRECTION('center_axis',(0.,0.,-1.));
#3182=DIRECTION('ref_axis',(-1.,0.,0.));
#3183=DIRECTION('center_axis',(0.,0.,1.));
#3184=DIRECTION('ref_axis',(1.,0.,0.));
#3185=DIRECTION('',(6.16790569236198E-16,-1.,0.));
#3186=DIRECTION('',(1.,0.,0.));
#3187=DIRECTION('',(0.,1.,0.));
#3188=DIRECTION('',(1.,0.,0.));
#3189=DIRECTION('center_axis',(0.,-1.,0.));
#3190=DIRECTION('ref_axis',(-1.,0.,0.));
#3191=DIRECTION('',(0.,0.,1.));
#3192=DIRECTION('',(-1.,0.,0.));
#3193=DIRECTION('',(0.,0.,-1.));
#3194=DIRECTION('center_axis',(1.,0.,0.));
#3195=DIRECTION('ref_axis',(0.,-1.,0.));
#3196=DIRECTION('',(0.,-1.,0.));
#3197=DIRECTION('',(0.,0.,-1.));
#3198=DIRECTION('center_axis',(0.,1.,0.));
#3199=DIRECTION('ref_axis',(1.,0.,0.));
#3200=DIRECTION('',(-1.,0.,0.));
#3201=DIRECTION('',(0.,0.,1.));
#3202=DIRECTION('center_axis',(-1.,-6.16790569236198E-16,0.));
#3203=DIRECTION('ref_axis',(-6.16790569236198E-16,1.,0.));
#3204=DIRECTION('',(-6.16790569236198E-16,1.,0.));
#3205=DIRECTION('center_axis',(0.,0.,-1.));
#3206=DIRECTION('ref_axis',(-1.,0.,0.));
#3207=DIRECTION('center_axis',(0.,0.,1.));
#3208=DIRECTION('ref_axis',(1.,0.,0.));
#3209=DIRECTION('',(-1.,-3.08395284618099E-16,0.));
#3210=DIRECTION('',(0.,-1.,0.));
#3211=DIRECTION('',(1.,-3.08395284618099E-16,0.));
#3212=DIRECTION('',(0.,-1.,0.));
#3213=DIRECTION('center_axis',(-1.,0.,0.));
#3214=DIRECTION('ref_axis',(0.,1.,0.));
#3215=DIRECTION('',(0.,0.,1.));
#3216=DIRECTION('',(0.,1.,0.));
#3217=DIRECTION('',(0.,0.,-1.));
#3218=DIRECTION('center_axis',(-3.08395284618099E-16,-1.,0.));
#3219=DIRECTION('ref_axis',(-1.,3.08395284618099E-16,0.));
#3220=DIRECTION('',(-1.,3.08395284618099E-16,0.));
#3221=DIRECTION('',(0.,0.,-1.));
#3222=DIRECTION('center_axis',(1.,0.,0.));
#3223=DIRECTION('ref_axis',(0.,-1.,0.));
#3224=DIRECTION('',(0.,1.,0.));
#3225=DIRECTION('',(0.,0.,1.));
#3226=DIRECTION('center_axis',(-3.08395284618099E-16,1.,0.));
#3227=DIRECTION('ref_axis',(1.,3.08395284618099E-16,0.));
#3228=DIRECTION('',(1.,3.08395284618099E-16,0.));
#3229=DIRECTION('center_axis',(0.,0.,-1.));
#3230=DIRECTION('ref_axis',(-1.,0.,0.));
#3231=DIRECTION('center_axis',(0.,0.,1.));
#3232=DIRECTION('ref_axis',(1.,0.,0.));
#3233=DIRECTION('',(-1.,-3.08395284618099E-16,0.));
#3234=DIRECTION('',(0.,-1.,0.));
#3235=DIRECTION('',(1.,-3.08395284618099E-16,0.));
#3236=DIRECTION('',(0.,-1.,0.));
#3237=DIRECTION('center_axis',(-1.,0.,0.));
#3238=DIRECTION('ref_axis',(0.,1.,0.));
#3239=DIRECTION('',(0.,0.,1.));
#3240=DIRECTION('',(0.,1.,0.));
#3241=DIRECTION('',(0.,0.,-1.));
#3242=DIRECTION('center_axis',(-3.08395284618099E-16,-1.,0.));
#3243=DIRECTION('ref_axis',(-1.,3.08395284618099E-16,0.));
#3244=DIRECTION('',(-1.,3.08395284618099E-16,0.));
#3245=DIRECTION('',(0.,0.,-1.));
#3246=DIRECTION('center_axis',(1.,0.,0.));
#3247=DIRECTION('ref_axis',(0.,-1.,0.));
#3248=DIRECTION('',(0.,1.,0.));
#3249=DIRECTION('',(0.,0.,1.));
#3250=DIRECTION('center_axis',(-3.08395284618099E-16,1.,0.));
#3251=DIRECTION('ref_axis',(1.,3.08395284618099E-16,0.));
#3252=DIRECTION('',(1.,3.08395284618099E-16,0.));
#3253=DIRECTION('center_axis',(0.,0.,-1.));
#3254=DIRECTION('ref_axis',(-1.,0.,0.));
#3255=DIRECTION('center_axis',(0.,0.,1.));
#3256=DIRECTION('ref_axis',(1.,0.,0.));
#3257=DIRECTION('',(0.,-1.,0.));
#3258=DIRECTION('',(-1.,0.,0.));
#3259=DIRECTION('',(1.0667263290073E-16,-1.,0.));
#3260=DIRECTION('',(-1.,0.,0.));
#3261=DIRECTION('',(0.,1.,0.));
#3262=DIRECTION('',(1.,0.,0.));
#3263=DIRECTION('center_axis',(0.,1.,0.));
#3264=DIRECTION('ref_axis',(1.,0.,0.));
#3265=DIRECTION('',(0.,0.,1.));
#3266=DIRECTION('',(1.,0.,0.));
#3267=DIRECTION('',(0.,0.,-1.));
#3268=DIRECTION('center_axis',(-1.,-1.0667263290073E-16,0.));
#3269=DIRECTION('ref_axis',(-1.0667263290073E-16,1.,0.));
#3270=DIRECTION('',(-1.0667263290073E-16,1.,0.));
#3271=DIRECTION('',(0.,0.,-1.));
#3272=DIRECTION('center_axis',(0.,-1.,0.));
#3273=DIRECTION('ref_axis',(-1.,0.,0.));
#3274=DIRECTION('',(1.,0.,0.));
#3275=DIRECTION('',(0.,0.,1.));
#3276=DIRECTION('center_axis',(1.,0.,0.));
#3277=DIRECTION('ref_axis',(0.,-1.,0.));
#3278=DIRECTION('',(0.,-1.,0.));
#3279=DIRECTION('',(0.,0.,-1.));
#3280=DIRECTION('center_axis',(0.,-1.,0.));
#3281=DIRECTION('ref_axis',(-1.,0.,0.));
#3282=DIRECTION('',(-1.,0.,0.));
#3283=DIRECTION('',(0.,0.,-1.));
#3284=DIRECTION('center_axis',(1.,0.,0.));
#3285=DIRECTION('ref_axis',(0.,-1.,0.));
#3286=DIRECTION('',(0.,1.,0.));
#3287=DIRECTION('center_axis',(0.,0.,-1.));
#3288=DIRECTION('ref_axis',(-1.,0.,0.));
#3289=DIRECTION('center_axis',(0.,0.,1.));
#3290=DIRECTION('ref_axis',(1.,0.,0.));
#3291=DIRECTION('',(-1.0667263290073E-16,-1.,0.));
#3292=DIRECTION('',(1.,0.,0.));
#3293=DIRECTION('',(0.,-1.,0.));
#3294=DIRECTION('',(-1.,0.,0.));
#3295=DIRECTION('',(0.,1.,0.));
#3296=DIRECTION('',(1.,0.,0.));
#3297=DIRECTION('center_axis',(0.,-1.,0.));
#3298=DIRECTION('ref_axis',(-1.,0.,0.));
#3299=DIRECTION('',(0.,0.,1.));
#3300=DIRECTION('',(-1.,0.,0.));
#3301=DIRECTION('',(0.,0.,-1.));
#3302=DIRECTION('center_axis',(1.,0.,0.));
#3303=DIRECTION('ref_axis',(0.,-1.,0.));
#3304=DIRECTION('',(0.,1.,0.));
#3305=DIRECTION('',(0.,0.,1.));
#3306=DIRECTION('center_axis',(0.,1.,0.));
#3307=DIRECTION('ref_axis',(1.,0.,0.));
#3308=DIRECTION('',(1.,0.,0.));
#3309=DIRECTION('',(0.,0.,-1.));
#3310=DIRECTION('center_axis',(1.,0.,0.));
#3311=DIRECTION('ref_axis',(0.,-1.,0.));
#3312=DIRECTION('',(0.,-1.,0.));
#3313=DIRECTION('',(0.,0.,-1.));
#3314=DIRECTION('center_axis',(0.,1.,0.));
#3315=DIRECTION('ref_axis',(1.,0.,0.));
#3316=DIRECTION('',(-1.,0.,0.));
#3317=DIRECTION('',(0.,0.,1.));
#3318=DIRECTION('center_axis',(-1.,1.0667263290073E-16,0.));
#3319=DIRECTION('ref_axis',(1.0667263290073E-16,1.,0.));
#3320=DIRECTION('',(1.0667263290073E-16,1.,0.));
#3321=DIRECTION('center_axis',(0.,0.,-1.));
#3322=DIRECTION('ref_axis',(-1.,0.,0.));
#3323=DIRECTION('center_axis',(0.,0.,1.));
#3324=DIRECTION('ref_axis',(1.,0.,0.));
#3325=DIRECTION('',(-1.,0.,0.));
#3326=DIRECTION('',(0.,1.,0.));
#3327=DIRECTION('',(1.,0.,0.));
#3328=DIRECTION('',(0.,-1.,0.));
#3329=DIRECTION('',(-1.,0.,0.));
#3330=DIRECTION('',(0.,1.,0.));
#3331=DIRECTION('center_axis',(-1.,0.,0.));
#3332=DIRECTION('ref_axis',(0.,1.,0.));
#3333=DIRECTION('',(0.,0.,-1.));
#3334=DIRECTION('',(0.,-1.,0.));
#3335=DIRECTION('',(0.,0.,1.));
#3336=DIRECTION('center_axis',(0.,-1.,0.));
#3337=DIRECTION('ref_axis',(-1.,0.,0.));
#3338=DIRECTION('',(-1.,0.,0.));
#3339=DIRECTION('',(0.,0.,-1.));
#3340=DIRECTION('center_axis',(-1.,0.,0.));
#3341=DIRECTION('ref_axis',(0.,1.,0.));
#3342=DIRECTION('',(0.,1.,0.));
#3343=DIRECTION('',(0.,0.,-1.));
#3344=DIRECTION('center_axis',(0.,-1.,0.));
#3345=DIRECTION('ref_axis',(-1.,0.,0.));
#3346=DIRECTION('',(1.,0.,0.));
#3347=DIRECTION('',(0.,0.,1.));
#3348=DIRECTION('center_axis',(1.,0.,0.));
#3349=DIRECTION('ref_axis',(0.,-1.,0.));
#3350=DIRECTION('',(0.,-1.,0.));
#3351=DIRECTION('',(0.,0.,-1.));
#3352=DIRECTION('center_axis',(0.,1.,0.));
#3353=DIRECTION('ref_axis',(1.,0.,0.));
#3354=DIRECTION('',(1.,0.,0.));
#3355=DIRECTION('center_axis',(0.,0.,-1.));
#3356=DIRECTION('ref_axis',(-1.,0.,0.));
#3357=DIRECTION('center_axis',(0.,0.,1.));
#3358=DIRECTION('ref_axis',(1.,0.,0.));
#3359=DIRECTION('',(0.707106781186548,0.707106781186547,0.));
#3360=DIRECTION('',(0.,1.,0.));
#3361=DIRECTION('',(1.,0.,0.));
#3362=DIRECTION('',(0.,-1.,0.));
#3363=DIRECTION('',(-1.,0.,0.));
#3364=DIRECTION('',(0.,1.,0.));
#3365=DIRECTION('',(1.,0.,0.));
#3366=DIRECTION('center_axis',(0.707106781186547,-0.707106781186548,0.));
#3367=DIRECTION('ref_axis',(0.,0.,-1.));
#3368=DIRECTION('',(0.707106781186548,0.707106781186547,0.));
#3369=DIRECTION('',(0.,0.,1.));
#3370=DIRECTION('',(0.,0.,1.));
#3371=DIRECTION('center_axis',(0.,0.,1.));
#3372=DIRECTION('ref_axis',(-1.,0.,0.));
#3373=DIRECTION('',(1.,0.,0.));
#3374=DIRECTION('',(0.,-1.,0.));
#3375=DIRECTION('',(-1.,0.,0.));
#3376=DIRECTION('',(0.,-1.,0.));
#3377=DIRECTION('',(-1.,0.,0.));
#3378=DIRECTION('',(0.,1.,0.));
#3379=DIRECTION('center_axis',(0.,1.,0.));
#3380=DIRECTION('ref_axis',(1.,0.,0.));
#3381=DIRECTION('',(0.,0.,1.));
#3382=DIRECTION('center_axis',(1.,0.,0.));
#3383=DIRECTION('ref_axis',(0.,-1.,0.));
#3384=DIRECTION('',(0.,0.,-1.));
#3385=DIRECTION('center_axis',(0.,-1.,0.));
#3386=DIRECTION('ref_axis',(-1.,0.,0.));
#3387=DIRECTION('',(0.,0.,1.));
#3388=DIRECTION('center_axis',(1.,0.,0.));
#3389=DIRECTION('ref_axis',(0.,-1.,0.));
#3390=DIRECTION('',(0.,0.,1.));
#3391=DIRECTION('center_axis',(0.,-1.,0.));
#3392=DIRECTION('ref_axis',(-1.,0.,0.));
#3393=DIRECTION('',(0.,0.,-1.));
#3394=DIRECTION('center_axis',(-1.,0.,0.));
#3395=DIRECTION('ref_axis',(0.,1.,0.));
#3396=CARTESIAN_POINT('',(0.,0.,0.));
#3397=CARTESIAN_POINT('Origin',(0.99,1.24,0.74));
#3398=CARTESIAN_POINT('',(1.,1.24,0.74));
#3399=CARTESIAN_POINT('',(0.99,1.24,0.75));
#3400=CARTESIAN_POINT('Origin',(0.99,1.24,0.74));
#3401=CARTESIAN_POINT('',(0.99,1.25,0.74));
#3402=CARTESIAN_POINT('Origin',(0.99,1.24,0.74));
#3403=CARTESIAN_POINT('Origin',(0.99,1.24,0.74));
#3404=CARTESIAN_POINT('Origin',(0.99,1.24,0.));
#3405=CARTESIAN_POINT('',(1.,1.24,0.));
#3406=CARTESIAN_POINT('',(0.99,1.25,0.));
#3407=CARTESIAN_POINT('Origin',(0.99,1.24,0.));
#3408=CARTESIAN_POINT('',(0.99,1.25,0.));
#3409=CARTESIAN_POINT('',(1.,1.24,0.));
#3410=CARTESIAN_POINT('Origin',(0.99,-1.24,0.74));
#3411=CARTESIAN_POINT('',(0.99,-1.25,0.74));
#3412=CARTESIAN_POINT('',(0.989999999999999,-1.24,0.75));
#3413=CARTESIAN_POINT('Origin',(0.989999999999999,-1.24,0.74));
#3414=CARTESIAN_POINT('',(1.,-1.24,0.74));
#3415=CARTESIAN_POINT('Origin',(0.99,-1.24,0.74));
#3416=CARTESIAN_POINT('Origin',(0.99,-1.24,0.74));
#3417=CARTESIAN_POINT('Origin',(0.99,-1.24,0.));
#3418=CARTESIAN_POINT('',(0.99,-1.25,0.));
#3419=CARTESIAN_POINT('',(1.,-1.24,0.));
#3420=CARTESIAN_POINT('Origin',(0.99,-1.24,0.));
#3421=CARTESIAN_POINT('',(1.,-1.24,0.));
#3422=CARTESIAN_POINT('',(0.99,-1.25,0.));
#3423=CARTESIAN_POINT('Origin',(0.99,-0.625,0.74));
#3424=CARTESIAN_POINT('',(0.99,-0.625,0.75));
#3425=CARTESIAN_POINT('',(1.,-0.625,0.74));
#3426=CARTESIAN_POINT('Origin',(-0.99,1.24,0.74));
#3427=CARTESIAN_POINT('',(-0.99,1.25,0.74));
#3428=CARTESIAN_POINT('',(-0.989999999999999,1.24,0.75));
#3429=CARTESIAN_POINT('Origin',(-0.989999999999999,1.24,0.74));
#3430=CARTESIAN_POINT('',(-1.,1.24,0.74));
#3431=CARTESIAN_POINT('Origin',(-0.99,1.24,0.74));
#3432=CARTESIAN_POINT('Origin',(-0.99,1.24,0.74));
#3433=CARTESIAN_POINT('Origin',(-0.99,1.24,0.));
#3434=CARTESIAN_POINT('',(-0.99,1.25,0.));
#3435=CARTESIAN_POINT('',(-1.,1.24,0.));
#3436=CARTESIAN_POINT('Origin',(-0.99,1.24,0.));
#3437=CARTESIAN_POINT('',(-1.,1.24,0.));
#3438=CARTESIAN_POINT('',(-0.99,1.25,0.));
#3439=CARTESIAN_POINT('Origin',(-0.99,-1.24,0.74));
#3440=CARTESIAN_POINT('',(-1.,-1.24,0.74));
#3441=CARTESIAN_POINT('',(-0.99,-1.24,0.75));
#3442=CARTESIAN_POINT('Origin',(-0.99,-1.24,0.74));
#3443=CARTESIAN_POINT('',(-0.99,-1.25,0.74));
#3444=CARTESIAN_POINT('Origin',(-0.99,-1.24,0.74));
#3445=CARTESIAN_POINT('Origin',(-0.99,-1.24,0.74));
#3446=CARTESIAN_POINT('Origin',(-0.99,-1.24,0.));
#3447=CARTESIAN_POINT('',(-1.,-1.24,0.));
#3448=CARTESIAN_POINT('',(-0.99,-1.25,0.));
#3449=CARTESIAN_POINT('Origin',(-0.99,-1.24,0.));
#3450=CARTESIAN_POINT('',(-0.99,-1.25,0.));
#3451=CARTESIAN_POINT('',(-1.,-1.24,0.));
#3452=CARTESIAN_POINT('Origin',(-0.5,-1.24,0.74));
#3453=CARTESIAN_POINT('',(-0.5,-1.24,0.75));
#3454=CARTESIAN_POINT('',(-0.5,-1.25,0.74));
#3455=CARTESIAN_POINT('Origin',(-0.99,0.625,0.74));
#3456=CARTESIAN_POINT('',(-0.99,0.625,0.75));
#3457=CARTESIAN_POINT('',(-1.,0.625,0.74));
#3458=CARTESIAN_POINT('Origin',(0.5,1.24,0.74));
#3459=CARTESIAN_POINT('',(0.5,1.24,0.75));
#3460=CARTESIAN_POINT('',(0.5,1.25,0.74));
#3461=CARTESIAN_POINT('Origin',(0.,0.,0.));
#3462=CARTESIAN_POINT('',(1.,1.10000001490116,0.));
#3463=CARTESIAN_POINT('',(1.,-1.25,0.));
#3464=CARTESIAN_POINT('',(0.85,1.10000001490116,0.));
#3465=CARTESIAN_POINT('',(0.425,1.10000001490116,0.));
#3466=CARTESIAN_POINT('',(0.85,1.25,0.));
#3467=CARTESIAN_POINT('',(0.85,0.625,0.));
#3468=CARTESIAN_POINT('',(1.,1.25,0.));
#3469=CARTESIAN_POINT('Origin',(1.,-1.25,0.));
#3470=CARTESIAN_POINT('',(1.,-1.10000001490116,0.));
#3471=CARTESIAN_POINT('',(1.,-1.25,0.));
#3472=CARTESIAN_POINT('',(1.,-1.10000001490116,0.127));
#3473=CARTESIAN_POINT('',(1.,-1.10000001490116,0.));
#3474=CARTESIAN_POINT('',(1.,-0.900000014901161,0.127));
#3475=CARTESIAN_POINT('',(1.,-1.16250000372529,0.127));
#3476=CARTESIAN_POINT('',(1.,-0.900000014901161,0.));
#3477=CARTESIAN_POINT('',(1.,-0.900000014901161,0.));
#3478=CARTESIAN_POINT('',(1.,-0.65,0.));
#3479=CARTESIAN_POINT('',(1.,-1.25,0.));
#3480=CARTESIAN_POINT('',(1.,-0.65,0.127));
#3481=CARTESIAN_POINT('',(1.,-0.65,0.));
#3482=CARTESIAN_POINT('',(1.,-0.4,0.127));
#3483=CARTESIAN_POINT('',(1.,-0.8875,0.127));
#3484=CARTESIAN_POINT('',(1.,-0.4,0.));
#3485=CARTESIAN_POINT('',(1.,-0.4,0.));
#3486=CARTESIAN_POINT('',(1.,-0.149999951295335,0.));
#3487=CARTESIAN_POINT('',(1.,-1.25,0.));
#3488=CARTESIAN_POINT('',(1.,-0.149999951295335,0.127));
#3489=CARTESIAN_POINT('',(1.,-0.149999951295335,0.));
#3490=CARTESIAN_POINT('',(1.,0.149999966059363,0.127));
#3491=CARTESIAN_POINT('',(1.,-0.625,0.127));
#3492=CARTESIAN_POINT('',(1.,0.149999966059363,0.));
#3493=CARTESIAN_POINT('',(1.,0.149999966059363,0.));
#3494=CARTESIAN_POINT('',(1.,0.4,0.));
#3495=CARTESIAN_POINT('',(1.,-1.25,0.));
#3496=CARTESIAN_POINT('',(1.,0.4,0.127));
#3497=CARTESIAN_POINT('',(1.,0.4,0.));
#3498=CARTESIAN_POINT('',(1.,0.65,0.127));
#3499=CARTESIAN_POINT('',(1.,-0.3625,0.127));
#3500=CARTESIAN_POINT('',(1.,0.650000000000001,0.));
#3501=CARTESIAN_POINT('',(1.,0.650000000000001,0.));
#3502=CARTESIAN_POINT('',(1.,0.900000014901161,0.));
#3503=CARTESIAN_POINT('',(1.,-1.25,0.));
#3504=CARTESIAN_POINT('',(1.,0.900000014901161,0.127));
#3505=CARTESIAN_POINT('',(1.,0.900000014901161,0.));
#3506=CARTESIAN_POINT('',(1.,1.10000001490116,0.127));
#3507=CARTESIAN_POINT('',(1.,-0.0874999962747097,0.127));
#3508=CARTESIAN_POINT('',(1.,1.10000001490116,0.));
#3509=CARTESIAN_POINT('Origin',(0.,0.,0.));
#3510=CARTESIAN_POINT('',(0.85,-1.25,0.));
#3511=CARTESIAN_POINT('',(-1.,-1.25,0.));
#3512=CARTESIAN_POINT('',(0.85,-1.10000001490116,0.));
#3513=CARTESIAN_POINT('',(0.85,-0.550000007450581,0.));
#3514=CARTESIAN_POINT('',(0.5,-1.10000001490116,0.));
#3515=CARTESIAN_POINT('Origin',(-1.,-1.25,0.));
#3516=CARTESIAN_POINT('',(-0.85,-1.25,0.));
#3517=CARTESIAN_POINT('',(-1.,-1.25,0.));
#3518=CARTESIAN_POINT('',(-0.85,-1.25,0.127));
#3519=CARTESIAN_POINT('',(-0.85,-1.25,0.));
#3520=CARTESIAN_POINT('',(-0.6,-1.25,0.127));
#3521=CARTESIAN_POINT('',(-0.9,-1.25,0.127));
#3522=CARTESIAN_POINT('',(-0.6,-1.25,0.));
#3523=CARTESIAN_POINT('',(-0.6,-1.25,0.));
#3524=CARTESIAN_POINT('',(-0.2,-1.25,0.));
#3525=CARTESIAN_POINT('',(-1.,-1.25,0.));
#3526=CARTESIAN_POINT('',(-0.2,-1.25,0.127));
#3527=CARTESIAN_POINT('',(-0.2,-1.25,0.));
#3528=CARTESIAN_POINT('',(0.0499999999999999,-1.25,0.127));
#3529=CARTESIAN_POINT('',(-0.5375,-1.25,0.127));
#3530=CARTESIAN_POINT('',(0.0499999999999999,-1.25,0.));
#3531=CARTESIAN_POINT('',(0.0499999999999999,-1.25,0.));
#3532=CARTESIAN_POINT('',(0.55,-1.25,0.));
#3533=CARTESIAN_POINT('',(-1.,-1.25,0.));
#3534=CARTESIAN_POINT('',(0.55,-1.25,0.127));
#3535=CARTESIAN_POINT('',(0.55,-1.25,0.));
#3536=CARTESIAN_POINT('',(0.85,-1.25,0.127));
#3537=CARTESIAN_POINT('',(-0.1125,-1.25,0.127));
#3538=CARTESIAN_POINT('',(0.85,-1.25,0.));
#3539=CARTESIAN_POINT('Origin',(0.,0.,0.75));
#3540=CARTESIAN_POINT('Origin',(-0.2,-0.8,0.));
#3541=CARTESIAN_POINT('',(0.0499999999999999,-0.8,0.));
#3542=CARTESIAN_POINT('',(-0.2,-0.8,0.));
#3543=CARTESIAN_POINT('',(-0.1,-0.8,0.));
#3544=CARTESIAN_POINT('',(0.0499999999999999,-0.8,0.127));
#3545=CARTESIAN_POINT('',(0.0499999999999999,-0.8,0.));
#3546=CARTESIAN_POINT('',(-0.2,-0.8,0.127));
#3547=CARTESIAN_POINT('',(0.0499999999999999,-0.8,0.127));
#3548=CARTESIAN_POINT('',(-0.2,-0.8,0.));
#3549=CARTESIAN_POINT('Origin',(-0.2,-1.25,0.));
#3550=CARTESIAN_POINT('',(-0.2,-0.625,0.));
#3551=CARTESIAN_POINT('',(-0.2,-0.8,0.127));
#3552=CARTESIAN_POINT('Origin',(-0.0750000000000001,-1.025,0.127));
#3553=CARTESIAN_POINT('',(0.0499999999999999,-0.8,0.127));
#3554=CARTESIAN_POINT('Origin',(0.0499999999999999,-0.8,0.));
#3555=CARTESIAN_POINT('',(0.0499999999999999,-0.4,0.));
#3556=CARTESIAN_POINT('Origin',(0.,0.,0.));
#3557=CARTESIAN_POINT('',(-0.6,-0.755,0.));
#3558=CARTESIAN_POINT('',(-0.6,-0.3775,0.));
#3559=CARTESIAN_POINT('',(-1.,-0.755,0.));
#3560=CARTESIAN_POINT('',(-0.5,-0.755,0.));
#3561=CARTESIAN_POINT('',(-1.,-0.199999921717278,0.));
#3562=CARTESIAN_POINT('',(-1.,1.25,0.));
#3563=CARTESIAN_POINT('',(-0.900000129281857,-0.199999870718143,0.));
#3564=CARTESIAN_POINT('',(-0.450000013641877,-0.199999641221676,0.));
#3565=CARTESIAN_POINT('',(-0.875,-0.225,0.));
#3566=CARTESIAN_POINT('',(-0.7125,-0.3875,0.));
#3567=CARTESIAN_POINT('',(-0.042000014165301,-0.225,0.));
#3568=CARTESIAN_POINT('',(-0.0210000070826505,-0.225,0.));
#3569=CARTESIAN_POINT('',(0.219942834905371,-0.149999984349376,0.));
#3570=CARTESIAN_POINT('Ctrl Pts',(-0.042000014165301,-0.225,2.89881422959283E-18));
#3571=CARTESIAN_POINT('Ctrl Pts',(-0.0407610476752127,-0.221410764163616,
2.89881422959281E-18));
#3572=CARTESIAN_POINT('Ctrl Pts',(-0.0391960286067143,-0.217804424186587,
2.7563872207633E-17));
#3573=CARTESIAN_POINT('Ctrl Pts',(-0.0372898643094913,-0.21418130810506,
2.77414955379933E-17));
#3574=CARTESIAN_POINT('Ctrl Pts',(-0.0356883594685977,-0.211137269376532,
2.78907295908196E-17));
#3575=CARTESIAN_POINT('Ctrl Pts',(-0.0338469302527257,-0.208081281183957,
6.22972751517029E-18));
#3576=CARTESIAN_POINT('Ctrl Pts',(-0.031720186738501,-0.205015517033581,
2.60813707664812E-18));
#3577=CARTESIAN_POINT('Ctrl Pts',(-0.0297545533570169,-0.202181997940454,
-7.39102029717964E-19));
#3578=CARTESIAN_POINT('Ctrl Pts',(-0.0275458769332014,-0.199340069206459,
5.63084848353937E-18));
#3579=CARTESIAN_POINT('Ctrl Pts',(-0.025014492486068,-0.19649437959451,
1.33974983428474E-18));
#3580=CARTESIAN_POINT('Ctrl Pts',(-0.0220462021266263,-0.193157536369975,
-3.69197372173987E-18));
#3581=CARTESIAN_POINT('Ctrl Pts',(-0.0186342812691709,-0.189814864372114,
0.));
#3582=CARTESIAN_POINT('Ctrl Pts',(-0.0145662513624728,-0.186482870232635,
0.));
#3583=CARTESIAN_POINT('Ctrl Pts',(-0.0108181693669551,-0.183412935269081,
0.));
#3584=CARTESIAN_POINT('Ctrl Pts',(-0.00650690282577835,-0.180351563068757,
0.));
#3585=CARTESIAN_POINT('Ctrl Pts',(-0.00146652849605714,-0.177327724785163,
0.));
#3586=CARTESIAN_POINT('Ctrl Pts',(0.0025126248032143,-0.17494053778366,
0.));
#3587=CARTESIAN_POINT('Ctrl Pts',(0.00694721438566524,-0.172576921853904,
0.));
#3588=CARTESIAN_POINT('Ctrl Pts',(0.0118837250327068,-0.170261998435256,
0.));
#3589=CARTESIAN_POINT('Ctrl Pts',(0.0164785717897407,-0.168107294612358,
0.));
#3590=CARTESIAN_POINT('Ctrl Pts',(0.0215088355762198,-0.165994792004059,
2.36570153873013E-17));
#3591=CARTESIAN_POINT('Ctrl Pts',(0.0269659656720262,-0.163954736666963,
2.59389782138064E-17));
#3592=CARTESIAN_POINT('Ctrl Pts',(0.0329629791385564,-0.161712855107563,
2.84466995912369E-17));
#3593=CARTESIAN_POINT('Ctrl Pts',(0.0394749595952983,-0.159558728438652,
3.76410195723118E-18));
#3594=CARTESIAN_POINT('Ctrl Pts',(0.0464257842510303,-0.157544205336414,
1.53974704812799E-18));
#3595=CARTESIAN_POINT('Ctrl Pts',(0.0557277511976322,-0.154848262302557,
-1.43700418165977E-18));
#3596=CARTESIAN_POINT('Ctrl Pts',(0.0658140449737566,-0.152403676641745,
6.4136358271184E-18));
#3597=CARTESIAN_POINT('Ctrl Pts',(0.0764061411202346,-0.150342550397444,
5.74197300610047E-18));
#3598=CARTESIAN_POINT('Ctrl Pts',(0.0856699028789541,-0.148539906027736,
5.15454212650365E-18));
#3599=CARTESIAN_POINT('Ctrl Pts',(0.0953151606605302,-0.147031921092053,
0.));
#3600=CARTESIAN_POINT('Ctrl Pts',(0.105157970094185,-0.145890897473734,
0.));
#3601=CARTESIAN_POINT('Ctrl Pts',(0.113883646550541,-0.144879377034409,
0.));
#3602=CARTESIAN_POINT('Ctrl Pts',(0.122763476477579,-0.144156348900981,
0.));
#3603=CARTESIAN_POINT('Ctrl Pts',(0.131710356092219,-0.143749688503689,
0.));
#3604=CARTESIAN_POINT('Ctrl Pts',(0.141814370141921,-0.143290433149345,
0.));
#3605=CARTESIAN_POINT('Ctrl Pts',(0.152004203524597,-0.143234226460854,
2.02262676598061E-17));
#3606=CARTESIAN_POINT('Ctrl Pts',(0.162215794202852,-0.143593440031323,
2.24657531933752E-17));
#3607=CARTESIAN_POINT('Ctrl Pts',(0.174102603944105,-0.144011582855802,
2.50726279981507E-17));
#3608=CARTESIAN_POINT('Ctrl Pts',(0.186019888692257,-0.144991512880279,
0.));
#3609=CARTESIAN_POINT('Ctrl Pts',(0.19793691122601,-0.146529212019628,0.));
#3610=CARTESIAN_POINT('Ctrl Pts',(0.205271217389059,-0.147475585683241,
0.));
#3611=CARTESIAN_POINT('Ctrl Pts',(0.212606734582541,-0.14863285196692,2.77555756156289E-17));
#3612=CARTESIAN_POINT('Ctrl Pts',(0.219942834905371,-0.149999984349376,
2.77555756156289E-17));
#3613=CARTESIAN_POINT('',(0.50000000317804,-0.14999997248227,0.));
#3614=CARTESIAN_POINT('',(0.549999999999999,-0.4,0.));
#3615=CARTESIAN_POINT('',(0.275,-0.4,0.));
#3616=CARTESIAN_POINT('',(0.549999999999999,-0.65,0.));
#3617=CARTESIAN_POINT('',(0.549999999999999,-0.325,0.));
#3618=CARTESIAN_POINT('',(0.5,-0.65,0.));
#3619=CARTESIAN_POINT('',(0.55,-0.900000014901161,0.));
#3620=CARTESIAN_POINT('',(0.275,-0.900000014901161,0.));
#3621=CARTESIAN_POINT('',(0.55,-0.625,0.));
#3622=CARTESIAN_POINT('Origin',(-0.85,-1.25,0.));
#3623=CARTESIAN_POINT('',(-0.85,-1.1,0.));
#3624=CARTESIAN_POINT('',(-0.85,-0.625,0.));
#3625=CARTESIAN_POINT('',(-0.85,-1.1,0.127));
#3626=CARTESIAN_POINT('',(-0.85,-1.1,0.));
#3627=CARTESIAN_POINT('',(-0.85,2.29621274840129E-17,0.127));
#3628=CARTESIAN_POINT('Origin',(-0.6,-0.755,0.));
#3629=CARTESIAN_POINT('',(-0.6,-0.755,0.127));
#3630=CARTESIAN_POINT('',(-0.6,7.65404249467096E-18,0.127));
#3631=CARTESIAN_POINT('',(-0.6,-0.755,0.));
#3632=CARTESIAN_POINT('Origin',(-0.8,-1.0025,0.127));
#3633=CARTESIAN_POINT('',(-1.,-0.755,0.127));
#3634=CARTESIAN_POINT('',(-1.,-1.1,0.127));
#3635=CARTESIAN_POINT('',(-1.,0.12375,0.127));
#3636=CARTESIAN_POINT('',(0.,-0.755,0.127));
#3637=CARTESIAN_POINT('',(0.,-1.1,0.127));
#3638=CARTESIAN_POINT('Origin',(-0.85,-1.1,0.));
#3639=CARTESIAN_POINT('',(-1.,-1.1,0.));
#3640=CARTESIAN_POINT('',(-0.425,-1.1,0.));
#3641=CARTESIAN_POINT('',(-1.,-1.1,0.));
#3642=CARTESIAN_POINT('Origin',(-1.,-0.755,0.));
#3643=CARTESIAN_POINT('',(-1.,-0.755,0.));
#3644=CARTESIAN_POINT('Origin',(0.,0.,0.));
#3645=CARTESIAN_POINT('',(-1.,1.25,0.));
#3646=CARTESIAN_POINT('Origin',(-0.6,0.755,0.));
#3647=CARTESIAN_POINT('',(-0.6,0.855,0.));
#3648=CARTESIAN_POINT('',(-0.6,1.25,0.));
#3649=CARTESIAN_POINT('',(-0.6,0.3775,0.));
#3650=CARTESIAN_POINT('',(-0.6,0.855,0.127));
#3651=CARTESIAN_POINT('',(-0.6,0.855,0.));
#3652=CARTESIAN_POINT('',(-0.6,1.25,0.127));
#3653=CARTESIAN_POINT('',(-0.6,-7.65404249467096E-18,0.127));
#3654=CARTESIAN_POINT('',(-0.6,1.25,0.));
#3655=CARTESIAN_POINT('Origin',(-0.8,1.0025,0.127));
#3656=CARTESIAN_POINT('',(-0.85,1.25,0.127));
#3657=CARTESIAN_POINT('',(0.0999999999999999,1.25,0.127));
#3658=CARTESIAN_POINT('',(-0.7,0.755,0.127));
#3659=CARTESIAN_POINT('',(-0.638125,0.816875,0.127));
#3660=CARTESIAN_POINT('',(-1.,0.755,0.127));
#3661=CARTESIAN_POINT('',(0.,0.755,0.127));
#3662=CARTESIAN_POINT('',(-1.,1.1,0.127));
#3663=CARTESIAN_POINT('',(-1.,1.12625,0.127));
#3664=CARTESIAN_POINT('',(-0.85,1.1,0.127));
#3665=CARTESIAN_POINT('',(0.,1.1,0.127));
#3666=CARTESIAN_POINT('',(-0.85,-2.29621274840129E-17,0.127));
#3667=CARTESIAN_POINT('Origin',(-0.85,1.25,0.));
#3668=CARTESIAN_POINT('',(-0.85,1.25,0.));
#3669=CARTESIAN_POINT('',(-0.85,1.25,0.));
#3670=CARTESIAN_POINT('',(-0.85,1.1,0.));
#3671=CARTESIAN_POINT('',(-0.85,1.1,0.));
#3672=CARTESIAN_POINT('',(-0.85,0.625,0.));
#3673=CARTESIAN_POINT('Origin',(-0.65,0.805,0.));
#3674=CARTESIAN_POINT('',(-0.7,0.755,0.));
#3675=CARTESIAN_POINT('',(-0.68875,0.76625,0.));
#3676=CARTESIAN_POINT('',(-0.7,0.755,0.));
#3677=CARTESIAN_POINT('Origin',(-1.,0.755,0.));
#3678=CARTESIAN_POINT('',(-1.,0.755,0.));
#3679=CARTESIAN_POINT('',(-0.5,0.755,0.));
#3680=CARTESIAN_POINT('',(-1.,0.755,0.));
#3681=CARTESIAN_POINT('Origin',(-0.85,1.1,0.));
#3682=CARTESIAN_POINT('',(-1.,1.1,0.));
#3683=CARTESIAN_POINT('',(-1.,1.1,0.));
#3684=CARTESIAN_POINT('',(-0.425,1.1,0.));
#3685=CARTESIAN_POINT('Origin',(1.,1.25,0.));
#3686=CARTESIAN_POINT('',(0.85,1.25,0.127));
#3687=CARTESIAN_POINT('',(0.85,1.25,0.));
#3688=CARTESIAN_POINT('',(0.55,1.25,0.127));
#3689=CARTESIAN_POINT('',(0.8875,1.25,0.127));
#3690=CARTESIAN_POINT('',(0.55,1.25,0.));
#3691=CARTESIAN_POINT('',(0.55,1.25,0.));
#3692=CARTESIAN_POINT('',(0.05,1.25,0.));
#3693=CARTESIAN_POINT('',(1.,1.25,0.));
#3694=CARTESIAN_POINT('',(0.05,1.25,0.127));
#3695=CARTESIAN_POINT('',(0.05,1.25,0.));
#3696=CARTESIAN_POINT('',(-0.2,1.25,0.127));
#3697=CARTESIAN_POINT('',(0.4625,1.25,0.127));
#3698=CARTESIAN_POINT('',(-0.2,1.25,0.));
#3699=CARTESIAN_POINT('',(-0.2,1.25,0.));
#3700=CARTESIAN_POINT('',(1.,1.25,0.));
#3701=CARTESIAN_POINT('',(1.,1.25,0.));
#3702=CARTESIAN_POINT('Origin',(0.,0.,0.));
#3703=CARTESIAN_POINT('',(-1.,1.25,0.));
#3704=CARTESIAN_POINT('Origin',(-0.0750000000000001,1.025,0.127));
#3705=CARTESIAN_POINT('',(0.05,0.8,0.127));
#3706=CARTESIAN_POINT('',(0.05,0.8,0.127));
#3707=CARTESIAN_POINT('',(-0.2,0.8,0.127));
#3708=CARTESIAN_POINT('',(0.05,0.8,0.127));
#3709=CARTESIAN_POINT('',(-0.2,0.8,0.127));
#3710=CARTESIAN_POINT('Origin',(-0.2,0.8,0.));
#3711=CARTESIAN_POINT('',(-0.2,0.8,0.));
#3712=CARTESIAN_POINT('',(-0.2,0.8,0.));
#3713=CARTESIAN_POINT('',(-0.2,0.4,0.));
#3714=CARTESIAN_POINT('Origin',(0.05,0.8,0.));
#3715=CARTESIAN_POINT('',(0.05,0.8,0.));
#3716=CARTESIAN_POINT('',(0.025,0.8,0.));
#3717=CARTESIAN_POINT('',(0.05,0.8,0.));
#3718=CARTESIAN_POINT('Origin',(0.05,1.25,0.));
#3719=CARTESIAN_POINT('',(0.05,0.625,0.));
#3720=CARTESIAN_POINT('Origin',(0.85,1.10000001490116,0.));
#3721=CARTESIAN_POINT('',(0.85,1.10000001490116,0.127));
#3722=CARTESIAN_POINT('',(0.85,1.10000001490116,0.127));
#3723=CARTESIAN_POINT('',(0.85,1.10000001490116,0.));
#3724=CARTESIAN_POINT('Origin',(0.85,1.25,0.));
#3725=CARTESIAN_POINT('',(0.85,1.10000001490116,0.127));
#3726=CARTESIAN_POINT('Origin',(0.775,1.07500000745058,0.127));
#3727=CARTESIAN_POINT('',(0.55,0.900000014901161,0.127));
#3728=CARTESIAN_POINT('',(0.,0.900000014901161,0.127));
#3729=CARTESIAN_POINT('',(0.55,0.900000014901161,0.127));
#3730=CARTESIAN_POINT('Origin',(1.,0.900000014901161,0.));
#3731=CARTESIAN_POINT('',(0.55,0.900000014901161,0.));
#3732=CARTESIAN_POINT('',(0.5,0.900000014901161,0.));
#3733=CARTESIAN_POINT('',(0.55,0.900000014901161,0.));
#3734=CARTESIAN_POINT('Origin',(0.55,0.900000014901161,0.));
#3735=CARTESIAN_POINT('',(0.55,0.450000007450581,0.));
#3736=CARTESIAN_POINT('Origin',(0.774999999999999,0.525,0.127));
#3737=CARTESIAN_POINT('',(0.549999999999999,0.4,0.127));
#3738=CARTESIAN_POINT('',(0.549999999999999,0.4,0.127));
#3739=CARTESIAN_POINT('',(0.549999999999999,0.65,0.127));
#3740=CARTESIAN_POINT('',(0.549999999999999,0.4,0.127));
#3741=CARTESIAN_POINT('',(0.549999999999999,0.65,0.127));
#3742=CARTESIAN_POINT('Origin',(0.549999999999999,0.65,0.));
#3743=CARTESIAN_POINT('',(0.549999999999999,0.65,0.));
#3744=CARTESIAN_POINT('',(0.549999999999999,0.65,0.));
#3745=CARTESIAN_POINT('',(0.275,0.65,0.));
#3746=CARTESIAN_POINT('Origin',(0.549999999999999,0.4,0.));
#3747=CARTESIAN_POINT('',(0.549999999999999,0.4,0.));
#3748=CARTESIAN_POINT('',(0.549999999999999,0.2,0.));
#3749=CARTESIAN_POINT('',(0.549999999999999,0.4,0.));
#3750=CARTESIAN_POINT('Origin',(1.,0.4,0.));
#3751=CARTESIAN_POINT('',(0.5,0.4,0.));
#3752=CARTESIAN_POINT('Ctrl Pts',(-0.042000014165301,0.225,0.127));
#3753=CARTESIAN_POINT('Ctrl Pts',(-0.042000014165301,0.225,-0.025));
#3754=CARTESIAN_POINT('Ctrl Pts',(-0.0415907314010065,0.223814324377155,
0.127));
#3755=CARTESIAN_POINT('Ctrl Pts',(-0.0415907314010065,0.223814324377155,
-0.025));
#3756=CARTESIAN_POINT('Ctrl Pts',(-0.0407123221258154,0.22143987906183,
0.127));
#3757=CARTESIAN_POINT('Ctrl Pts',(-0.0407123221258154,0.22143987906183,
-0.025));
#3758=CARTESIAN_POINT('Ctrl Pts',(-0.0392151816968036,0.217868929211644,
0.127));
#3759=CARTESIAN_POINT('Ctrl Pts',(-0.0392151816968036,0.217868929211644,
-0.025));
#3760=CARTESIAN_POINT('Ctrl Pts',(-0.0368584362417769,0.213089020320091,
0.127));
#3761=CARTESIAN_POINT('Ctrl Pts',(-0.0368584362417769,0.213089020320091,
-0.025));
#3762=CARTESIAN_POINT('Ctrl Pts',(-0.0332835952093339,0.207083860763559,
0.127));
#3763=CARTESIAN_POINT('Ctrl Pts',(-0.0332835952093339,0.207083860763559,
-0.025));
#3764=CARTESIAN_POINT('Ctrl Pts',(-0.0290100481470418,0.201051563564543,
0.127));
#3765=CARTESIAN_POINT('Ctrl Pts',(-0.0290100481470418,0.201051563564543,
-0.025));
#3766=CARTESIAN_POINT('Ctrl Pts',(-0.0239106125477052,0.194999147067568,
0.127));
#3767=CARTESIAN_POINT('Ctrl Pts',(-0.0239106125477052,0.194999147067568,
-0.025));
#3768=CARTESIAN_POINT('Ctrl Pts',(-0.0177803787233921,0.188938792120145,
0.127));
#3769=CARTESIAN_POINT('Ctrl Pts',(-0.0177803787233921,0.188938792120145,
-0.025));
#3770=CARTESIAN_POINT('Ctrl Pts',(-0.0103290955890434,0.182890123456097,
0.127));
#3771=CARTESIAN_POINT('Ctrl Pts',(-0.0103290955890434,0.182890123456097,
-0.025));
#3772=CARTESIAN_POINT('Ctrl Pts',(-0.0012456812890909,0.176887312095587,
0.127));
#3773=CARTESIAN_POINT('Ctrl Pts',(-0.0012456812890909,0.176887312095587,
-0.025));
#3774=CARTESIAN_POINT('Ctrl Pts',(0.00974288288258271,0.170986192916118,
0.127));
#3775=CARTESIAN_POINT('Ctrl Pts',(0.00974288288258271,0.170986192916118,
-0.025));
#3776=CARTESIAN_POINT('Ctrl Pts',(0.0228127426971683,0.165270841899843,
0.127));
#3777=CARTESIAN_POINT('Ctrl Pts',(0.0228127426971683,0.165270841899843,
-0.025));
#3778=CARTESIAN_POINT('Ctrl Pts',(0.0379708263980519,0.159862681480597,
0.127));
#3779=CARTESIAN_POINT('Ctrl Pts',(0.0379708263980519,0.159862681480597,
-0.025));
#3780=CARTESIAN_POINT('Ctrl Pts',(0.055014710035955,0.154922933902097,0.127));
#3781=CARTESIAN_POINT('Ctrl Pts',(0.055014710035955,0.154922933902097,-0.025));
#3782=CARTESIAN_POINT('Ctrl Pts',(0.0736158059359233,0.150631137037986,
0.127));
#3783=CARTESIAN_POINT('Ctrl Pts',(0.0736158059359233,0.150631137037986,
-0.025));
#3784=CARTESIAN_POINT('Ctrl Pts',(0.0933797286364768,0.147167058129952,
0.127));
#3785=CARTESIAN_POINT('Ctrl Pts',(0.0933797286364768,0.147167058129952,
-0.025));
#3786=CARTESIAN_POINT('Ctrl Pts',(0.113910786554507,0.144691457089011,0.127));
#3787=CARTESIAN_POINT('Ctrl Pts',(0.113910786554507,0.144691457089011,-0.025));
#3788=CARTESIAN_POINT('Ctrl Pts',(0.134876792505781,0.1433245024028,0.127));
#3789=CARTESIAN_POINT('Ctrl Pts',(0.134876792505781,0.1433245024028,-0.025));
#3790=CARTESIAN_POINT('Ctrl Pts',(0.156062114557018,0.143128705625434,0.127));
#3791=CARTESIAN_POINT('Ctrl Pts',(0.156062114557018,0.143128705625434,-0.025));
#3792=CARTESIAN_POINT('Ctrl Pts',(0.177336987735494,0.144128462004431,0.127));
#3793=CARTESIAN_POINT('Ctrl Pts',(0.177336987735494,0.144128462004431,-0.025));
#3794=CARTESIAN_POINT('Ctrl Pts',(0.194377303650933,0.14588481638686,0.127));
#3795=CARTESIAN_POINT('Ctrl Pts',(0.194377303650933,0.14588481638686,-0.025));
#3796=CARTESIAN_POINT('Ctrl Pts',(0.207159356800701,0.147735722524752,0.127));
#3797=CARTESIAN_POINT('Ctrl Pts',(0.207159356800701,0.147735722524752,-0.025));
#3798=CARTESIAN_POINT('Ctrl Pts',(0.215681540170816,0.14920586298156,0.127));
#3799=CARTESIAN_POINT('Ctrl Pts',(0.215681540170816,0.14920586298156,-0.025));
#3800=CARTESIAN_POINT('Ctrl Pts',(0.219942834905371,0.149999984349376,0.127));
#3801=CARTESIAN_POINT('Ctrl Pts',(0.219942834905371,0.149999984349376,-0.025));
#3802=CARTESIAN_POINT('',(0.219942834905371,0.149999984349376,0.));
#3803=CARTESIAN_POINT('',(-0.042000014165301,0.225,0.));
#3804=CARTESIAN_POINT('Ctrl Pts',(0.219942834905371,0.149999984349376,2.48567613860361E-17));
#3805=CARTESIAN_POINT('Ctrl Pts',(0.206809440047456,0.147552486549221,2.48567613860361E-17));
#3806=CARTESIAN_POINT('Ctrl Pts',(0.193675786602721,0.145777171560551,9.57230466273047E-19));
#3807=CARTESIAN_POINT('Ctrl Pts',(0.180553454621531,0.14468171025206,7.82618610893473E-20));
#3808=CARTESIAN_POINT('Ctrl Pts',(0.170199906601075,0.143817388934914,-6.15246249762304E-19));
#3809=CARTESIAN_POINT('Ctrl Pts',(0.159852499751682,0.143377423465425,0.));
#3810=CARTESIAN_POINT('Ctrl Pts',(0.149548761064364,0.143359704781824,0.));
#3811=CARTESIAN_POINT('Ctrl Pts',(0.140297400187529,0.143343795805361,0.));
#3812=CARTESIAN_POINT('Ctrl Pts',(0.131080856502348,0.143668729835268,0.));
#3813=CARTESIAN_POINT('Ctrl Pts',(0.121963053577199,0.144318487022315,0.));
#3814=CARTESIAN_POINT('Ctrl Pts',(0.112624614023543,0.144983967321199,0.));
#3815=CARTESIAN_POINT('Ctrl Pts',(0.103388887979987,0.14599085069216,0.));
#3816=CARTESIAN_POINT('Ctrl Pts',(0.0943779395357665,0.147296214892981,
0.));
#3817=CARTESIAN_POINT('Ctrl Pts',(0.0825913331864151,0.149003672667582,
0.));
#3818=CARTESIAN_POINT('Ctrl Pts',(0.0711937929930749,0.151221429002631,
0.));
#3819=CARTESIAN_POINT('Ctrl Pts',(0.0605361434816027,0.153800590940699,
0.));
#3820=CARTESIAN_POINT('Ctrl Pts',(0.052366068598317,0.155777757308148,0.));
#3821=CARTESIAN_POINT('Ctrl Pts',(0.0446343239043034,0.157965613352283,
5.92241021303753E-18));
#3822=CARTESIAN_POINT('Ctrl Pts',(0.0374743190953651,0.160292165428765,
5.79163756320228E-18));
#3823=CARTESIAN_POINT('Ctrl Pts',(0.0314198680909711,0.162259481922554,
5.68105710658668E-18));
#3824=CARTESIAN_POINT('Ctrl Pts',(0.0257749905659883,0.164325601442886,
0.));
#3825=CARTESIAN_POINT('Ctrl Pts',(0.0205806683336937,0.166452754251997,
0.));
#3826=CARTESIAN_POINT('Ctrl Pts',(0.0153344047920334,0.168601177805815,
0.));
#3827=CARTESIAN_POINT('Ctrl Pts',(0.0105477440243291,0.170811745947018,
0.));
#3828=CARTESIAN_POINT('Ctrl Pts',(0.00620789356609365,0.173056292063965,
0.));
#3829=CARTESIAN_POINT('Ctrl Pts',(0.00117248544031821,0.175660576673475,
0.));
#3830=CARTESIAN_POINT('Ctrl Pts',(-0.00326235894314536,0.178310525857597,
0.));
#3831=CARTESIAN_POINT('Ctrl Pts',(-0.00718470626810694,0.180978528428256,
0.));
#3832=CARTESIAN_POINT('Ctrl Pts',(-0.0125686678636828,0.184640729194087,
0.));
#3833=CARTESIAN_POINT('Ctrl Pts',(-0.0169922311750665,0.188336295030259,
0.));
#3834=CARTESIAN_POINT('Ctrl Pts',(-0.0207611025401871,0.192030535263453,
0.));
#3835=CARTESIAN_POINT('Ctrl Pts',(-0.0237018309668243,0.194913031431701,
0.));
#3836=CARTESIAN_POINT('Ctrl Pts',(-0.0262477623632653,0.197795808376579,
0.));
#3837=CARTESIAN_POINT('Ctrl Pts',(-0.0285098084240087,0.200671861131362,
0.));
#3838=CARTESIAN_POINT('Ctrl Pts',(-0.0309110207200955,0.203724855214388,
0.));
#3839=CARTESIAN_POINT('Ctrl Pts',(-0.0329919357742272,0.206770379825978,
8.40083835859451E-18));
#3840=CARTESIAN_POINT('Ctrl Pts',(-0.0348210548346488,0.209804725479723,
4.20733336427276E-18));
#3841=CARTESIAN_POINT('Ctrl Pts',(-0.0370054505380768,0.213428443449852,
-8.00691804843042E-19));
#3842=CARTESIAN_POINT('Ctrl Pts',(-0.0388301297265249,0.217036327552178,
2.3221559528289E-17));
#3843=CARTESIAN_POINT('Ctrl Pts',(-0.0403311198610558,0.220627067603837,
2.52005271256175E-17));
#3844=CARTESIAN_POINT('Ctrl Pts',(-0.0409416087377324,0.222087508155806,
2.60054209604794E-17));
#3845=CARTESIAN_POINT('Ctrl Pts',(-0.0414978157905128,0.223545151609682,
2.77555756156289E-17));
#3846=CARTESIAN_POINT('Ctrl Pts',(-0.042000014165301,0.225,2.77555756156289E-17));
#3847=CARTESIAN_POINT('',(0.219942834905371,0.149999984349377,0.127));
#3848=CARTESIAN_POINT('',(0.219942834905371,0.149999984349376,0.));
#3849=CARTESIAN_POINT('',(-0.042000014165301,0.225,0.127));
#3850=CARTESIAN_POINT('Ctrl Pts',(0.219942834905371,0.149999984349376,0.127));
#3851=CARTESIAN_POINT('Ctrl Pts',(0.215681540170816,0.14920586298156,0.127));
#3852=CARTESIAN_POINT('Ctrl Pts',(0.207159356800701,0.147735722524752,0.127));
#3853=CARTESIAN_POINT('Ctrl Pts',(0.194377303650933,0.14588481638686,0.127));
#3854=CARTESIAN_POINT('Ctrl Pts',(0.177336987735494,0.144128462004431,0.127));
#3855=CARTESIAN_POINT('Ctrl Pts',(0.156062114557018,0.143128705625434,0.127));
#3856=CARTESIAN_POINT('Ctrl Pts',(0.134876792505781,0.1433245024028,0.127));
#3857=CARTESIAN_POINT('Ctrl Pts',(0.113910786554507,0.144691457089011,0.127));
#3858=CARTESIAN_POINT('Ctrl Pts',(0.0933797286364768,0.147167058129952,
0.127));
#3859=CARTESIAN_POINT('Ctrl Pts',(0.0736158059359233,0.150631137037986,
0.127));
#3860=CARTESIAN_POINT('Ctrl Pts',(0.055014710035955,0.154922933902097,0.127));
#3861=CARTESIAN_POINT('Ctrl Pts',(0.0379708263980519,0.159862681480597,
0.127));
#3862=CARTESIAN_POINT('Ctrl Pts',(0.0228127426971683,0.165270841899843,
0.127));
#3863=CARTESIAN_POINT('Ctrl Pts',(0.00974288288258271,0.170986192916118,
0.127));
#3864=CARTESIAN_POINT('Ctrl Pts',(-0.0012456812890909,0.176887312095587,
0.127));
#3865=CARTESIAN_POINT('Ctrl Pts',(-0.0103290955890434,0.182890123456097,
0.127));
#3866=CARTESIAN_POINT('Ctrl Pts',(-0.0177803787233921,0.188938792120145,
0.127));
#3867=CARTESIAN_POINT('Ctrl Pts',(-0.0239106125477052,0.194999147067568,
0.127));
#3868=CARTESIAN_POINT('Ctrl Pts',(-0.0290100481470418,0.201051563564543,
0.127));
#3869=CARTESIAN_POINT('Ctrl Pts',(-0.0332835952093339,0.207083860763559,
0.127));
#3870=CARTESIAN_POINT('Ctrl Pts',(-0.0368584362417769,0.213089020320091,
0.127));
#3871=CARTESIAN_POINT('Ctrl Pts',(-0.0392151816968036,0.217868929211644,
0.127));
#3872=CARTESIAN_POINT('Ctrl Pts',(-0.0407123221258154,0.22143987906183,
0.127));
#3873=CARTESIAN_POINT('Ctrl Pts',(-0.0415907314010065,0.223814324377155,
0.127));
#3874=CARTESIAN_POINT('Ctrl Pts',(-0.042000014165301,0.225,0.127));
#3875=CARTESIAN_POINT('',(-0.042000014165301,0.225,0.));
#3876=CARTESIAN_POINT('Origin',(-0.875,0.225,0.));
#3877=CARTESIAN_POINT('',(-0.875,0.225,0.));
#3878=CARTESIAN_POINT('',(-0.4375,0.225,0.));
#3879=CARTESIAN_POINT('',(-0.875,0.225,0.127));
#3880=CARTESIAN_POINT('',(-2.56290938574429,0.225,0.127));
#3881=CARTESIAN_POINT('',(-0.875,0.225,0.));
#3882=CARTESIAN_POINT('Origin',(-0.899999999999999,0.2,0.));
#3883=CARTESIAN_POINT('',(-0.899999999999999,0.2,0.));
#3884=CARTESIAN_POINT('',(-0.725000000000004,0.374999999999999,0.));
#3885=CARTESIAN_POINT('',(-0.899999999999999,0.2,0.127));
#3886=CARTESIAN_POINT('',(-0.875,0.225,0.127));
#3887=CARTESIAN_POINT('',(-0.899999999999999,0.2,0.));
#3888=CARTESIAN_POINT('Origin',(-1.,0.2,0.));
#3889=CARTESIAN_POINT('',(-1.,0.2,0.));
#3890=CARTESIAN_POINT('',(-0.5,0.199999999999999,0.));
#3891=CARTESIAN_POINT('',(-1.,0.2,0.127));
#3892=CARTESIAN_POINT('',(-0.899999999999999,0.2,0.127));
#3893=CARTESIAN_POINT('',(-1.,0.2,0.));
#3894=CARTESIAN_POINT('Origin',(-0.900000129281857,-0.199999870718143,0.));
#3895=CARTESIAN_POINT('',(-1.,-0.199999921717279,0.127));
#3896=CARTESIAN_POINT('',(-1.,-0.199999921717279,0.));
#3897=CARTESIAN_POINT('',(-0.900000129281857,-0.199999870718143,0.127));
#3898=CARTESIAN_POINT('',(-0.900000129281857,-0.199999870718143,0.127));
#3899=CARTESIAN_POINT('',(-0.900000129281857,-0.199999870718143,0.));
#3900=CARTESIAN_POINT('Origin',(0.,0.,0.127));
#3901=CARTESIAN_POINT('',(0.219942834905371,-0.149999984349376,0.127));
#3902=CARTESIAN_POINT('',(0.219942834905371,-0.149999984349376,0.127));
#3903=CARTESIAN_POINT('',(-0.042000014165301,-0.225,0.127));
#3904=CARTESIAN_POINT('Ctrl Pts',(-0.042000014165301,-0.225,0.127));
#3905=CARTESIAN_POINT('Ctrl Pts',(-0.0415907314010065,-0.223814324377155,
0.127));
#3906=CARTESIAN_POINT('Ctrl Pts',(-0.0407123221258154,-0.22143987906183,
0.127));
#3907=CARTESIAN_POINT('Ctrl Pts',(-0.0392151816968036,-0.217868929211644,
0.127));
#3908=CARTESIAN_POINT('Ctrl Pts',(-0.0368584362417769,-0.213089020320091,
0.127));
#3909=CARTESIAN_POINT('Ctrl Pts',(-0.0332835952093339,-0.207083860763559,
0.127));
#3910=CARTESIAN_POINT('Ctrl Pts',(-0.0290100481470418,-0.201051563564543,
0.127));
#3911=CARTESIAN_POINT('Ctrl Pts',(-0.0239106125477052,-0.194999147067568,
0.127));
#3912=CARTESIAN_POINT('Ctrl Pts',(-0.0177803787233921,-0.188938792120145,
0.127));
#3913=CARTESIAN_POINT('Ctrl Pts',(-0.0103290955890434,-0.182890123456097,
0.127));
#3914=CARTESIAN_POINT('Ctrl Pts',(-0.0012456812890909,-0.176887312095587,
0.127));
#3915=CARTESIAN_POINT('Ctrl Pts',(0.00974288288258271,-0.170986192916118,
0.127));
#3916=CARTESIAN_POINT('Ctrl Pts',(0.0228127426971683,-0.165270841899843,
0.127));
#3917=CARTESIAN_POINT('Ctrl Pts',(0.0379708263980519,-0.159862681480597,
0.127));
#3918=CARTESIAN_POINT('Ctrl Pts',(0.055014710035955,-0.154922933902097,
0.127));
#3919=CARTESIAN_POINT('Ctrl Pts',(0.0736158059359233,-0.150631137037986,
0.127));
#3920=CARTESIAN_POINT('Ctrl Pts',(0.0933797286364768,-0.147167058129952,
0.127));
#3921=CARTESIAN_POINT('Ctrl Pts',(0.113910786554507,-0.144691457089011,
0.127));
#3922=CARTESIAN_POINT('Ctrl Pts',(0.134876792505781,-0.1433245024028,0.127));
#3923=CARTESIAN_POINT('Ctrl Pts',(0.156062114557018,-0.143128705625434,
0.127));
#3924=CARTESIAN_POINT('Ctrl Pts',(0.177336987735494,-0.144128462004431,
0.127));
#3925=CARTESIAN_POINT('Ctrl Pts',(0.194377303650933,-0.14588481638686,0.127));
#3926=CARTESIAN_POINT('Ctrl Pts',(0.207159356800701,-0.147735722524752,
0.127));
#3927=CARTESIAN_POINT('Ctrl Pts',(0.215681540170816,-0.14920586298156,0.127));
#3928=CARTESIAN_POINT('Ctrl Pts',(0.219942834905371,-0.149999984349376,
0.127));
#3929=CARTESIAN_POINT('',(-0.875,-0.225,0.127));
#3930=CARTESIAN_POINT('',(-0.042000014165301,-0.225,0.127));
#3931=CARTESIAN_POINT('',(-0.875,-0.225,0.127));
#3932=CARTESIAN_POINT('',(-1.,0.625,0.127));
#3933=CARTESIAN_POINT('',(1.08966782216861,0.14999996395692,0.127));
#3934=CARTESIAN_POINT('Origin',(-0.042000014165301,-0.225,0.));
#3935=CARTESIAN_POINT('',(-0.875,-0.225,-0.025));
#3936=CARTESIAN_POINT('',(-0.042000014165301,-0.225,0.));
#3937=CARTESIAN_POINT('Ctrl Pts',(0.219942834905371,-0.149999984349376,
0.127));
#3938=CARTESIAN_POINT('Ctrl Pts',(0.219942834905371,-0.149999984349376,
-0.025));
#3939=CARTESIAN_POINT('Ctrl Pts',(0.215681540170816,-0.14920586298156,0.127));
#3940=CARTESIAN_POINT('Ctrl Pts',(0.215681540170816,-0.14920586298156,-0.025));
#3941=CARTESIAN_POINT('Ctrl Pts',(0.207159356800701,-0.147735722524752,
0.127));
#3942=CARTESIAN_POINT('Ctrl Pts',(0.207159356800701,-0.147735722524752,
-0.025));
#3943=CARTESIAN_POINT('Ctrl Pts',(0.194377303650933,-0.14588481638686,0.127));
#3944=CARTESIAN_POINT('Ctrl Pts',(0.194377303650933,-0.14588481638686,-0.025));
#3945=CARTESIAN_POINT('Ctrl Pts',(0.177336987735494,-0.144128462004431,
0.127));
#3946=CARTESIAN_POINT('Ctrl Pts',(0.177336987735494,-0.144128462004431,
-0.025));
#3947=CARTESIAN_POINT('Ctrl Pts',(0.156062114557018,-0.143128705625434,
0.127));
#3948=CARTESIAN_POINT('Ctrl Pts',(0.156062114557018,-0.143128705625434,
-0.025));
#3949=CARTESIAN_POINT('Ctrl Pts',(0.134876792505781,-0.1433245024028,0.127));
#3950=CARTESIAN_POINT('Ctrl Pts',(0.134876792505781,-0.1433245024028,-0.025));
#3951=CARTESIAN_POINT('Ctrl Pts',(0.113910786554507,-0.144691457089011,
0.127));
#3952=CARTESIAN_POINT('Ctrl Pts',(0.113910786554507,-0.144691457089011,
-0.025));
#3953=CARTESIAN_POINT('Ctrl Pts',(0.0933797286364768,-0.147167058129952,
0.127));
#3954=CARTESIAN_POINT('Ctrl Pts',(0.0933797286364768,-0.147167058129952,
-0.025));
#3955=CARTESIAN_POINT('Ctrl Pts',(0.0736158059359233,-0.150631137037986,
0.127));
#3956=CARTESIAN_POINT('Ctrl Pts',(0.0736158059359233,-0.150631137037986,
-0.025));
#3957=CARTESIAN_POINT('Ctrl Pts',(0.055014710035955,-0.154922933902097,
0.127));
#3958=CARTESIAN_POINT('Ctrl Pts',(0.055014710035955,-0.154922933902097,
-0.025));
#3959=CARTESIAN_POINT('Ctrl Pts',(0.0379708263980519,-0.159862681480597,
0.127));
#3960=CARTESIAN_POINT('Ctrl Pts',(0.0379708263980519,-0.159862681480597,
-0.025));
#3961=CARTESIAN_POINT('Ctrl Pts',(0.0228127426971683,-0.165270841899843,
0.127));
#3962=CARTESIAN_POINT('Ctrl Pts',(0.0228127426971683,-0.165270841899843,
-0.025));
#3963=CARTESIAN_POINT('Ctrl Pts',(0.00974288288258271,-0.170986192916118,
0.127));
#3964=CARTESIAN_POINT('Ctrl Pts',(0.00974288288258271,-0.170986192916118,
-0.025));
#3965=CARTESIAN_POINT('Ctrl Pts',(-0.0012456812890909,-0.176887312095587,
0.127));
#3966=CARTESIAN_POINT('Ctrl Pts',(-0.0012456812890909,-0.176887312095587,
-0.025));
#3967=CARTESIAN_POINT('Ctrl Pts',(-0.0103290955890434,-0.182890123456097,
0.127));
#3968=CARTESIAN_POINT('Ctrl Pts',(-0.0103290955890434,-0.182890123456097,
-0.025));
#3969=CARTESIAN_POINT('Ctrl Pts',(-0.0177803787233921,-0.188938792120145,
0.127));
#3970=CARTESIAN_POINT('Ctrl Pts',(-0.0177803787233921,-0.188938792120145,
-0.025));
#3971=CARTESIAN_POINT('Ctrl Pts',(-0.0239106125477052,-0.194999147067568,
0.127));
#3972=CARTESIAN_POINT('Ctrl Pts',(-0.0239106125477052,-0.194999147067568,
-0.025));
#3973=CARTESIAN_POINT('Ctrl Pts',(-0.0290100481470418,-0.201051563564543,
0.127));
#3974=CARTESIAN_POINT('Ctrl Pts',(-0.0290100481470418,-0.201051563564543,
-0.025));
#3975=CARTESIAN_POINT('Ctrl Pts',(-0.0332835952093339,-0.207083860763559,
0.127));
#3976=CARTESIAN_POINT('Ctrl Pts',(-0.0332835952093339,-0.207083860763559,
-0.025));
#3977=CARTESIAN_POINT('Ctrl Pts',(-0.0368584362417769,-0.213089020320091,
0.127));
#3978=CARTESIAN_POINT('Ctrl Pts',(-0.0368584362417769,-0.213089020320091,
-0.025));
#3979=CARTESIAN_POINT('Ctrl Pts',(-0.0392151816968036,-0.217868929211644,
0.127));
#3980=CARTESIAN_POINT('Ctrl Pts',(-0.0392151816968036,-0.217868929211644,
-0.025));
#3981=CARTESIAN_POINT('Ctrl Pts',(-0.0407123221258154,-0.22143987906183,
0.127));
#3982=CARTESIAN_POINT('Ctrl Pts',(-0.0407123221258154,-0.22143987906183,
-0.025));
#3983=CARTESIAN_POINT('Ctrl Pts',(-0.0415907314010065,-0.223814324377155,
0.127));
#3984=CARTESIAN_POINT('Ctrl Pts',(-0.0415907314010065,-0.223814324377155,
-0.025));
#3985=CARTESIAN_POINT('Ctrl Pts',(-0.042000014165301,-0.225,0.127));
#3986=CARTESIAN_POINT('Ctrl Pts',(-0.042000014165301,-0.225,-0.025));
#3987=CARTESIAN_POINT('',(0.219942834905371,-0.149999984349376,0.));
#3988=CARTESIAN_POINT('Origin',(1.,-0.149999951295335,0.));
#3989=CARTESIAN_POINT('Origin',(0.219942834905371,0.149999984349376,0.));
#3990=CARTESIAN_POINT('',(0.109971419211212,0.149999986927878,0.));
#3991=CARTESIAN_POINT('Origin',(-0.875,-0.225,0.));
#3992=CARTESIAN_POINT('Origin',(0.,0.,0.));
#3993=CARTESIAN_POINT('',(-1.,1.25,0.));
#3994=CARTESIAN_POINT('Origin',(-1.,1.25,0.));
#3995=CARTESIAN_POINT('Origin',(0.774999999999999,-0.525,0.127));
#3996=CARTESIAN_POINT('',(0.549999999999999,-0.65,0.127));
#3997=CARTESIAN_POINT('',(0.549999999999999,-0.65,0.127));
#3998=CARTESIAN_POINT('',(0.549999999999999,-0.4,0.127));
#3999=CARTESIAN_POINT('',(0.549999999999999,-0.65,0.127));
#4000=CARTESIAN_POINT('',(0.549999999999999,-0.4,0.127));
#4001=CARTESIAN_POINT('Origin',(0.549999999999999,-0.4,0.));
#4002=CARTESIAN_POINT('',(0.549999999999999,-0.4,0.));
#4003=CARTESIAN_POINT('Origin',(0.549999999999999,-0.65,0.));
#4004=CARTESIAN_POINT('',(0.549999999999999,-0.65,0.));
#4005=CARTESIAN_POINT('Origin',(1.,-0.65,0.));
#4006=CARTESIAN_POINT('Origin',(0.55,-0.900000014901161,0.));
#4007=CARTESIAN_POINT('',(0.55,-0.900000014901161,0.127));
#4008=CARTESIAN_POINT('',(0.,-0.900000014901161,0.127));
#4009=CARTESIAN_POINT('',(0.55,-0.900000014901161,0.));
#4010=CARTESIAN_POINT('Origin',(0.55,-1.25,0.));
#4011=CARTESIAN_POINT('',(0.55,-0.900000014901161,0.127));
#4012=CARTESIAN_POINT('Origin',(0.775,-1.07500000745058,0.127));
#4013=CARTESIAN_POINT('',(0.85,-1.10000001490116,0.127));
#4014=CARTESIAN_POINT('',(0.85,-1.10000001490116,0.127));
#4015=CARTESIAN_POINT('',(0.85,-1.10000001490116,0.127));
#4016=CARTESIAN_POINT('Origin',(0.85,-1.10000001490116,0.));
#4017=CARTESIAN_POINT('',(0.85,-1.10000001490116,0.));
#4018=CARTESIAN_POINT('Origin',(1.,-1.10000001490116,0.));
#4019=CARTESIAN_POINT('Origin',(0.,0.,0.127));
#4020=CARTESIAN_POINT('',(-0.900000129281857,-0.199999870718143,0.127));
#4021=CARTESIAN_POINT('',(-0.875,-0.225,0.127));
#4022=CARTESIAN_POINT('',(-0.875,-0.225,0.127));
#4023=CARTESIAN_POINT('',(-0.042000014165301,-0.225,0.127));
#4024=CARTESIAN_POINT('',(-0.042000014165301,-0.225,0.127));
#4025=CARTESIAN_POINT('',(0.219942834905371,-0.149999984349376,0.127));
#4026=CARTESIAN_POINT('Ctrl Pts',(-0.042000014165301,-0.225,0.127));
#4027=CARTESIAN_POINT('Ctrl Pts',(-0.0415907314010065,-0.223814324377155,
0.127));
#4028=CARTESIAN_POINT('Ctrl Pts',(-0.0407123221258154,-0.22143987906183,
0.127));
#4029=CARTESIAN_POINT('Ctrl Pts',(-0.0392151816968036,-0.217868929211644,
0.127));
#4030=CARTESIAN_POINT('Ctrl Pts',(-0.0368584362417769,-0.213089020320091,
0.127));
#4031=CARTESIAN_POINT('Ctrl Pts',(-0.0332835952093339,-0.207083860763559,
0.127));
#4032=CARTESIAN_POINT('Ctrl Pts',(-0.0290100481470418,-0.201051563564543,
0.127));
#4033=CARTESIAN_POINT('Ctrl Pts',(-0.0239106125477052,-0.194999147067568,
0.127));
#4034=CARTESIAN_POINT('Ctrl Pts',(-0.0177803787233921,-0.188938792120145,
0.127));
#4035=CARTESIAN_POINT('Ctrl Pts',(-0.0103290955890434,-0.182890123456097,
0.127));
#4036=CARTESIAN_POINT('Ctrl Pts',(-0.0012456812890909,-0.176887312095587,
0.127));
#4037=CARTESIAN_POINT('Ctrl Pts',(0.00974288288258271,-0.170986192916118,
0.127));
#4038=CARTESIAN_POINT('Ctrl Pts',(0.0228127426971683,-0.165270841899843,
0.127));
#4039=CARTESIAN_POINT('Ctrl Pts',(0.0379708263980519,-0.159862681480597,
0.127));
#4040=CARTESIAN_POINT('Ctrl Pts',(0.055014710035955,-0.154922933902097,
0.127));
#4041=CARTESIAN_POINT('Ctrl Pts',(0.0736158059359233,-0.150631137037986,
0.127));
#4042=CARTESIAN_POINT('Ctrl Pts',(0.0933797286364768,-0.147167058129952,
0.127));
#4043=CARTESIAN_POINT('Ctrl Pts',(0.113910786554507,-0.144691457089011,
0.127));
#4044=CARTESIAN_POINT('Ctrl Pts',(0.134876792505781,-0.1433245024028,0.127));
#4045=CARTESIAN_POINT('Ctrl Pts',(0.156062114557018,-0.143128705625434,
0.127));
#4046=CARTESIAN_POINT('Ctrl Pts',(0.177336987735494,-0.144128462004431,
0.127));
#4047=CARTESIAN_POINT('Ctrl Pts',(0.194377303650933,-0.14588481638686,0.127));
#4048=CARTESIAN_POINT('Ctrl Pts',(0.207159356800701,-0.147735722524752,
0.127));
#4049=CARTESIAN_POINT('Ctrl Pts',(0.215681540170816,-0.14920586298156,0.127));
#4050=CARTESIAN_POINT('Ctrl Pts',(0.219942834905371,-0.149999984349376,
0.127));
#4051=CARTESIAN_POINT('',(1.005,-0.149999951083466,0.127));
#4052=CARTESIAN_POINT('',(0.219942834905371,-0.149999984349376,0.127));
#4053=CARTESIAN_POINT('',(1.005,0.149999965942128,0.127));
#4054=CARTESIAN_POINT('',(1.005,0.0749999830296816,0.127));
#4055=CARTESIAN_POINT('',(0.219942834905371,0.149999984349377,0.127));
#4056=CARTESIAN_POINT('',(1.08966782216861,0.14999996395692,0.127));
#4057=CARTESIAN_POINT('',(-0.042000014165301,0.225,0.127));
#4058=CARTESIAN_POINT('Ctrl Pts',(0.219942834905371,0.149999984349376,0.127));
#4059=CARTESIAN_POINT('Ctrl Pts',(0.215681540170816,0.14920586298156,0.127));
#4060=CARTESIAN_POINT('Ctrl Pts',(0.207159356800701,0.147735722524752,0.127));
#4061=CARTESIAN_POINT('Ctrl Pts',(0.194377303650933,0.14588481638686,0.127));
#4062=CARTESIAN_POINT('Ctrl Pts',(0.177336987735494,0.144128462004431,0.127));
#4063=CARTESIAN_POINT('Ctrl Pts',(0.156062114557018,0.143128705625434,0.127));
#4064=CARTESIAN_POINT('Ctrl Pts',(0.134876792505781,0.1433245024028,0.127));
#4065=CARTESIAN_POINT('Ctrl Pts',(0.113910786554507,0.144691457089011,0.127));
#4066=CARTESIAN_POINT('Ctrl Pts',(0.0933797286364768,0.147167058129952,
0.127));
#4067=CARTESIAN_POINT('Ctrl Pts',(0.0736158059359233,0.150631137037986,
0.127));
#4068=CARTESIAN_POINT('Ctrl Pts',(0.055014710035955,0.154922933902097,0.127));
#4069=CARTESIAN_POINT('Ctrl Pts',(0.0379708263980519,0.159862681480597,
0.127));
#4070=CARTESIAN_POINT('Ctrl Pts',(0.0228127426971683,0.165270841899843,
0.127));
#4071=CARTESIAN_POINT('Ctrl Pts',(0.00974288288258271,0.170986192916118,
0.127));
#4072=CARTESIAN_POINT('Ctrl Pts',(-0.0012456812890909,0.176887312095587,
0.127));
#4073=CARTESIAN_POINT('Ctrl Pts',(-0.0103290955890434,0.182890123456097,
0.127));
#4074=CARTESIAN_POINT('Ctrl Pts',(-0.0177803787233921,0.188938792120145,
0.127));
#4075=CARTESIAN_POINT('Ctrl Pts',(-0.0239106125477052,0.194999147067568,
0.127));
#4076=CARTESIAN_POINT('Ctrl Pts',(-0.0290100481470418,0.201051563564543,
0.127));
#4077=CARTESIAN_POINT('Ctrl Pts',(-0.0332835952093339,0.207083860763559,
0.127));
#4078=CARTESIAN_POINT('Ctrl Pts',(-0.0368584362417769,0.213089020320091,
0.127));
#4079=CARTESIAN_POINT('Ctrl Pts',(-0.0392151816968036,0.217868929211644,
0.127));
#4080=CARTESIAN_POINT('Ctrl Pts',(-0.0407123221258154,0.22143987906183,
0.127));
#4081=CARTESIAN_POINT('Ctrl Pts',(-0.0415907314010065,0.223814324377155,
0.127));
#4082=CARTESIAN_POINT('Ctrl Pts',(-0.042000014165301,0.225,0.127));
#4083=CARTESIAN_POINT('',(-0.875,0.225,0.127));
#4084=CARTESIAN_POINT('',(-2.56290938574429,0.225,0.127));
#4085=CARTESIAN_POINT('',(-0.899999999999999,0.2,0.127));
#4086=CARTESIAN_POINT('',(-0.875,0.225,0.127));
#4087=CARTESIAN_POINT('',(-1.005,0.2,0.127));
#4088=CARTESIAN_POINT('',(-0.899999999999999,0.2,0.127));
#4089=CARTESIAN_POINT('',(-1.005,-0.199999924267239,0.127));
#4090=CARTESIAN_POINT('',(-1.005,-0.0999999608586392,0.127));
#4091=CARTESIAN_POINT('',(-0.900000129281857,-0.199999870718143,0.127));
#4092=CARTESIAN_POINT('Origin',(-0.042000014165301,-0.225,0.));
#4093=CARTESIAN_POINT('',(-0.875,-0.225,-0.025));
#4094=CARTESIAN_POINT('',(-0.875,-0.225,-0.025));
#4095=CARTESIAN_POINT('',(-0.042000014165301,-0.225,-0.025));
#4096=CARTESIAN_POINT('',(-0.042000014165301,-0.225,-0.025));
#4097=CARTESIAN_POINT('',(-0.042000014165301,-0.225,0.));
#4098=CARTESIAN_POINT('Ctrl Pts',(0.219942834905371,-0.149999984349376,
0.127));
#4099=CARTESIAN_POINT('Ctrl Pts',(0.219942834905371,-0.149999984349376,
-0.025));
#4100=CARTESIAN_POINT('Ctrl Pts',(0.215681540170816,-0.14920586298156,0.127));
#4101=CARTESIAN_POINT('Ctrl Pts',(0.215681540170816,-0.14920586298156,-0.025));
#4102=CARTESIAN_POINT('Ctrl Pts',(0.207159356800701,-0.147735722524752,
0.127));
#4103=CARTESIAN_POINT('Ctrl Pts',(0.207159356800701,-0.147735722524752,
-0.025));
#4104=CARTESIAN_POINT('Ctrl Pts',(0.194377303650933,-0.14588481638686,0.127));
#4105=CARTESIAN_POINT('Ctrl Pts',(0.194377303650933,-0.14588481638686,-0.025));
#4106=CARTESIAN_POINT('Ctrl Pts',(0.177336987735494,-0.144128462004431,
0.127));
#4107=CARTESIAN_POINT('Ctrl Pts',(0.177336987735494,-0.144128462004431,
-0.025));
#4108=CARTESIAN_POINT('Ctrl Pts',(0.156062114557018,-0.143128705625434,
0.127));
#4109=CARTESIAN_POINT('Ctrl Pts',(0.156062114557018,-0.143128705625434,
-0.025));
#4110=CARTESIAN_POINT('Ctrl Pts',(0.134876792505781,-0.1433245024028,0.127));
#4111=CARTESIAN_POINT('Ctrl Pts',(0.134876792505781,-0.1433245024028,-0.025));
#4112=CARTESIAN_POINT('Ctrl Pts',(0.113910786554507,-0.144691457089011,
0.127));
#4113=CARTESIAN_POINT('Ctrl Pts',(0.113910786554507,-0.144691457089011,
-0.025));
#4114=CARTESIAN_POINT('Ctrl Pts',(0.0933797286364768,-0.147167058129952,
0.127));
#4115=CARTESIAN_POINT('Ctrl Pts',(0.0933797286364768,-0.147167058129952,
-0.025));
#4116=CARTESIAN_POINT('Ctrl Pts',(0.0736158059359233,-0.150631137037986,
0.127));
#4117=CARTESIAN_POINT('Ctrl Pts',(0.0736158059359233,-0.150631137037986,
-0.025));
#4118=CARTESIAN_POINT('Ctrl Pts',(0.055014710035955,-0.154922933902097,
0.127));
#4119=CARTESIAN_POINT('Ctrl Pts',(0.055014710035955,-0.154922933902097,
-0.025));
#4120=CARTESIAN_POINT('Ctrl Pts',(0.0379708263980519,-0.159862681480597,
0.127));
#4121=CARTESIAN_POINT('Ctrl Pts',(0.0379708263980519,-0.159862681480597,
-0.025));
#4122=CARTESIAN_POINT('Ctrl Pts',(0.0228127426971683,-0.165270841899843,
0.127));
#4123=CARTESIAN_POINT('Ctrl Pts',(0.0228127426971683,-0.165270841899843,
-0.025));
#4124=CARTESIAN_POINT('Ctrl Pts',(0.00974288288258271,-0.170986192916118,
0.127));
#4125=CARTESIAN_POINT('Ctrl Pts',(0.00974288288258271,-0.170986192916118,
-0.025));
#4126=CARTESIAN_POINT('Ctrl Pts',(-0.0012456812890909,-0.176887312095587,
0.127));
#4127=CARTESIAN_POINT('Ctrl Pts',(-0.0012456812890909,-0.176887312095587,
-0.025));
#4128=CARTESIAN_POINT('Ctrl Pts',(-0.0103290955890434,-0.182890123456097,
0.127));
#4129=CARTESIAN_POINT('Ctrl Pts',(-0.0103290955890434,-0.182890123456097,
-0.025));
#4130=CARTESIAN_POINT('Ctrl Pts',(-0.0177803787233921,-0.188938792120145,
0.127));
#4131=CARTESIAN_POINT('Ctrl Pts',(-0.0177803787233921,-0.188938792120145,
-0.025));
#4132=CARTESIAN_POINT('Ctrl Pts',(-0.0239106125477052,-0.194999147067568,
0.127));
#4133=CARTESIAN_POINT('Ctrl Pts',(-0.0239106125477052,-0.194999147067568,
-0.025));
#4134=CARTESIAN_POINT('Ctrl Pts',(-0.0290100481470418,-0.201051563564543,
0.127));
#4135=CARTESIAN_POINT('Ctrl Pts',(-0.0290100481470418,-0.201051563564543,
-0.025));
#4136=CARTESIAN_POINT('Ctrl Pts',(-0.0332835952093339,-0.207083860763559,
0.127));
#4137=CARTESIAN_POINT('Ctrl Pts',(-0.0332835952093339,-0.207083860763559,
-0.025));
#4138=CARTESIAN_POINT('Ctrl Pts',(-0.0368584362417769,-0.213089020320091,
0.127));
#4139=CARTESIAN_POINT('Ctrl Pts',(-0.0368584362417769,-0.213089020320091,
-0.025));
#4140=CARTESIAN_POINT('Ctrl Pts',(-0.0392151816968036,-0.217868929211644,
0.127));
#4141=CARTESIAN_POINT('Ctrl Pts',(-0.0392151816968036,-0.217868929211644,
-0.025));
#4142=CARTESIAN_POINT('Ctrl Pts',(-0.0407123221258154,-0.22143987906183,
0.127));
#4143=CARTESIAN_POINT('Ctrl Pts',(-0.0407123221258154,-0.22143987906183,
-0.025));
#4144=CARTESIAN_POINT('Ctrl Pts',(-0.0415907314010065,-0.223814324377155,
0.127));
#4145=CARTESIAN_POINT('Ctrl Pts',(-0.0415907314010065,-0.223814324377155,
-0.025));
#4146=CARTESIAN_POINT('Ctrl Pts',(-0.042000014165301,-0.225,0.127));
#4147=CARTESIAN_POINT('Ctrl Pts',(-0.042000014165301,-0.225,-0.025));
#4148=CARTESIAN_POINT('',(0.219942834905371,-0.149999984349376,-0.025));
#4149=CARTESIAN_POINT('Ctrl Pts',(0.219942834905371,-0.149999984349376,
-0.025));
#4150=CARTESIAN_POINT('Ctrl Pts',(0.215681540170816,-0.14920586298156,-0.025));
#4151=CARTESIAN_POINT('Ctrl Pts',(0.207159356800701,-0.147735722524752,
-0.025));
#4152=CARTESIAN_POINT('Ctrl Pts',(0.194377303650933,-0.14588481638686,-0.025));
#4153=CARTESIAN_POINT('Ctrl Pts',(0.177336987735494,-0.144128462004431,
-0.025));
#4154=CARTESIAN_POINT('Ctrl Pts',(0.156062114557018,-0.143128705625434,
-0.025));
#4155=CARTESIAN_POINT('Ctrl Pts',(0.134876792505781,-0.1433245024028,-0.025));
#4156=CARTESIAN_POINT('Ctrl Pts',(0.113910786554507,-0.144691457089011,
-0.025));
#4157=CARTESIAN_POINT('Ctrl Pts',(0.0933797286364768,-0.147167058129952,
-0.025));
#4158=CARTESIAN_POINT('Ctrl Pts',(0.0736158059359233,-0.150631137037986,
-0.025));
#4159=CARTESIAN_POINT('Ctrl Pts',(0.055014710035955,-0.154922933902097,
-0.025));
#4160=CARTESIAN_POINT('Ctrl Pts',(0.0379708263980519,-0.159862681480597,
-0.025));
#4161=CARTESIAN_POINT('Ctrl Pts',(0.0228127426971683,-0.165270841899843,
-0.025));
#4162=CARTESIAN_POINT('Ctrl Pts',(0.00974288288258271,-0.170986192916118,
-0.025));
#4163=CARTESIAN_POINT('Ctrl Pts',(-0.0012456812890909,-0.176887312095587,
-0.025));
#4164=CARTESIAN_POINT('Ctrl Pts',(-0.0103290955890434,-0.182890123456097,
-0.025));
#4165=CARTESIAN_POINT('Ctrl Pts',(-0.0177803787233921,-0.188938792120145,
-0.025));
#4166=CARTESIAN_POINT('Ctrl Pts',(-0.0239106125477052,-0.194999147067568,
-0.025));
#4167=CARTESIAN_POINT('Ctrl Pts',(-0.0290100481470418,-0.201051563564543,
-0.025));
#4168=CARTESIAN_POINT('Ctrl Pts',(-0.0332835952093339,-0.207083860763559,
-0.025));
#4169=CARTESIAN_POINT('Ctrl Pts',(-0.0368584362417769,-0.213089020320091,
-0.025));
#4170=CARTESIAN_POINT('Ctrl Pts',(-0.0392151816968036,-0.217868929211644,
-0.025));
#4171=CARTESIAN_POINT('Ctrl Pts',(-0.0407123221258154,-0.22143987906183,
-0.025));
#4172=CARTESIAN_POINT('Ctrl Pts',(-0.0415907314010065,-0.223814324377155,
-0.025));
#4173=CARTESIAN_POINT('Ctrl Pts',(-0.042000014165301,-0.225,-0.025));
#4174=CARTESIAN_POINT('',(0.219942834905371,-0.149999984349376,0.));
#4175=CARTESIAN_POINT('Origin',(1.,-0.149999951295335,0.));
#4176=CARTESIAN_POINT('',(1.005,-0.149999951083466,-0.025));
#4177=CARTESIAN_POINT('',(0.219942834905371,-0.149999984349376,-0.025));
#4178=CARTESIAN_POINT('',(1.005,-0.149999951083466,0.));
#4179=CARTESIAN_POINT('Origin',(1.005,0.149999966059363,0.));
#4180=CARTESIAN_POINT('',(1.005,0.149999965942128,-0.025));
#4181=CARTESIAN_POINT('',(1.005,0.0749999830296816,-0.025));
#4182=CARTESIAN_POINT('',(1.005,0.149999965942128,0.));
#4183=CARTESIAN_POINT('Origin',(0.219942834905371,0.149999984349376,0.));
#4184=CARTESIAN_POINT('',(0.219942834905371,0.149999984349377,-0.025));
#4185=CARTESIAN_POINT('',(1.08966782216861,0.14999996395692,-0.025));
#4186=CARTESIAN_POINT('',(0.219942834905371,0.149999984349376,0.));
#4187=CARTESIAN_POINT('Ctrl Pts',(-0.042000014165301,0.225,0.127));
#4188=CARTESIAN_POINT('Ctrl Pts',(-0.042000014165301,0.225,-0.025));
#4189=CARTESIAN_POINT('Ctrl Pts',(-0.0415907314010065,0.223814324377155,
0.127));
#4190=CARTESIAN_POINT('Ctrl Pts',(-0.0415907314010065,0.223814324377155,
-0.025));
#4191=CARTESIAN_POINT('Ctrl Pts',(-0.0407123221258154,0.22143987906183,
0.127));
#4192=CARTESIAN_POINT('Ctrl Pts',(-0.0407123221258154,0.22143987906183,
-0.025));
#4193=CARTESIAN_POINT('Ctrl Pts',(-0.0392151816968036,0.217868929211644,
0.127));
#4194=CARTESIAN_POINT('Ctrl Pts',(-0.0392151816968036,0.217868929211644,
-0.025));
#4195=CARTESIAN_POINT('Ctrl Pts',(-0.0368584362417769,0.213089020320091,
0.127));
#4196=CARTESIAN_POINT('Ctrl Pts',(-0.0368584362417769,0.213089020320091,
-0.025));
#4197=CARTESIAN_POINT('Ctrl Pts',(-0.0332835952093339,0.207083860763559,
0.127));
#4198=CARTESIAN_POINT('Ctrl Pts',(-0.0332835952093339,0.207083860763559,
-0.025));
#4199=CARTESIAN_POINT('Ctrl Pts',(-0.0290100481470418,0.201051563564543,
0.127));
#4200=CARTESIAN_POINT('Ctrl Pts',(-0.0290100481470418,0.201051563564543,
-0.025));
#4201=CARTESIAN_POINT('Ctrl Pts',(-0.0239106125477052,0.194999147067568,
0.127));
#4202=CARTESIAN_POINT('Ctrl Pts',(-0.0239106125477052,0.194999147067568,
-0.025));
#4203=CARTESIAN_POINT('Ctrl Pts',(-0.0177803787233921,0.188938792120145,
0.127));
#4204=CARTESIAN_POINT('Ctrl Pts',(-0.0177803787233921,0.188938792120145,
-0.025));
#4205=CARTESIAN_POINT('Ctrl Pts',(-0.0103290955890434,0.182890123456097,
0.127));
#4206=CARTESIAN_POINT('Ctrl Pts',(-0.0103290955890434,0.182890123456097,
-0.025));
#4207=CARTESIAN_POINT('Ctrl Pts',(-0.0012456812890909,0.176887312095587,
0.127));
#4208=CARTESIAN_POINT('Ctrl Pts',(-0.0012456812890909,0.176887312095587,
-0.025));
#4209=CARTESIAN_POINT('Ctrl Pts',(0.00974288288258271,0.170986192916118,
0.127));
#4210=CARTESIAN_POINT('Ctrl Pts',(0.00974288288258271,0.170986192916118,
-0.025));
#4211=CARTESIAN_POINT('Ctrl Pts',(0.0228127426971683,0.165270841899843,
0.127));
#4212=CARTESIAN_POINT('Ctrl Pts',(0.0228127426971683,0.165270841899843,
-0.025));
#4213=CARTESIAN_POINT('Ctrl Pts',(0.0379708263980519,0.159862681480597,
0.127));
#4214=CARTESIAN_POINT('Ctrl Pts',(0.0379708263980519,0.159862681480597,
-0.025));
#4215=CARTESIAN_POINT('Ctrl Pts',(0.055014710035955,0.154922933902097,0.127));
#4216=CARTESIAN_POINT('Ctrl Pts',(0.055014710035955,0.154922933902097,-0.025));
#4217=CARTESIAN_POINT('Ctrl Pts',(0.0736158059359233,0.150631137037986,
0.127));
#4218=CARTESIAN_POINT('Ctrl Pts',(0.0736158059359233,0.150631137037986,
-0.025));
#4219=CARTESIAN_POINT('Ctrl Pts',(0.0933797286364768,0.147167058129952,
0.127));
#4220=CARTESIAN_POINT('Ctrl Pts',(0.0933797286364768,0.147167058129952,
-0.025));
#4221=CARTESIAN_POINT('Ctrl Pts',(0.113910786554507,0.144691457089011,0.127));
#4222=CARTESIAN_POINT('Ctrl Pts',(0.113910786554507,0.144691457089011,-0.025));
#4223=CARTESIAN_POINT('Ctrl Pts',(0.134876792505781,0.1433245024028,0.127));
#4224=CARTESIAN_POINT('Ctrl Pts',(0.134876792505781,0.1433245024028,-0.025));
#4225=CARTESIAN_POINT('Ctrl Pts',(0.156062114557018,0.143128705625434,0.127));
#4226=CARTESIAN_POINT('Ctrl Pts',(0.156062114557018,0.143128705625434,-0.025));
#4227=CARTESIAN_POINT('Ctrl Pts',(0.177336987735494,0.144128462004431,0.127));
#4228=CARTESIAN_POINT('Ctrl Pts',(0.177336987735494,0.144128462004431,-0.025));
#4229=CARTESIAN_POINT('Ctrl Pts',(0.194377303650933,0.14588481638686,0.127));
#4230=CARTESIAN_POINT('Ctrl Pts',(0.194377303650933,0.14588481638686,-0.025));
#4231=CARTESIAN_POINT('Ctrl Pts',(0.207159356800701,0.147735722524752,0.127));
#4232=CARTESIAN_POINT('Ctrl Pts',(0.207159356800701,0.147735722524752,-0.025));
#4233=CARTESIAN_POINT('Ctrl Pts',(0.215681540170816,0.14920586298156,0.127));
#4234=CARTESIAN_POINT('Ctrl Pts',(0.215681540170816,0.14920586298156,-0.025));
#4235=CARTESIAN_POINT('Ctrl Pts',(0.219942834905371,0.149999984349376,0.127));
#4236=CARTESIAN_POINT('Ctrl Pts',(0.219942834905371,0.149999984349376,-0.025));
#4237=CARTESIAN_POINT('',(-0.042000014165301,0.225,-0.025));
#4238=CARTESIAN_POINT('Ctrl Pts',(-0.042000014165301,0.225,-0.025));
#4239=CARTESIAN_POINT('Ctrl Pts',(-0.0415907314010065,0.223814324377155,
-0.025));
#4240=CARTESIAN_POINT('Ctrl Pts',(-0.0407123221258154,0.22143987906183,
-0.025));
#4241=CARTESIAN_POINT('Ctrl Pts',(-0.0392151816968036,0.217868929211644,
-0.025));
#4242=CARTESIAN_POINT('Ctrl Pts',(-0.0368584362417769,0.213089020320091,
-0.025));
#4243=CARTESIAN_POINT('Ctrl Pts',(-0.0332835952093339,0.207083860763559,
-0.025));
#4244=CARTESIAN_POINT('Ctrl Pts',(-0.0290100481470418,0.201051563564543,
-0.025));
#4245=CARTESIAN_POINT('Ctrl Pts',(-0.0239106125477052,0.194999147067568,
-0.025));
#4246=CARTESIAN_POINT('Ctrl Pts',(-0.0177803787233921,0.188938792120145,
-0.025));
#4247=CARTESIAN_POINT('Ctrl Pts',(-0.0103290955890434,0.182890123456097,
-0.025));
#4248=CARTESIAN_POINT('Ctrl Pts',(-0.0012456812890909,0.176887312095587,
-0.025));
#4249=CARTESIAN_POINT('Ctrl Pts',(0.00974288288258271,0.170986192916118,
-0.025));
#4250=CARTESIAN_POINT('Ctrl Pts',(0.0228127426971683,0.165270841899843,
-0.025));
#4251=CARTESIAN_POINT('Ctrl Pts',(0.0379708263980519,0.159862681480597,
-0.025));
#4252=CARTESIAN_POINT('Ctrl Pts',(0.055014710035955,0.154922933902097,-0.025));
#4253=CARTESIAN_POINT('Ctrl Pts',(0.0736158059359233,0.150631137037986,
-0.025));
#4254=CARTESIAN_POINT('Ctrl Pts',(0.0933797286364768,0.147167058129952,
-0.025));
#4255=CARTESIAN_POINT('Ctrl Pts',(0.113910786554507,0.144691457089011,-0.025));
#4256=CARTESIAN_POINT('Ctrl Pts',(0.134876792505781,0.1433245024028,-0.025));
#4257=CARTESIAN_POINT('Ctrl Pts',(0.156062114557018,0.143128705625434,-0.025));
#4258=CARTESIAN_POINT('Ctrl Pts',(0.177336987735494,0.144128462004431,-0.025));
#4259=CARTESIAN_POINT('Ctrl Pts',(0.194377303650933,0.14588481638686,-0.025));
#4260=CARTESIAN_POINT('Ctrl Pts',(0.207159356800701,0.147735722524752,-0.025));
#4261=CARTESIAN_POINT('Ctrl Pts',(0.215681540170816,0.14920586298156,-0.025));
#4262=CARTESIAN_POINT('Ctrl Pts',(0.219942834905371,0.149999984349376,-0.025));
#4263=CARTESIAN_POINT('',(-0.042000014165301,0.225,0.));
#4264=CARTESIAN_POINT('Origin',(-0.875,0.225,0.));
#4265=CARTESIAN_POINT('',(-0.875,0.225,-0.025));
#4266=CARTESIAN_POINT('',(-2.56290938574429,0.225,-0.025));
#4267=CARTESIAN_POINT('',(-0.875,0.225,0.));
#4268=CARTESIAN_POINT('Origin',(-0.899999999999999,0.2,0.));
#4269=CARTESIAN_POINT('',(-0.899999999999999,0.2,-0.025));
#4270=CARTESIAN_POINT('',(-0.875,0.225,-0.025));
#4271=CARTESIAN_POINT('',(-0.899999999999999,0.2,0.));
#4272=CARTESIAN_POINT('Origin',(-1.,0.2,0.));
#4273=CARTESIAN_POINT('',(-1.005,0.2,-0.025));
#4274=CARTESIAN_POINT('',(-0.899999999999999,0.2,-0.025));
#4275=CARTESIAN_POINT('',(-1.005,0.2,0.));
#4276=CARTESIAN_POINT('Origin',(-1.005,-0.199999921717278,0.));
#4277=CARTESIAN_POINT('',(-1.005,-0.199999924267239,-0.025));
#4278=CARTESIAN_POINT('',(-1.005,-0.0999999608586392,-0.025));
#4279=CARTESIAN_POINT('',(-1.005,-0.199999924267239,0.));
#4280=CARTESIAN_POINT('Origin',(-0.900000129281857,-0.199999870718143,0.));
#4281=CARTESIAN_POINT('',(-0.900000129281857,-0.199999870718143,-0.025));
#4282=CARTESIAN_POINT('',(-0.900000129281857,-0.199999870718143,-0.025));
#4283=CARTESIAN_POINT('',(-0.900000129281857,-0.199999870718143,0.));
#4284=CARTESIAN_POINT('Origin',(-0.875,-0.225,0.));
#4285=CARTESIAN_POINT('',(-0.875,-0.225,-0.025));
#4286=CARTESIAN_POINT('Origin',(0.,0.,-0.025));
#4287=CARTESIAN_POINT('Origin',(-0.0750000000000001,-1.025,0.127));
#4288=CARTESIAN_POINT('',(0.0499999999999999,-0.8,0.127));
#4289=CARTESIAN_POINT('',(-0.2,-0.8,0.127));
#4290=CARTESIAN_POINT('',(0.0499999999999999,-0.8,0.127));
#4291=CARTESIAN_POINT('',(-0.2,-1.255,0.127));
#4292=CARTESIAN_POINT('',(-0.2,-0.8,0.127));
#4293=CARTESIAN_POINT('',(0.0499999999999999,-1.255,0.127));
#4294=CARTESIAN_POINT('',(-0.0125000000000001,-1.255,0.127));
#4295=CARTESIAN_POINT('',(0.0499999999999999,-0.8,0.127));
#4296=CARTESIAN_POINT('Origin',(-0.2,-1.25,0.));
#4297=CARTESIAN_POINT('',(-0.2,-0.8,-0.025));
#4298=CARTESIAN_POINT('',(-0.2,-0.8,0.));
#4299=CARTESIAN_POINT('',(-0.2,-1.255,-0.025));
#4300=CARTESIAN_POINT('',(-0.2,-0.8,-0.025));
#4301=CARTESIAN_POINT('',(-0.2,-1.255,0.));
#4302=CARTESIAN_POINT('Origin',(0.0499999999999999,-1.255,0.));
#4303=CARTESIAN_POINT('',(0.0499999999999999,-1.255,-0.025));
#4304=CARTESIAN_POINT('',(-0.0125000000000001,-1.255,-0.025));
#4305=CARTESIAN_POINT('',(0.0499999999999999,-1.255,0.));
#4306=CARTESIAN_POINT('Origin',(0.0499999999999999,-0.8,0.));
#4307=CARTESIAN_POINT('',(0.0499999999999999,-0.8,-0.025));
#4308=CARTESIAN_POINT('',(0.0499999999999999,-0.8,-0.025));
#4309=CARTESIAN_POINT('',(0.0499999999999999,-0.8,0.));
#4310=CARTESIAN_POINT('Origin',(-0.2,-0.8,0.));
#4311=CARTESIAN_POINT('',(0.0499999999999999,-0.8,-0.025));
#4312=CARTESIAN_POINT('Origin',(-0.0750000000000001,-1.025,-0.025));
#4313=CARTESIAN_POINT('Origin',(-0.0750000000000001,1.025,0.127));
#4314=CARTESIAN_POINT('',(-0.2,1.255,0.127));
#4315=CARTESIAN_POINT('',(-0.2,0.8,0.127));
#4316=CARTESIAN_POINT('',(-0.2,0.8,0.127));
#4317=CARTESIAN_POINT('',(0.05,0.8,0.127));
#4318=CARTESIAN_POINT('',(0.05,0.8,0.127));
#4319=CARTESIAN_POINT('',(0.05,1.255,0.127));
#4320=CARTESIAN_POINT('',(0.05,0.8,0.127));
#4321=CARTESIAN_POINT('',(-0.1375,1.255,0.127));
#4322=CARTESIAN_POINT('Origin',(0.05,0.8,0.));
#4323=CARTESIAN_POINT('',(-0.2,0.8,-0.025));
#4324=CARTESIAN_POINT('',(-0.2,0.8,0.));
#4325=CARTESIAN_POINT('',(0.05,0.8,-0.025));
#4326=CARTESIAN_POINT('',(0.05,0.8,-0.025));
#4327=CARTESIAN_POINT('',(0.05,0.8,0.));
#4328=CARTESIAN_POINT('Origin',(0.05,1.25,0.));
#4329=CARTESIAN_POINT('',(0.05,1.255,-0.025));
#4330=CARTESIAN_POINT('',(0.05,0.8,-0.025));
#4331=CARTESIAN_POINT('',(0.05,1.255,0.));
#4332=CARTESIAN_POINT('Origin',(-0.2,1.255,0.));
#4333=CARTESIAN_POINT('',(-0.2,1.255,-0.025));
#4334=CARTESIAN_POINT('',(-0.1375,1.255,-0.025));
#4335=CARTESIAN_POINT('',(-0.2,1.255,0.));
#4336=CARTESIAN_POINT('Origin',(-0.2,0.8,0.));
#4337=CARTESIAN_POINT('',(-0.2,0.8,-0.025));
#4338=CARTESIAN_POINT('Origin',(-0.0750000000000001,1.025,-0.025));
#4339=CARTESIAN_POINT('Origin',(0.774999999999999,-0.525,0.127));
#4340=CARTESIAN_POINT('',(1.005,-0.4,0.127));
#4341=CARTESIAN_POINT('',(0.549999999999999,-0.4,0.127));
#4342=CARTESIAN_POINT('',(0.549999999999999,-0.4,0.127));
#4343=CARTESIAN_POINT('',(0.549999999999999,-0.65,0.127));
#4344=CARTESIAN_POINT('',(0.549999999999999,-0.65,0.127));
#4345=CARTESIAN_POINT('',(1.005,-0.65,0.127));
#4346=CARTESIAN_POINT('',(0.549999999999999,-0.65,0.127));
#4347=CARTESIAN_POINT('',(1.005,-0.4625,0.127));
#4348=CARTESIAN_POINT('Origin',(0.549999999999999,-0.65,0.));
#4349=CARTESIAN_POINT('',(0.549999999999999,-0.4,-0.025));
#4350=CARTESIAN_POINT('',(0.549999999999999,-0.4,0.));
#4351=CARTESIAN_POINT('',(0.549999999999999,-0.65,-0.025));
#4352=CARTESIAN_POINT('',(0.549999999999999,-0.65,-0.025));
#4353=CARTESIAN_POINT('',(0.549999999999999,-0.65,0.));
#4354=CARTESIAN_POINT('Origin',(1.,-0.65,0.));
#4355=CARTESIAN_POINT('',(1.005,-0.65,-0.025));
#4356=CARTESIAN_POINT('',(0.549999999999999,-0.65,-0.025));
#4357=CARTESIAN_POINT('',(1.005,-0.65,0.));
#4358=CARTESIAN_POINT('Origin',(1.005,-0.4,0.));
#4359=CARTESIAN_POINT('',(1.005,-0.4,-0.025));
#4360=CARTESIAN_POINT('',(1.005,-0.4625,-0.025));
#4361=CARTESIAN_POINT('',(1.005,-0.4,0.));
#4362=CARTESIAN_POINT('Origin',(0.549999999999999,-0.4,0.));
#4363=CARTESIAN_POINT('',(0.549999999999999,-0.4,-0.025));
#4364=CARTESIAN_POINT('Origin',(0.774999999999999,-0.525,-0.025));
#4365=CARTESIAN_POINT('Origin',(0.774999999999999,0.525,0.127));
#4366=CARTESIAN_POINT('',(1.005,0.65,0.127));
#4367=CARTESIAN_POINT('',(0.549999999999999,0.65,0.127));
#4368=CARTESIAN_POINT('',(0.549999999999999,0.65,0.127));
#4369=CARTESIAN_POINT('',(0.549999999999999,0.4,0.127));
#4370=CARTESIAN_POINT('',(0.549999999999999,0.4,0.127));
#4371=CARTESIAN_POINT('',(1.005,0.4,0.127));
#4372=CARTESIAN_POINT('',(0.549999999999999,0.4,0.127));
#4373=CARTESIAN_POINT('',(1.005,0.5875,0.127));
#4374=CARTESIAN_POINT('Origin',(0.549999999999999,0.4,0.));
#4375=CARTESIAN_POINT('',(0.549999999999999,0.65,-0.025));
#4376=CARTESIAN_POINT('',(0.549999999999999,0.65,0.));
#4377=CARTESIAN_POINT('',(0.549999999999999,0.4,-0.025));
#4378=CARTESIAN_POINT('',(0.549999999999999,0.4,-0.025));
#4379=CARTESIAN_POINT('',(0.549999999999999,0.4,0.));
#4380=CARTESIAN_POINT('Origin',(1.,0.4,0.));
#4381=CARTESIAN_POINT('',(1.005,0.4,-0.025));
#4382=CARTESIAN_POINT('',(0.549999999999999,0.4,-0.025));
#4383=CARTESIAN_POINT('',(1.005,0.4,0.));
#4384=CARTESIAN_POINT('Origin',(1.005,0.65,0.));
#4385=CARTESIAN_POINT('',(1.005,0.65,-0.025));
#4386=CARTESIAN_POINT('',(1.005,0.5875,-0.025));
#4387=CARTESIAN_POINT('',(1.005,0.65,0.));
#4388=CARTESIAN_POINT('Origin',(0.549999999999999,0.65,0.));
#4389=CARTESIAN_POINT('',(0.549999999999999,0.65,-0.025));
#4390=CARTESIAN_POINT('Origin',(0.774999999999999,0.525,-0.025));
#4391=CARTESIAN_POINT('Origin',(0.775,-1.07500000745058,0.127));
#4392=CARTESIAN_POINT('',(1.005,-1.10000001490116,0.127));
#4393=CARTESIAN_POINT('',(1.005,-0.900000014901161,0.127));
#4394=CARTESIAN_POINT('',(1.005,-0.987500011175871,0.127));
#4395=CARTESIAN_POINT('',(0.55,-0.900000014901161,0.127));
#4396=CARTESIAN_POINT('',(0.,-0.900000014901161,0.127));
#4397=CARTESIAN_POINT('',(0.55,-1.255,0.127));
#4398=CARTESIAN_POINT('',(0.55,-0.900000014901161,0.127));
#4399=CARTESIAN_POINT('',(0.85,-1.255,0.127));
#4400=CARTESIAN_POINT('',(0.8125,-1.255,0.127));
#4401=CARTESIAN_POINT('',(0.85,-1.10000001490116,0.127));
#4402=CARTESIAN_POINT('',(0.85,-1.10000001490116,0.127));
#4403=CARTESIAN_POINT('',(0.85,-1.10000001490116,0.127));
#4404=CARTESIAN_POINT('Origin',(0.55,-0.900000014901161,0.));
#4405=CARTESIAN_POINT('',(1.005,-0.900000014901161,-0.025));
#4406=CARTESIAN_POINT('',(1.005,-0.900000014901161,0.));
#4407=CARTESIAN_POINT('',(0.55,-0.900000014901161,-0.025));
#4408=CARTESIAN_POINT('',(0.,-0.900000014901161,-0.025));
#4409=CARTESIAN_POINT('',(0.55,-0.900000014901161,0.));
#4410=CARTESIAN_POINT('Origin',(0.55,-1.25,0.));
#4411=CARTESIAN_POINT('',(0.55,-1.255,-0.025));
#4412=CARTESIAN_POINT('',(0.55,-0.900000014901161,-0.025));
#4413=CARTESIAN_POINT('',(0.55,-1.255,0.));
#4414=CARTESIAN_POINT('Origin',(0.85,-1.255,0.));
#4415=CARTESIAN_POINT('',(0.85,-1.255,-0.025));
#4416=CARTESIAN_POINT('',(0.8125,-1.255,-0.025));
#4417=CARTESIAN_POINT('',(0.85,-1.255,0.));
#4418=CARTESIAN_POINT('Origin',(0.85,-1.10000001490116,0.));
#4419=CARTESIAN_POINT('',(0.85,-1.10000001490116,-0.025));
#4420=CARTESIAN_POINT('',(0.85,-1.10000001490116,-0.025));
#4421=CARTESIAN_POINT('',(0.85,-1.10000001490116,0.));
#4422=CARTESIAN_POINT('Origin',(1.,-1.10000001490116,0.));
#4423=CARTESIAN_POINT('',(1.005,-1.10000001490116,-0.025));
#4424=CARTESIAN_POINT('',(0.85,-1.10000001490116,-0.025));
#4425=CARTESIAN_POINT('',(1.005,-1.10000001490116,0.));
#4426=CARTESIAN_POINT('Origin',(1.005,-0.900000014901161,0.));
#4427=CARTESIAN_POINT('',(1.005,-0.987500011175871,-0.025));
#4428=CARTESIAN_POINT('Origin',(0.775,-1.07500000745058,-0.025));
#4429=CARTESIAN_POINT('Origin',(0.775,1.07500000745058,0.127));
#4430=CARTESIAN_POINT('',(0.55,1.255,0.127));
#4431=CARTESIAN_POINT('',(0.55,0.900000014901161,0.127));
#4432=CARTESIAN_POINT('',(0.55,0.900000014901161,0.127));
#4433=CARTESIAN_POINT('',(1.005,0.900000014901161,0.127));
#4434=CARTESIAN_POINT('',(0.,0.900000014901161,0.127));
#4435=CARTESIAN_POINT('',(1.005,1.10000001490116,0.127));
#4436=CARTESIAN_POINT('',(1.005,1.08750001117587,0.127));
#4437=CARTESIAN_POINT('',(0.85,1.10000001490116,0.127));
#4438=CARTESIAN_POINT('',(0.85,1.10000001490116,0.127));
#4439=CARTESIAN_POINT('',(0.85,1.255,0.127));
#4440=CARTESIAN_POINT('',(0.85,1.10000001490116,0.127));
#4441=CARTESIAN_POINT('',(0.6625,1.255,0.127));
#4442=CARTESIAN_POINT('Origin',(1.,0.900000014901161,0.));
#4443=CARTESIAN_POINT('',(0.55,0.900000014901161,-0.025));
#4444=CARTESIAN_POINT('',(0.55,0.900000014901161,0.));
#4445=CARTESIAN_POINT('',(1.005,0.900000014901161,-0.025));
#4446=CARTESIAN_POINT('',(0.,0.900000014901161,-0.025));
#4447=CARTESIAN_POINT('',(1.005,0.900000014901161,0.));
#4448=CARTESIAN_POINT('Origin',(1.005,1.10000001490116,0.));
#4449=CARTESIAN_POINT('',(1.005,1.10000001490116,-0.025));
#4450=CARTESIAN_POINT('',(1.005,1.08750001117587,-0.025));
#4451=CARTESIAN_POINT('',(1.005,1.10000001490116,0.));
#4452=CARTESIAN_POINT('Origin',(0.85,1.10000001490116,0.));
#4453=CARTESIAN_POINT('',(0.85,1.10000001490116,-0.025));
#4454=CARTESIAN_POINT('',(0.85,1.10000001490116,-0.025));
#4455=CARTESIAN_POINT('',(0.85,1.10000001490116,0.));
#4456=CARTESIAN_POINT('Origin',(0.85,1.25,0.));
#4457=CARTESIAN_POINT('',(0.85,1.255,-0.025));
#4458=CARTESIAN_POINT('',(0.85,1.10000001490116,-0.025));
#4459=CARTESIAN_POINT('',(0.85,1.255,0.));
#4460=CARTESIAN_POINT('Origin',(0.55,1.255,0.));
#4461=CARTESIAN_POINT('',(0.55,1.255,-0.025));
#4462=CARTESIAN_POINT('',(0.6625,1.255,-0.025));
#4463=CARTESIAN_POINT('',(0.55,1.255,0.));
#4464=CARTESIAN_POINT('Origin',(0.55,0.900000014901161,0.));
#4465=CARTESIAN_POINT('',(0.55,0.900000014901161,-0.025));
#4466=CARTESIAN_POINT('Origin',(0.775,1.07500000745058,-0.025));
#4467=CARTESIAN_POINT('Origin',(-0.8,-1.0025,0.127));
#4468=CARTESIAN_POINT('',(-0.6,-0.755,0.127));
#4469=CARTESIAN_POINT('',(-1.005,-0.755,0.127));
#4470=CARTESIAN_POINT('',(0.,-0.755,0.127));
#4471=CARTESIAN_POINT('',(-1.005,-1.1,0.127));
#4472=CARTESIAN_POINT('',(-1.005,-1.05125,0.127));
#4473=CARTESIAN_POINT('',(-0.85,-1.1,0.127));
#4474=CARTESIAN_POINT('',(0.,-1.1,0.127));
#4475=CARTESIAN_POINT('',(-0.85,-1.255,0.127));
#4476=CARTESIAN_POINT('',(-0.85,2.29621274840129E-17,0.127));
#4477=CARTESIAN_POINT('',(-0.6,-1.255,0.127));
#4478=CARTESIAN_POINT('',(-0.7,-1.255,0.127));
#4479=CARTESIAN_POINT('',(-0.6,7.65404249467096E-18,0.127));
#4480=CARTESIAN_POINT('Origin',(-1.005,-1.1,0.));
#4481=CARTESIAN_POINT('',(-1.005,-0.755,-0.025));
#4482=CARTESIAN_POINT('',(-1.005,-0.755,0.));
#4483=CARTESIAN_POINT('',(-1.005,-1.1,-0.025));
#4484=CARTESIAN_POINT('',(-1.005,-1.05125,-0.025));
#4485=CARTESIAN_POINT('',(-1.005,-1.1,0.));
#4486=CARTESIAN_POINT('Origin',(-0.85,-1.1,0.));
#4487=CARTESIAN_POINT('',(-0.85,-1.1,-0.025));
#4488=CARTESIAN_POINT('',(0.,-1.1,-0.025));
#4489=CARTESIAN_POINT('',(-0.85,-1.1,0.));
#4490=CARTESIAN_POINT('Origin',(-0.85,-1.25,0.));
#4491=CARTESIAN_POINT('',(-0.85,-1.255,-0.025));
#4492=CARTESIAN_POINT('',(-0.85,2.29621274840129E-17,-0.025));
#4493=CARTESIAN_POINT('',(-0.85,-1.255,0.));
#4494=CARTESIAN_POINT('Origin',(-0.6,-1.255,0.));
#4495=CARTESIAN_POINT('',(-0.6,-1.255,-0.025));
#4496=CARTESIAN_POINT('',(-0.7,-1.255,-0.025));
#4497=CARTESIAN_POINT('',(-0.6,-1.255,0.));
#4498=CARTESIAN_POINT('Origin',(-0.6,-0.755,0.));
#4499=CARTESIAN_POINT('',(-0.6,-0.755,-0.025));
#4500=CARTESIAN_POINT('',(-0.6,7.65404249467096E-18,-0.025));
#4501=CARTESIAN_POINT('',(-0.6,-0.755,0.));
#4502=CARTESIAN_POINT('Origin',(-1.,-0.755,0.));
#4503=CARTESIAN_POINT('',(0.,-0.755,-0.025));
#4504=CARTESIAN_POINT('Origin',(-0.8,-1.0025,-0.025));
#4505=CARTESIAN_POINT('Origin',(-0.8,1.0025,0.127));
#4506=CARTESIAN_POINT('',(-0.7,0.755,0.127));
#4507=CARTESIAN_POINT('',(-0.6,0.855,0.127));
#4508=CARTESIAN_POINT('',(-0.638125,0.816875,0.127));
#4509=CARTESIAN_POINT('',(-0.6,1.255,0.127));
#4510=CARTESIAN_POINT('',(-0.6,-7.65404249467096E-18,0.127));
#4511=CARTESIAN_POINT('',(-0.85,1.255,0.127));
#4512=CARTESIAN_POINT('',(-0.7,1.255,0.127));
#4513=CARTESIAN_POINT('',(-0.85,1.1,0.127));
#4514=CARTESIAN_POINT('',(-0.85,-2.29621274840129E-17,0.127));
#4515=CARTESIAN_POINT('',(-1.005,1.1,0.127));
#4516=CARTESIAN_POINT('',(0.,1.1,0.127));
#4517=CARTESIAN_POINT('',(-1.005,0.755,0.127));
#4518=CARTESIAN_POINT('',(-1.005,1.05125,0.127));
#4519=CARTESIAN_POINT('',(0.,0.755,0.127));
#4520=CARTESIAN_POINT('Origin',(-0.65,0.805,0.));
#4521=CARTESIAN_POINT('',(-0.7,0.755,-0.025));
#4522=CARTESIAN_POINT('',(-0.6,0.855,-0.025));
#4523=CARTESIAN_POINT('',(-0.638125,0.816875,-0.025));
#4524=CARTESIAN_POINT('',(-0.6,0.855,0.));
#4525=CARTESIAN_POINT('',(-0.7,0.755,0.));
#4526=CARTESIAN_POINT('Origin',(-0.8,1.0025,-0.025));
#4527=CARTESIAN_POINT('',(-1.005,0.755,-0.025));
#4528=CARTESIAN_POINT('',(0.,0.755,-0.025));
#4529=CARTESIAN_POINT('',(-1.005,1.1,-0.025));
#4530=CARTESIAN_POINT('',(-1.005,1.05125,-0.025));
#4531=CARTESIAN_POINT('',(-0.85,1.1,-0.025));
#4532=CARTESIAN_POINT('',(0.,1.1,-0.025));
#4533=CARTESIAN_POINT('',(-0.85,1.255,-0.025));
#4534=CARTESIAN_POINT('',(-0.85,-2.29621274840129E-17,-0.025));
#4535=CARTESIAN_POINT('',(-0.6,1.255,-0.025));
#4536=CARTESIAN_POINT('',(-0.7,1.255,-0.025));
#4537=CARTESIAN_POINT('',(-0.6,-7.65404249467096E-18,-0.025));
#4538=CARTESIAN_POINT('Origin',(-1.,0.755,0.));
#4539=CARTESIAN_POINT('',(-1.005,0.755,0.));
#4540=CARTESIAN_POINT('Origin',(-1.005,1.1,0.));
#4541=CARTESIAN_POINT('',(-1.005,1.1,0.));
#4542=CARTESIAN_POINT('Origin',(-0.85,1.1,0.));
#4543=CARTESIAN_POINT('',(-0.85,1.1,0.));
#4544=CARTESIAN_POINT('Origin',(-0.85,1.25,0.));
#4545=CARTESIAN_POINT('',(-0.85,1.255,0.));
#4546=CARTESIAN_POINT('Origin',(-0.6,1.255,0.));
#4547=CARTESIAN_POINT('',(-0.6,1.255,0.));
#4548=CARTESIAN_POINT('Origin',(-0.6,0.755,0.));
#4549=UNCERTAINTY_MEASURE_WITH_UNIT(LENGTH_MEASURE(0.01),#4553,
'DISTANCE_ACCURACY_VALUE',
'Maximum model space distance between geometric entities at asserted c
onnectivities');
#4550=UNCERTAINTY_MEASURE_WITH_UNIT(LENGTH_MEASURE(0.01),#4553,
'DISTANCE_ACCURACY_VALUE',
'Maximum model space distance between geometric entities at asserted c
onnectivities');
#4551=(
GEOMETRIC_REPRESENTATION_CONTEXT(3)
GLOBAL_UNCERTAINTY_ASSIGNED_CONTEXT((#4549))
GLOBAL_UNIT_ASSIGNED_CONTEXT((#4553,#4555,#4556))
REPRESENTATION_CONTEXT('','3D')
);
#4552=(
GEOMETRIC_REPRESENTATION_CONTEXT(3)
GLOBAL_UNCERTAINTY_ASSIGNED_CONTEXT((#4550))
GLOBAL_UNIT_ASSIGNED_CONTEXT((#4553,#4555,#4556))
REPRESENTATION_CONTEXT('','3D')
);
#4553=(
LENGTH_UNIT()
NAMED_UNIT(*)
SI_UNIT(.MILLI.,.METRE.)
);
#4554=(
LENGTH_UNIT()
NAMED_UNIT(*)
SI_UNIT($,.METRE.)
);
#4555=(
NAMED_UNIT(*)
PLANE_ANGLE_UNIT()
SI_UNIT($,.RADIAN.)
);
#4556=(
NAMED_UNIT(*)
SI_UNIT($,.STERADIAN.)
SOLID_ANGLE_UNIT()
);
#4557=SHAPE_DEFINITION_REPRESENTATION(#4558,#4559);
#4558=PRODUCT_DEFINITION_SHAPE('',$,#4561);
#4559=SHAPE_REPRESENTATION('',(#2601),#4551);
#4560=PRODUCT_DEFINITION_CONTEXT('part definition',#4565,'design');
#4561=PRODUCT_DEFINITION('LMR604403SRAKR','LMR604403SRAKR v3',#4562,#4560);
#4562=PRODUCT_DEFINITION_FORMATION('',$,#4567);
#4563=PRODUCT_RELATED_PRODUCT_CATEGORY('LMR604403SRAKR v3',
'LMR604403SRAKR v3',(#4567));
#4564=APPLICATION_PROTOCOL_DEFINITION('international standard',
'automotive_design',2009,#4565);
#4565=APPLICATION_CONTEXT(
'Core Data for Automotive Mechanical Design Process');
#4566=PRODUCT_CONTEXT('part definition',#4565,'mechanical');
#4567=PRODUCT('LMR604403SRAKR','LMR604403SRAKR v3',$,(#4566));
#4568=PRESENTATION_STYLE_ASSIGNMENT((#4571));
#4569=PRESENTATION_STYLE_ASSIGNMENT((#4572));
#4570=PRESENTATION_STYLE_ASSIGNMENT((#4573));
#4571=SURFACE_STYLE_USAGE(.BOTH.,#4574);
#4572=SURFACE_STYLE_USAGE(.BOTH.,#4575);
#4573=SURFACE_STYLE_USAGE(.BOTH.,#4576);
#4574=SURFACE_SIDE_STYLE('',(#4577));
#4575=SURFACE_SIDE_STYLE('',(#4578));
#4576=SURFACE_SIDE_STYLE('',(#4579));
#4577=SURFACE_STYLE_FILL_AREA(#4580);
#4578=SURFACE_STYLE_FILL_AREA(#4581);
#4579=SURFACE_STYLE_FILL_AREA(#4582);
#4580=FILL_AREA_STYLE('Steel - Satin',(#4583));
#4581=FILL_AREA_STYLE('Opaque(255,255,255) (1)',(#4584));
#4582=FILL_AREA_STYLE('Nickel - Polished',(#4585));
#4583=FILL_AREA_STYLE_COLOUR('Steel - Satin',#4586);
#4584=FILL_AREA_STYLE_COLOUR('Opaque(255,255,255) (1)',#4587);
#4585=FILL_AREA_STYLE_COLOUR('Nickel - Polished',#4588);
#4586=COLOUR_RGB('Steel - Satin',0.627450980392157,0.627450980392157,0.627450980392157);
#4587=COLOUR_RGB('Opaque(255,255,255) (1)',0.32156862745098,0.317647058823529,
0.317647058823529);
#4588=COLOUR_RGB('Nickel - Polished',0.819607843137255,0.8,0.752941176470588);
ENDSEC;
END-ISO-10303-21;
