ISO-10303-21;
HEADER;
FILE_DESCRIPTION (( 'STEP AP214' ),
    '1' );
FILE_NAME ('LW_Y1SG_010310_geometry.STEP',
    '2024-07-23T05:46:34',
    ( '' ),
    ( '' ),
    'SwSTEP 2.0',
    'SolidWorks 2020',
    '' );
FILE_SCHEMA (( 'AUTOMOTIVE_DESIGN' ));
ENDSEC;

DATA;
#1 = LINE ( 'NONE', #1600, #1355 ) ;
#2 = DIRECTION ( 'NONE',  ( 0.000000000000000000, -0.000000000000000000, -1.000000000000000000 ) ) ;
#3 = CYLINDRICAL_SURFACE ( 'NONE', #132, 0.02000000000000001082 ) ;
#4 = ORIENTED_EDGE ( 'NONE', *, *, #585, .F. ) ;
#5 = CARTESIAN_POINT ( 'NONE',  ( 0.1198999999999998262, 0.02000000000000001082, -0.04200000000000000955 ) ) ;
#6 = VECTOR ( 'NONE', #756, 100.0000000000000000 ) ;
#7 = AXIS2_PLACEMENT_3D ( 'NONE', #1338, #1634, #1655 ) ;
#8 = CARTESIAN_POINT ( 'NONE',  ( 0.08012992831541206062, -9.757819552369539906E-17, -0.1200000000000000094 ) ) ;
#9 = EDGE_CURVE ( 'NONE', #1581, #1149, #157, .T. ) ;
#10 = PLANE ( 'NONE',  #1969 ) ;
#11 = CARTESIAN_POINT ( 'NONE',  ( -0.08012992831541208838, 0.02455307922833856529, -0.1200000000000000094 ) ) ;
#12 = ORIENTED_EDGE ( 'NONE', *, *, #1685, .T. ) ;
#13 = CARTESIAN_POINT ( 'NONE',  ( 0.03580800611913268622, 0.009999999999999918676, 8.470329472543003391E-20 ) ) ;
#14 = DIRECTION ( 'NONE',  ( 0.8236525397468404952, 0.4470481489774437156, -0.3489189680490594192 ) ) ;
#15 = DIRECTION ( 'NONE',  ( -0.000000000000000000, 1.000000000000000000, 0.000000000000000000 ) ) ;
#16 = LINE ( 'NONE', #715, #968 ) ;
#17 = ORIENTED_EDGE ( 'NONE', *, *, #1260, .T. ) ;
#18 = MECHANICAL_DESIGN_GEOMETRIC_PRESENTATION_REPRESENTATION (  '', ( #1093 ), #552 ) ;
#19 = LINE ( 'NONE', #479, #942 ) ;
#20 = EDGE_CURVE ( 'NONE', #410, #1891, #60, .T. ) ;
#21 = CARTESIAN_POINT ( 'NONE',  ( -0.1154469207716612295, 0.05090707085006664773, -0.1200000000000000372 ) ) ;
#22 = VECTOR ( 'NONE', #1905, 99.99999999999998579 ) ;
#23 = VECTOR ( 'NONE', #216, 100.0000000000000000 ) ;
#24 = ORIENTED_EDGE ( 'NONE', *, *, #575, .T. ) ;
#25 = EDGE_CURVE ( 'NONE', #584, #1877, #1807, .T. ) ;
#26 = CARTESIAN_POINT ( 'NONE',  ( -0.1225000000000000117, 0.06999999999999999278, 0.000000000000000000 ) ) ;
#27 = AXIS2_PLACEMENT_3D ( 'NONE', #688, #1684, #1323 ) ;
#28 = DIRECTION ( 'NONE',  ( 1.000000000000000000, 0.000000000000000000, 0.000000000000000000 ) ) ;
#29 = LINE ( 'NONE', #1148, #1402 ) ;
#30 = ORIENTED_EDGE ( 'NONE', *, *, #636, .F. ) ;
#31 = ORIENTED_EDGE ( 'NONE', *, *, #1110, .T. ) ;
#32 = CARTESIAN_POINT ( 'NONE',  ( 0.04000000000000002165, -9.757819552369539906E-17, -0.1029999999999999943 ) ) ;
#33 = EDGE_CURVE ( 'NONE', #468, #231, #547, .T. ) ;
#34 = EDGE_CURVE ( 'NONE', #1091, #1492, #1368, .T. ) ;
#35 = MECHANICAL_DESIGN_GEOMETRIC_PRESENTATION_REPRESENTATION (  '', ( #669 ), #1037 ) ;
#36 = LINE ( 'NONE', #8, #665 ) ;
#37 = EDGE_LOOP ( 'NONE', ( #1978, #1064, #1924, #1595 ) ) ;
#38 = ORIENTED_EDGE ( 'NONE', *, *, #1296, .T. ) ;
#39 = DIRECTION ( 'NONE',  ( 0.3900671976312711786, 4.776787686369436385E-17, 0.9207863928903852191 ) ) ;
#40 = CARTESIAN_POINT ( 'NONE',  ( -0.1060000000000000109, 0.01749999999999997391, -0.04200000000000000955 ) ) ;
#41 = CARTESIAN_POINT ( 'NONE',  ( 0.1223999999999998561, 0.05000000000000000278, -0.04200000000000000955 ) ) ;
#42 = EDGE_CURVE ( 'NONE', #1610, #1204, #239, .T. ) ;
#43 = DIRECTION ( 'NONE',  ( 0.4183001357529302355, -0.9083088662063584229, 0.000000000000000000 ) ) ;
#44 = ORIENTED_EDGE ( 'NONE', *, *, #934, .F. ) ;
#45 = VECTOR ( 'NONE', #222, 99.99999999999998579 ) ;
#46 =( NAMED_UNIT ( * ) PLANE_ANGLE_UNIT ( ) SI_UNIT ( $, .RADIAN. ) );
#47 = EDGE_LOOP ( 'NONE', ( #1697, #1070, #513, #1370 ) ) ;
#48 = LINE ( 'NONE', #1944, #786 ) ;
#49 = PLANE ( 'NONE',  #27 ) ;
#50 = DIRECTION ( 'NONE',  ( 1.000000000000000000, -2.853163611803958284E-16, 0.000000000000000000 ) ) ;
#51 = DIRECTION ( 'NONE',  ( 0.000000000000000000, 0.000000000000000000, 1.000000000000000000 ) ) ;
#52 = DIRECTION ( 'NONE',  ( 0.000000000000000000, 0.000000000000000000, 1.000000000000000000 ) ) ;
#53 = EDGE_LOOP ( 'NONE', ( #1771, #1384, #1544, #1756 ) ) ;
#54 = EDGE_CURVE ( 'NONE', #584, #1960, #395, .T. ) ;
#55 = EDGE_CURVE ( 'NONE', #468, #105, #860, .T. ) ;
#56 = DIRECTION ( 'NONE',  ( 0.9083088662063584229, 0.4183001357529300135, 0.000000000000000000 ) ) ;
#57 = UNCERTAINTY_MEASURE_WITH_UNIT (LENGTH_MEASURE( 1.000000000000000082E-05 ), #1705, 'distance_accuracy_value', 'NONE');
#58 = DIRECTION ( 'NONE',  ( 1.000000000000000000, 0.000000000000000000, 0.000000000000000000 ) ) ;
#59 = CARTESIAN_POINT ( 'NONE',  ( 0.1198999999999998262, 0.01750000000000000167, -0.04200000000000000955 ) ) ;
#60 = LINE ( 'NONE', #1490, #1258 ) ;
#61 = VECTOR ( 'NONE', #1195, 100.0000000000000000 ) ;
#62 = VECTOR ( 'NONE', #394, 100.0000000000000000 ) ;
#63 = PLANE ( 'NONE',  #7 ) ;
#64 = VERTEX_POINT ( 'NONE', #1957 ) ;
#65 = ORIENTED_EDGE ( 'NONE', *, *, #521, .F. ) ;
#66 = APPLICATION_CONTEXT ( 'automotive_design' ) ;
#67 = AXIS2_PLACEMENT_3D ( 'NONE', #1068, #1686, #745 ) ;
#68 = VECTOR ( 'NONE', #264, 100.0000000000000142 ) ;
#69 = DIRECTION ( 'NONE',  ( -0.9083088662063580898, -0.4183001357529306241, 0.000000000000000000 ) ) ;
#70 = CARTESIAN_POINT ( 'NONE',  ( -0.1223999999999998561, 0.01759999999999997330, -0.04199999999999999567 ) ) ;
#71 = EDGE_LOOP ( 'NONE', ( #226, #1226, #1447, #1239, #402, #1678, #634, #1627 ) ) ;
#72 = PLANE ( 'NONE',  #867 ) ;
#73 = VERTEX_POINT ( 'NONE', #1841 ) ;
#74 = ORIENTED_EDGE ( 'NONE', *, *, #561, .T. ) ;
#75 =( NAMED_UNIT ( * ) SI_UNIT ( $, .STERADIAN. ) SOLID_ANGLE_UNIT ( ) );
#76 = FILL_AREA_STYLE_COLOUR ( '', #1315 ) ;
#77 = DIRECTION ( 'NONE',  ( 0.000000000000000000, -0.000000000000000000, -1.000000000000000000 ) ) ;
#78 = EDGE_CURVE ( 'NONE', #1610, #1213, #1324, .T. ) ;
#79 = CARTESIAN_POINT ( 'NONE',  ( -0.03580800611913266540, 0.009999999999999910003, -0.002000000000000000042 ) ) ;
#80 = DIRECTION ( 'NONE',  ( -1.000000000000000000, -0.000000000000000000, 0.000000000000000000 ) ) ;
#81 = ADVANCED_FACE ( 'NONE', ( #700 ), #1653, .T. ) ;
#82 = ORIENTED_EDGE ( 'NONE', *, *, #33, .T. ) ;
#83 = AXIS2_PLACEMENT_3D ( 'NONE', #1775, #351, #1570 ) ;
#84 = VECTOR ( 'NONE', #641, 100.0000000000000000 ) ;
#85 = VECTOR ( 'NONE', #637, 100.0000000000000000 ) ;
#86 = AXIS2_PLACEMENT_3D ( 'NONE', #250, #1182, #1977 ) ;
#87 = DIRECTION ( 'NONE',  ( 0.000000000000000000, -0.000000000000000000, -1.000000000000000000 ) ) ;
#88 = ORIENTED_EDGE ( 'NONE', *, *, #54, .F. ) ;
#89 = ORIENTED_EDGE ( 'NONE', *, *, #958, .F. ) ;
#90 = SHAPE_DEFINITION_REPRESENTATION ( #941, #1328 ) ;
#91 = DIRECTION ( 'NONE',  ( 1.000000000000000000, -0.000000000000000000, 0.000000000000000000 ) ) ;
#92 = CARTESIAN_POINT ( 'NONE',  ( -0.1224999999999999284, 0.04999999999999996114, -0.04200000000000000955 ) ) ;
#93 = DIRECTION ( 'NONE',  ( -1.000000000000000000, -1.220369743911408430E-16, 0.000000000000000000 ) ) ;
#94 = ORIENTED_EDGE ( 'NONE', *, *, #947, .T. ) ;
#95 = ORIENTED_EDGE ( 'NONE', *, *, #673, .F. ) ;
#96 = EDGE_CURVE ( 'NONE', #1907, #2033, #872, .T. ) ;
#97 = CARTESIAN_POINT ( 'NONE',  ( -0.1060000000000000386, 0.01749999999999996697, -0.08000000000000000167 ) ) ;
#98 = ORIENTED_EDGE ( 'NONE', *, *, #1451, .F. ) ;
#99 = EDGE_LOOP ( 'NONE', ( #1452, #219, #1029, #1939, #430, #137 ) ) ;
#100 = CARTESIAN_POINT ( 'NONE',  ( 0.03711103237568708080, 0.004055520556294614498, -0.1029999999999999943 ) ) ;
#101 = DIRECTION ( 'NONE',  ( -0.1736048920929168793, -0.02232669334179436180, 0.9845622683232524430 ) ) ;
#102 = DIRECTION ( 'NONE',  ( 1.000000000000000000, 3.421060147118237660E-16, 0.000000000000000000 ) ) ;
#103 = DIRECTION ( 'NONE',  ( -0.000000000000000000, -0.000000000000000000, -1.000000000000000000 ) ) ;
#104 = ORIENTED_EDGE ( 'NONE', *, *, #1921, .T. ) ;
#105 = VERTEX_POINT ( 'NONE', #376 ) ;
#106 = PLANE ( 'NONE',  #1273 ) ;
#107 = EDGE_CURVE ( 'NONE', #272, #1916, #417, .T. ) ;
#108 = EDGE_LOOP ( 'NONE', ( #622, #1053, #1369, #551 ) ) ;
#109 = EDGE_CURVE ( 'NONE', #1204, #419, #1947, .T. ) ;
#110 = CARTESIAN_POINT ( 'NONE',  ( 0.1198999999999998262, 0.01760000000000006004, -0.04200000000000000955 ) ) ;
#111 = LINE ( 'NONE', #1231, #1097 ) ;
#112 = DIRECTION ( 'NONE',  ( -0.000000000000000000, 1.000000000000000000, 0.000000000000000000 ) ) ;
#113 = LINE ( 'NONE', #1095, #1078 ) ;
#114 = PRODUCT_DEFINITION_CONTEXT ( 'detailed design', #1394, 'design' ) ;
#115 = ORIENTED_EDGE ( 'NONE', *, *, #274, .F. ) ;
#116 = FILL_AREA_STYLE ('',( #920 ) ) ;
#117 = ORIENTED_EDGE ( 'NONE', *, *, #1196, .T. ) ;
#118 = CARTESIAN_POINT ( 'NONE',  ( -0.08012992831541211614, -0.06059394760614313785, -0.1200000000000000094 ) ) ;
#119 = VECTOR ( 'NONE', #1435, 100.0000000000000000 ) ;
#120 = PRODUCT_DEFINITION ( 'UNKNOWN', '', #847, #114 ) ;
#121 = ADVANCED_FACE ( 'NONE', ( #1202 ), #1346, .F. ) ;
#122 = SURFACE_STYLE_FILL_AREA ( #743 ) ;
#123 = DIRECTION ( 'NONE',  ( -0.4119452167755434657, -0.8945096135697506723, -0.1736481776669303312 ) ) ;
#124 = DIRECTION ( 'NONE',  ( 0.000000000000000000, 0.000000000000000000, 1.000000000000000000 ) ) ;
#125 = LINE ( 'NONE', #2028, #337 ) ;
#126 = ORIENTED_EDGE ( 'NONE', *, *, #1968, .T. ) ;
#127 = ORIENTED_EDGE ( 'NONE', *, *, #1417, .F. ) ;
#128 = CARTESIAN_POINT ( 'NONE',  ( 0.1398999999999998856, 0.05000000000000000278, -0.04200000000000000955 ) ) ;
#129 = EDGE_LOOP ( 'NONE', ( #750, #1646, #17, #1893 ) ) ;
#130 =( NAMED_UNIT ( * ) SI_UNIT ( $, .STERADIAN. ) SOLID_ANGLE_UNIT ( ) );
#131 = VECTOR ( 'NONE', #814, 100.0000000000000142 ) ;
#132 = AXIS2_PLACEMENT_3D ( 'NONE', #680, #1624, #28 ) ;
#133 = CARTESIAN_POINT ( 'NONE',  ( -0.1225000000000000117, 0.01749999999999998779, 0.000000000000000000 ) ) ;
#134 = EDGE_CURVE ( 'NONE', #1268, #64, #1024, .T. ) ;
#135 = PLANE ( 'NONE',  #1504 ) ;
#136 = CARTESIAN_POINT ( 'NONE',  ( 0.07600000000000001199, -4.878909776184769953E-17, -0.008000000000000000167 ) ) ;
#137 = ORIENTED_EDGE ( 'NONE', *, *, #585, .T. ) ;
#138 = CARTESIAN_POINT ( 'NONE',  ( 0.1140000000000000457, 0.01749999999999998085, -0.08000000000000000167 ) ) ;
#139 = EDGE_LOOP ( 'NONE', ( #1040, #730, #65, #307, #94, #898, #1852, #650, #1826, #126 ) ) ;
#140 = FILL_AREA_STYLE ('',( #1539 ) ) ;
#141 = COLOUR_RGB ( '',0.6470588235294117974, 0.6196078431372549211, 0.5882352941176470784 ) ;
#142 = DIRECTION ( 'NONE',  ( -0.000000000000000000, -0.000000000000000000, -1.000000000000000000 ) ) ;
#143 = CARTESIAN_POINT ( 'NONE',  ( -0.1223999999999998561, 0.01759999999999997330, -0.04200000000000000261 ) ) ;
#144 = CARTESIAN_POINT ( 'NONE',  ( 0.04000000000000029227, 0.07594447944370526227, -0.1030000000000000498 ) ) ;
#145 = ORIENTED_EDGE ( 'NONE', *, *, #1087, .T. ) ;
#146 = ORIENTED_EDGE ( 'NONE', *, *, #694, .T. ) ;
#147 = VERTEX_POINT ( 'NONE', #712 ) ;
#148 = ADVANCED_FACE ( 'NONE', ( #1482 ), #1360, .F. ) ;
#149 = CARTESIAN_POINT ( 'NONE',  ( 0.07600000000000002587, 0.02000000000000001082, -0.008000000000000000167 ) ) ;
#150 = CIRCLE ( 'NONE', #518, 0.02000000000000001082 ) ;
#151 = EDGE_CURVE ( 'NONE', #2042, #1891, #1192, .T. ) ;
#152 = LINE ( 'NONE', #2047, #1493 ) ;
#153 = VECTOR ( 'NONE', #58, 100.0000000000000000 ) ;
#154 = FACE_OUTER_BOUND ( 'NONE', #996, .T. ) ;
#155 = CARTESIAN_POINT ( 'NONE',  ( 0.1060000000000000109, 0.01749999999999999820, -0.08000000000000000167 ) ) ;
#156 = DIRECTION ( 'NONE',  ( 7.228014483236688667E-16, -1.000000000000000000, 0.000000000000000000 ) ) ;
#157 = LINE ( 'NONE', #800, #1881 ) ;
#158 = EDGE_LOOP ( 'NONE', ( #1767, #1141, #1076, #24 ) ) ;
#159 = EDGE_CURVE ( 'NONE', #849, #1326, #1798, .T. ) ;
#160 =( NAMED_UNIT ( * ) PLANE_ANGLE_UNIT ( ) SI_UNIT ( $, .RADIAN. ) );
#161 = PLANE ( 'NONE',  #1257 ) ;
#162 = FILL_AREA_STYLE_COLOUR ( '', #141 ) ;
#163 = DIRECTION ( 'NONE',  ( -1.000000000000000000, -1.224606353822377505E-16, 0.000000000000000000 ) ) ;
#164 = ORIENTED_EDGE ( 'NONE', *, *, #20, .F. ) ;
#165 = PLANE ( 'NONE',  #1780 ) ;
#166 = DIRECTION ( 'NONE',  ( 1.000000000000000000, 0.000000000000000000, 0.000000000000000000 ) ) ;
#167 = LINE ( 'NONE', #812, #740 ) ;
#168 = COLOUR_RGB ( '',0.6470588235294117974, 0.6196078431372549211, 0.5882352941176470784 ) ;
#169 = LINE ( 'NONE', #1587, #2011 ) ;
#170 = EDGE_LOOP ( 'NONE', ( #1050, #1873, #459, #1124 ) ) ;
#171 = EDGE_CURVE ( 'NONE', #778, #846, #570, .T. ) ;
#172 = DIRECTION ( 'NONE',  ( -0.000000000000000000, 0.000000000000000000, -1.000000000000000000 ) ) ;
#173 = SURFACE_STYLE_FILL_AREA ( #1284 ) ;
#174 = CARTESIAN_POINT ( 'NONE',  ( -0.1398999999999998578, 0.01999999999999992756, -0.04200000000000000955 ) ) ;
#175 = ORIENTED_EDGE ( 'NONE', *, *, #209, .F. ) ;
#176 = PLANE ( 'NONE',  #625 ) ;
#177 = FACE_OUTER_BOUND ( 'NONE', #37, .T. ) ;
#178 = MECHANICAL_DESIGN_GEOMETRIC_PRESENTATION_REPRESENTATION (  '', ( #714 ), #1514 ) ;
#179 = CARTESIAN_POINT ( 'NONE',  ( -0.1139999999999999902, 0.01749999999999997391, -0.08000000000000000167 ) ) ;
#180 = ORIENTED_EDGE ( 'NONE', *, *, #1196, .F. ) ;
#181 = AXIS2_PLACEMENT_3D ( 'NONE', #658, #638, #986 ) ;
#182 = EDGE_CURVE ( 'NONE', #1363, #1832, #631, .T. ) ;
#183 = VECTOR ( 'NONE', #1434, 100.0000000000000000 ) ;
#184 = PRESENTATION_STYLE_ASSIGNMENT (( #1609 ) ) ;
#185 = VECTOR ( 'NONE', #1859, 100.0000000000000000 ) ;
#186 = EDGE_CURVE ( 'NONE', #453, #466, #917, .T. ) ;
#187 = ORIENTED_EDGE ( 'NONE', *, *, #1059, .T. ) ;
#188 = DIRECTION ( 'NONE',  ( 0.2530277443935234905, -0.9674590226811292659, 0.000000000000000000 ) ) ;
#189 = LINE ( 'NONE', #652, #759 ) ;
#190 = CARTESIAN_POINT ( 'NONE',  ( -0.1198999999999998262, 0.01999999999999992756, -0.04200000000000000955 ) ) ;
#191 = DIRECTION ( 'NONE',  ( 0.2530277443935270987, 0.9674590226811282667, 0.000000000000000000 ) ) ;
#192 = ORIENTED_EDGE ( 'NONE', *, *, #1537, .F. ) ;
#193 = CARTESIAN_POINT ( 'NONE',  ( 0.07600000000000002587, 0.01749999999999998432, -0.08000000000000000167 ) ) ;
#194 = VERTEX_POINT ( 'NONE', #144 ) ;
#195 = DIRECTION ( 'NONE',  ( 0.000000000000000000, 1.000000000000000000, 0.000000000000000000 ) ) ;
#196 =( NAMED_UNIT ( * ) PLANE_ANGLE_UNIT ( ) SI_UNIT ( $, .RADIAN. ) );
#197 = EDGE_CURVE ( 'NONE', #849, #627, #928, .T. ) ;
#198 = CARTESIAN_POINT ( 'NONE',  ( -0.08012992831541211614, 0.02455307922833856529, -0.1200000000000000094 ) ) ;
#199 =( GEOMETRIC_REPRESENTATION_CONTEXT ( 3 ) GLOBAL_UNCERTAINTY_ASSIGNED_CONTEXT ( ( #372 ) ) GLOBAL_UNIT_ASSIGNED_CONTEXT ( ( #671, #1790, #1128 ) ) REPRESENTATION_CONTEXT ( 'NONE', 'WORKASPACE' ) );
#200 = CARTESIAN_POINT ( 'NONE',  ( 0.1198999999999998262, -1.490777987167568597E-17, -0.008000000000000000167 ) ) ;
#201 = ORIENTED_EDGE ( 'NONE', *, *, #564, .F. ) ;
#202 = VERTEX_POINT ( 'NONE', #136 ) ;
#203 = UNCERTAINTY_MEASURE_WITH_UNIT (LENGTH_MEASURE( 1.000000000000000082E-05 ), #931, 'distance_accuracy_value', 'NONE');
#204 = DIRECTION ( 'NONE',  ( -1.000000000000000000, -1.220369743911408430E-16, 0.000000000000000000 ) ) ;
#205 = CARTESIAN_POINT ( 'NONE',  ( 0.07600000000000005362, 0.01749999999999998085, -0.08000000000000000167 ) ) ;
#206 = FILL_AREA_STYLE ('',( #558 ) ) ;
#207 = DIRECTION ( 'NONE',  ( 1.000000000000000000, 0.000000000000000000, -0.000000000000000000 ) ) ;
#208 = EDGE_CURVE ( 'NONE', #1149, #1091, #296, .T. ) ;
#209 = EDGE_CURVE ( 'NONE', #1546, #1086, #1696, .T. ) ;
#210 = FACE_OUTER_BOUND ( 'NONE', #47, .T. ) ;
#211 = VERTEX_POINT ( 'NONE', #283 ) ;
#212 = STYLED_ITEM ( 'NONE', ( #267 ), #752 ) ;
#213 = DIRECTION ( 'NONE',  ( 0.000000000000000000, 0.1736481776669303867, -0.9848077530122080203 ) ) ;
#214 = CARTESIAN_POINT ( 'NONE',  ( 0.07600000000000001199, 0.01749999999999997738, -0.08000000000000000167 ) ) ;
#215 = DIRECTION ( 'NONE',  ( 0.000000000000000000, 0.000000000000000000, 1.000000000000000000 ) ) ;
#216 = DIRECTION ( 'NONE',  ( -0.000000000000000000, -0.000000000000000000, 1.000000000000000000 ) ) ;
#217 = VECTOR ( 'NONE', #91, 100.0000000000000000 ) ;
#218 = CARTESIAN_POINT ( 'NONE',  ( -0.1224999999999999145, 0.04999999999999994726, -0.008000000000000000167 ) ) ;
#219 = ORIENTED_EDGE ( 'NONE', *, *, #1559, .T. ) ;
#220 = ADVANCED_FACE ( 'NONE', ( #1266 ), #746, .F. ) ;
#221 = ORIENTED_EDGE ( 'NONE', *, *, #1911, .F. ) ;
#222 = DIRECTION ( 'NONE',  ( -0.9083088662063585339, 0.4183001357529298470, 0.000000000000000000 ) ) ;
#223 = DIRECTION ( 'NONE',  ( 0.000000000000000000, 0.000000000000000000, 1.000000000000000000 ) ) ;
#224 = DIRECTION ( 'NONE',  ( 0.9083088662063585339, -0.4183001357529299580, 0.000000000000000000 ) ) ;
#225 = DIRECTION ( 'NONE',  ( 1.000000000000000000, 0.000000000000000000, -0.000000000000000000 ) ) ;
#226 = ORIENTED_EDGE ( 'NONE', *, *, #1785, .T. ) ;
#227 =( GEOMETRIC_REPRESENTATION_CONTEXT ( 3 ) GLOBAL_UNCERTAINTY_ASSIGNED_CONTEXT ( ( #1478 ) ) GLOBAL_UNIT_ASSIGNED_CONTEXT ( ( #469, #160, #1299 ) ) REPRESENTATION_CONTEXT ( 'NONE', 'WORKASPACE' ) );
#228 = PRESENTATION_LAYER_ASSIGNMENT (  '', '', ( #868 ) ) ;
#229 = CARTESIAN_POINT ( 'NONE',  ( 0.1225000000000001921, 0.07999999999999998779, -0.07999999999999998779 ) ) ;
#230 = ORIENTED_EDGE ( 'NONE', *, *, #891, .T. ) ;
#231 = VERTEX_POINT ( 'NONE', #1872 ) ;
#232 = EDGE_CURVE ( 'NONE', #466, #1116, #113, .T. ) ;
#233 = VECTOR ( 'NONE', #1580, 100.0000000000000000 ) ;
#234 = EDGE_CURVE ( 'NONE', #957, #73, #305, .T. ) ;
#235 =( GEOMETRIC_REPRESENTATION_CONTEXT ( 3 ) GLOBAL_UNCERTAINTY_ASSIGNED_CONTEXT ( ( #1391 ) ) GLOBAL_UNIT_ASSIGNED_CONTEXT ( ( #1735, #1754, #342 ) ) REPRESENTATION_CONTEXT ( 'NONE', 'WORKASPACE' ) );
#236 = LINE ( 'NONE', #1488, #1936 ) ;
#237 = DIRECTION ( 'NONE',  ( -3.421060147118235687E-16, -1.000000000000000000, 0.000000000000000000 ) ) ;
#238 = PLANE ( 'NONE',  #398 ) ;
#239 = LINE ( 'NONE', #690, #1970 ) ;
#240 = ORIENTED_EDGE ( 'NONE', *, *, #1534, .F. ) ;
#241 = CARTESIAN_POINT ( 'NONE',  ( 0.1154469207716615764, 0.07999999999999998779, -0.1200000000000000372 ) ) ;
#242 = ORIENTED_EDGE ( 'NONE', *, *, #234, .F. ) ;
#243 = ORIENTED_EDGE ( 'NONE', *, *, #1042, .T. ) ;
#244 = VECTOR ( 'NONE', #924, 99.99999999999998579 ) ;
#245 = DIRECTION ( 'NONE',  ( 0.000000000000000000, 0.000000000000000000, 1.000000000000000000 ) ) ;
#246 = EDGE_CURVE ( 'NONE', #1503, #560, #2006, .T. ) ;
#247 = LINE ( 'NONE', #1199, #1680 ) ;
#248 = DIRECTION ( 'NONE',  ( 0.000000000000000000, -1.000000000000000000, 0.000000000000000000 ) ) ;
#249 = CARTESIAN_POINT ( 'NONE',  ( 0.1198999999999998262, 0.000000000000000000, -0.04200000000000000955 ) ) ;
#250 = CARTESIAN_POINT ( 'NONE',  ( -0.1224999999999998868, 0.07999999999999994615, -0.08000000000000000167 ) ) ;
#251 = ORIENTED_EDGE ( 'NONE', *, *, #1071, .F. ) ;
#252 = VECTOR ( 'NONE', #1479, 100.0000000000000000 ) ;
#253 = MECHANICAL_DESIGN_GEOMETRIC_PRESENTATION_REPRESENTATION (  '', ( #1682 ), #2037 ) ;
#254 = DIRECTION ( 'NONE',  ( -0.000000000000000000, 1.000000000000000000, 0.000000000000000000 ) ) ;
#255 = ORIENTED_EDGE ( 'NONE', *, *, #209, .T. ) ;
#256 = ORIENTED_EDGE ( 'NONE', *, *, #403, .T. ) ;
#257 = LINE ( 'NONE', #100, #1773 ) ;
#258 = LINE ( 'NONE', #946, #185 ) ;
#259 = LINE ( 'NONE', #427, #703 ) ;
#260 = DIRECTION ( 'NONE',  ( 0.000000000000000000, 0.000000000000000000, 1.000000000000000000 ) ) ;
#261 = ORIENTED_EDGE ( 'NONE', *, *, #1348, .T. ) ;
#262 = EDGE_CURVE ( 'NONE', #1207, #1184, #125, .T. ) ;
#263 = ORIENTED_EDGE ( 'NONE', *, *, #25, .T. ) ;
#264 = DIRECTION ( 'NONE',  ( -0.1328842257594711196, -0.1721081903887000664, 0.9760740511587391310 ) ) ;
#265 = VERTEX_POINT ( 'NONE', #1379 ) ;
#266 = LINE ( 'NONE', #1240, #1090 ) ;
#267 = PRESENTATION_STYLE_ASSIGNMENT (( #1693 ) ) ;
#268 = DIRECTION ( 'NONE',  ( 0.9083088662063589780, -0.4183001357529288478, 0.000000000000000000 ) ) ;
#269 = CARTESIAN_POINT ( 'NONE',  ( -0.09357542908762432610, 0.02455307922833858958, -0.1200000000000000094 ) ) ;
#270 =( NAMED_UNIT ( * ) SI_UNIT ( $, .STERADIAN. ) SOLID_ANGLE_UNIT ( ) );
#271 = MECHANICAL_DESIGN_GEOMETRIC_PRESENTATION_REPRESENTATION (  '', ( #370 ), #1337 ) ;
#272 = VERTEX_POINT ( 'NONE', #906 ) ;
#273 = DIRECTION ( 'NONE',  ( 0.000000000000000000, -0.000000000000000000, 1.000000000000000000 ) ) ;
#274 = EDGE_CURVE ( 'NONE', #1814, #1988, #601, .T. ) ;
#275 = ORIENTED_EDGE ( 'NONE', *, *, #1286, .F. ) ;
#276 = EDGE_CURVE ( 'NONE', #877, #1610, #1084, .T. ) ;
#277 = EDGE_CURVE ( 'NONE', #1907, #1618, #2017, .T. ) ;
#278 = ORIENTED_EDGE ( 'NONE', *, *, #1159, .F. ) ;
#279 = LINE ( 'NONE', #2001, #1248 ) ;
#280 = CARTESIAN_POINT ( 'NONE',  ( -0.07599999999999998423, -8.673617379884035472E-17, -0.008000000000000000167 ) ) ;
#281 = LINE ( 'NONE', #1421, #352 ) ;
#282 = CARTESIAN_POINT ( 'NONE',  ( -0.1154469207716612572, 0.07294692077166139987, -0.1200000000000000094 ) ) ;
#283 = CARTESIAN_POINT ( 'NONE',  ( 0.1154469207716614654, 0.05090707085006693916, -0.1200000000000000094 ) ) ;
#284 = ORIENTED_EDGE ( 'NONE', *, *, #1159, .T. ) ;
#285 = ORIENTED_EDGE ( 'NONE', *, *, #803, .T. ) ;
#286 = LINE ( 'NONE', #149, #1427 ) ;
#287 = VECTOR ( 'NONE', #512, 100.0000000000000000 ) ;
#288 = CIRCLE ( 'NONE', #556, 0.02000000000000001082 ) ;
#289 = VECTOR ( 'NONE', #93, 100.0000000000000000 ) ;
#290 = EDGE_LOOP ( 'NONE', ( #1692, #659, #299, #503, #411, #1835 ) ) ;
#291 = CARTESIAN_POINT ( 'NONE',  ( 0.03580800611913272091, 0.009999999999999923880, -0.002000000000000000042 ) ) ;
#292 = AXIS2_PLACEMENT_3D ( 'NONE', #1747, #966, #1288 ) ;
#293 = ADVANCED_FACE ( 'NONE', ( #1104 ), #1890, .T. ) ;
#294 = LINE ( 'NONE', #936, #85 ) ;
#295 = CARTESIAN_POINT ( 'NONE',  ( -0.1055000000000000104, 0.02749999999999998626, -0.002000000000000000042 ) ) ;
#296 = LINE ( 'NONE', #938, #1866 ) ;
#297 = EDGE_LOOP ( 'NONE', ( #1413, #127, #2041, #1729 ) ) ;
#298 = CARTESIAN_POINT ( 'NONE',  ( 0.1223999999999998561, 0.04961764705882271143, -0.04200000000000000955 ) ) ;
#299 = ORIENTED_EDGE ( 'NONE', *, *, #661, .F. ) ;
#300 = CARTESIAN_POINT ( 'NONE',  ( -0.03580800611913265152, 0.009999999999999906533, -0.002000000000000000042 ) ) ;
#301 = EDGE_CURVE ( 'NONE', #1981, #147, #310, .T. ) ;
#302 = AXIS2_PLACEMENT_3D ( 'NONE', #190, #506, #323 ) ;
#303 = DIRECTION ( 'NONE',  ( 1.000000000000000000, 0.000000000000000000, -0.000000000000000000 ) ) ;
#304 = LINE ( 'NONE', #1552, #1928 ) ;
#305 = LINE ( 'NONE', #767, #6 ) ;
#306 = ORIENTED_EDGE ( 'NONE', *, *, #831, .F. ) ;
#307 = ORIENTED_EDGE ( 'NONE', *, *, #1344, .F. ) ;
#308 = SURFACE_STYLE_USAGE ( .BOTH. , #982 ) ;
#309 = LINE ( 'NONE', #1274, #892 ) ;
#310 = LINE ( 'NONE', #482, #233 ) ;
#311 = EDGE_LOOP ( 'NONE', ( #1607, #1996, #1277, #1973 ) ) ;
#312 = ORIENTED_EDGE ( 'NONE', *, *, #1428, .T. ) ;
#313 = VERTEX_POINT ( 'NONE', #319 ) ;
#314 = FACE_OUTER_BOUND ( 'NONE', #901, .T. ) ;
#315 = EDGE_CURVE ( 'NONE', #1213, #1874, #819, .T. ) ;
#316 = AXIS2_PLACEMENT_3D ( 'NONE', #128, #1381, #273 ) ;
#317 = CARTESIAN_POINT ( 'NONE',  ( 0.1398999999999998856, 0.05000000000000000278, -0.04200000000000000955 ) ) ;
#318 = LINE ( 'NONE', #1743, #1597 ) ;
#319 = CARTESIAN_POINT ( 'NONE',  ( 0.1398999999999998578, 0.02000000000000001082, -0.04200000000000000955 ) ) ;
#320 = ORIENTED_EDGE ( 'NONE', *, *, #78, .T. ) ;
#321 = DIRECTION ( 'NONE',  ( -2.891205793294679017E-15, -1.000000000000000000, 0.000000000000000000 ) ) ;
#322 = DIRECTION ( 'NONE',  ( -0.2530277443935266546, -0.9674590226811283777, -0.000000000000000000 ) ) ;
#323 = DIRECTION ( 'NONE',  ( -1.000000000000000000, 0.000000000000000000, -0.000000000000000000 ) ) ;
#324 = EDGE_CURVE ( 'NONE', #1959, #1546, #1755, .T. ) ;
#325 = ADVANCED_FACE ( 'NONE', ( #798 ), #3, .T. ) ;
#326 = DIRECTION ( 'NONE',  ( 1.000000000000000000, 0.000000000000000000, 0.000000000000000000 ) ) ;
#327 = EDGE_LOOP ( 'NONE', ( #1515, #1054, #187, #240, #664, #2030 ) ) ;
#328 = VECTOR ( 'NONE', #87, 100.0000000000000000 ) ;
#329 = FACE_OUTER_BOUND ( 'NONE', #1566, .T. ) ;
#330 = CARTESIAN_POINT ( 'NONE',  ( -0.1198999999999998262, 0.01999999999999992756, -0.008000000000000000167 ) ) ;
#331 = DIRECTION ( 'NONE',  ( 0.000000000000000000, -1.000000000000000000, -0.000000000000000000 ) ) ;
#332 = ORIENTED_EDGE ( 'NONE', *, *, #42, .F. ) ;
#333 = LINE ( 'NONE', #1788, #350 ) ;
#334 = LINE ( 'NONE', #1673, #562 ) ;
#335 = ADVANCED_FACE ( 'NONE', ( #1912 ), #843, .T. ) ;
#336 = VECTOR ( 'NONE', #1060, 100.0000000000000000 ) ;
#337 = VECTOR ( 'NONE', #1234, 100.0000000000000000 ) ;
#338 = AXIS2_PLACEMENT_3D ( 'NONE', #5, #1902, #166 ) ;
#339 = CARTESIAN_POINT ( 'NONE',  ( 0.03800000000000006845, -7.041970150332756611E-17, -0.08000000000000000167 ) ) ;
#340 = VERTEX_POINT ( 'NONE', #991 ) ;
#341 = ADVANCED_FACE ( 'NONE', ( #967 ), #1455, .F. ) ;
#342 =( NAMED_UNIT ( * ) SI_UNIT ( $, .STERADIAN. ) SOLID_ANGLE_UNIT ( ) );
#343 = ORIENTED_EDGE ( 'NONE', *, *, #1774, .T. ) ;
#344 = LINE ( 'NONE', #997, #888 ) ;
#345 = DIRECTION ( 'NONE',  ( -0.000000000000000000, -1.000000000000000000, -0.000000000000000000 ) ) ;
#346 = CARTESIAN_POINT ( 'NONE',  ( -0.03711103237568697671, 0.004055520556294604957, -0.1030000000000000082 ) ) ;
#347 = AXIS2_PLACEMENT_3D ( 'NONE', #1557, #1855, #435 ) ;
#348 = EDGE_LOOP ( 'NONE', ( #1529, #533, #1868, #1125 ) ) ;
#349 = COLOUR_RGB ( '',0.7921568627450980005, 0.8196078431372548767, 0.9333333333333333481 ) ;
#350 = VECTOR ( 'NONE', #1005, 100.0000000000000000 ) ;
#351 = DIRECTION ( 'NONE',  ( 1.000000000000000000, -0.000000000000000000, 0.000000000000000000 ) ) ;
#352 = VECTOR ( 'NONE', #1264, 100.0000000000000000 ) ;
#353 = VECTOR ( 'NONE', #1501, 99.99999999999998579 ) ;
#354 = ORIENTED_EDGE ( 'NONE', *, *, #636, .T. ) ;
#355 = CARTESIAN_POINT ( 'NONE',  ( 0.1225000000000000672, 0.05000000000000000278, -0.04200000000000000955 ) ) ;
#356 = LINE ( 'NONE', #1778, #386 ) ;
#357 = CARTESIAN_POINT ( 'NONE',  ( -0.07599999999999998423, 0.02102500218510037003, -0.08000000000000000167 ) ) ;
#358 = FACE_OUTER_BOUND ( 'NONE', #1892, .T. ) ;
#359 = ORIENTED_EDGE ( 'NONE', *, *, #1887, .T. ) ;
#360 = EDGE_CURVE ( 'NONE', #1204, #1503, #1136, .T. ) ;
#361 = DIRECTION ( 'NONE',  ( 1.000000000000000000, -7.228014483236699514E-16, 0.000000000000000000 ) ) ;
#362 = ORIENTED_EDGE ( 'NONE', *, *, #1511, .T. ) ;
#363 = EDGE_CURVE ( 'NONE', #1339, #340, #837, .T. ) ;
#364 = FACE_OUTER_BOUND ( 'NONE', #369, .T. ) ;
#365 = SURFACE_STYLE_USAGE ( .BOTH. , #642 ) ;
#366 =( NAMED_UNIT ( * ) SI_UNIT ( $, .STERADIAN. ) SOLID_ANGLE_UNIT ( ) );
#367 = DIRECTION ( 'NONE',  ( 1.513910281514112781E-16, -1.000000000000000000, 0.000000000000000000 ) ) ;
#368 = CARTESIAN_POINT ( 'NONE',  ( -0.07599999999999998423, 0.01749999999999996350, 0.000000000000000000 ) ) ;
#369 = EDGE_LOOP ( 'NONE', ( #617, #230, #1950, #89, #566 ) ) ;
#370 = STYLED_ITEM ( 'NONE', ( #978 ), #1232 ) ;
#371 = FILL_AREA_STYLE ('',( #392 ) ) ;
#372 = UNCERTAINTY_MEASURE_WITH_UNIT (LENGTH_MEASURE( 1.000000000000000082E-05 ), #671, 'distance_accuracy_value', 'NONE');
#373 = DIRECTION ( 'NONE',  ( -1.220369743911408430E-16, 1.000000000000000000, 0.000000000000000000 ) ) ;
#374 = FACE_OUTER_BOUND ( 'NONE', #99, .T. ) ;
#375 = DIRECTION ( 'NONE',  ( -0.4183001357529299580, -0.9083088662063585339, 0.000000000000000000 ) ) ;
#376 = CARTESIAN_POINT ( 'NONE',  ( -0.1055000000000000659, 0.06999999999999999278, -0.002000000000000000042 ) ) ;
#377 = DIRECTION ( 'NONE',  ( -0.3900671976312706790, -4.776787686369430838E-17, 0.9207863928903854411 ) ) ;
#378 = ORIENTED_EDGE ( 'NONE', *, *, #1632, .T. ) ;
#379 = EDGE_LOOP ( 'NONE', ( #1010, #1085, #95, #1713 ) ) ;
#380 =( GEOMETRIC_REPRESENTATION_CONTEXT ( 3 ) GLOBAL_UNCERTAINTY_ASSIGNED_CONTEXT ( ( #452 ) ) GLOBAL_UNIT_ASSIGNED_CONTEXT ( ( #1619, #1329, #676 ) ) REPRESENTATION_CONTEXT ( 'NONE', 'WORKASPACE' ) );
#381 = PLANE ( 'NONE',  #1155 ) ;
#382 = DIRECTION ( 'NONE',  ( -0.000000000000000000, -0.000000000000000000, -1.000000000000000000 ) ) ;
#383 = DIRECTION ( 'NONE',  ( 1.000000000000000000, 5.706327223607916569E-16, 0.000000000000000000 ) ) ;
#384 = CARTESIAN_POINT ( 'NONE',  ( -0.03799999999999997824, -8.673571170255864308E-17, -0.08000000000000000167 ) ) ;
#385 = ORIENTED_EDGE ( 'NONE', *, *, #1836, .F. ) ;
#386 = VECTOR ( 'NONE', #14, 100.0000000000000142 ) ;
#387 = EDGE_CURVE ( 'NONE', #2018, #265, #1314, .T. ) ;
#388 = DIRECTION ( 'NONE',  ( -1.000000000000000000, -0.000000000000000000, 0.000000000000000000 ) ) ;
#389 = ADVANCED_FACE ( 'NONE', ( #851 ), #1306, .T. ) ;
#390 = ORIENTED_EDGE ( 'NONE', *, *, #1283, .F. ) ;
#391 = ORIENTED_EDGE ( 'NONE', *, *, #234, .T. ) ;
#392 = FILL_AREA_STYLE_COLOUR ( '', #349 ) ;
#393 = CARTESIAN_POINT ( 'NONE',  ( 0.07380800611913264364, 0.02749999999999998626, -0.002000000000000000042 ) ) ;
#394 = DIRECTION ( 'NONE',  ( -1.000000000000000000, -1.187679953938401591E-16, 2.094200203259271327E-17 ) ) ;
#395 = LINE ( 'NONE', #1211, #2036 ) ;
#396 = ORIENTED_EDGE ( 'NONE', *, *, #1799, .T. ) ;
#397 = VECTOR ( 'NONE', #1026, 100.0000000000000000 ) ;
#398 = AXIS2_PLACEMENT_3D ( 'NONE', #1561, #905, #1860 ) ;
#399 = CARTESIAN_POINT ( 'NONE',  ( 0.07599999999999998423, -5.782411586589356160E-17, -0.08000000000000000167 ) ) ;
#400 = VECTOR ( 'NONE', #643, 100.0000000000000000 ) ;
#401 = ORIENTED_EDGE ( 'NONE', *, *, #1837, .T. ) ;
#402 = ORIENTED_EDGE ( 'NONE', *, *, #1896, .T. ) ;
#403 = EDGE_CURVE ( 'NONE', #911, #468, #167, .T. ) ;
#404 = APPLICATION_PROTOCOL_DEFINITION ( 'draft international standard', 'automotive_design', 1998, #1394 ) ;
#405 = CARTESIAN_POINT ( 'NONE',  ( -0.1198999999999998262, -8.673617379884035472E-17, -0.008000000000000000167 ) ) ;
#406 = SURFACE_STYLE_USAGE ( .BOTH. , #1359 ) ;
#407 = DIRECTION ( 'NONE',  ( 0.000000000000000000, 0.000000000000000000, -1.000000000000000000 ) ) ;
#408 = ORIENTED_EDGE ( 'NONE', *, *, #276, .T. ) ;
#409 = FACE_OUTER_BOUND ( 'NONE', #465, .T. ) ;
#410 = VERTEX_POINT ( 'NONE', #1147 ) ;
#411 = ORIENTED_EDGE ( 'NONE', *, *, #1238, .F. ) ;
#412 = COLOUR_RGB ( '',0.6470588235294117974, 0.6196078431372549211, 0.5882352941176470784 ) ;
#413 = ADVANCED_FACE ( 'NONE', ( #1927 ), #980, .F. ) ;
#414 = LINE ( 'NONE', #858, #252 ) ;
#415 = PLANE ( 'NONE',  #830 ) ;
#416 = DIRECTION ( 'NONE',  ( -0.9527611462579895774, -0.2491836844059339418, -0.1736481776669304145 ) ) ;
#417 = LINE ( 'NONE', #1049, #353 ) ;
#418 = ORIENTED_EDGE ( 'NONE', *, *, #844, .T. ) ;
#419 = VERTEX_POINT ( 'NONE', #346 ) ;
#420 = PRESENTATION_LAYER_ASSIGNMENT (  '', '', ( #1585 ) ) ;
#421 = FACE_OUTER_BOUND ( 'NONE', #311, .T. ) ;
#422 = ORIENTED_EDGE ( 'NONE', *, *, #277, .F. ) ;
#423 = DIRECTION ( 'NONE',  ( 1.000000000000000000, -2.853163611803958284E-16, 0.000000000000000000 ) ) ;
#424 = PLANE ( 'NONE',  #1576 ) ;
#425 = CARTESIAN_POINT ( 'NONE',  ( -0.03799999999999995048, -8.673617379884035472E-17, -0.08000000000000000167 ) ) ;
#426 = EDGE_CURVE ( 'NONE', #1207, #1261, #1154, .T. ) ;
#427 = CARTESIAN_POINT ( 'NONE',  ( -0.1224999999999998868, 0.07294692077166134436, -0.1200000000000000094 ) ) ;
#428 = CARTESIAN_POINT ( 'NONE',  ( 0.03580800611913265152, 0.009999999999999918676, -0.002000000000000000042 ) ) ;
#429 = ADVANCED_FACE ( 'NONE', ( #177 ), #1779, .F. ) ;
#430 = ORIENTED_EDGE ( 'NONE', *, *, #1451, .T. ) ;
#431 = FILL_AREA_STYLE_COLOUR ( '', #1319 ) ;
#432 = ORIENTED_EDGE ( 'NONE', *, *, #171, .T. ) ;
#433 = DIRECTION ( 'NONE',  ( -0.9674590226811291549, -0.2530277443935243786, 0.000000000000000000 ) ) ;
#434 = ORIENTED_EDGE ( 'NONE', *, *, #762, .T. ) ;
#435 = DIRECTION ( 'NONE',  ( 0.000000000000000000, 0.000000000000000000, -1.000000000000000000 ) ) ;
#436 = DIRECTION ( 'NONE',  ( 0.000000000000000000, -0.000000000000000000, -1.000000000000000000 ) ) ;
#437 = LINE ( 'NONE', #1251, #995 ) ;
#438 = AXIS2_PLACEMENT_3D ( 'NONE', #1840, #2005, #124 ) ;
#439 = FACE_OUTER_BOUND ( 'NONE', #581, .T. ) ;
#440 = DIRECTION ( 'NONE',  ( -2.804025271213577693E-15, -1.000000000000000000, -4.944253099033249836E-16 ) ) ;
#441 = AXIS2_PLACEMENT_3D ( 'NONE', #1861, #1243, #1069 ) ;
#442 = AXIS2_PLACEMENT_3D ( 'NONE', #1227, #433, #749 ) ;
#443 = ORIENTED_EDGE ( 'NONE', *, *, #1042, .F. ) ;
#444 = DIRECTION ( 'NONE',  ( -0.1328842257594710641, 0.1721081903886999831, -0.9760740511587391310 ) ) ;
#445 = EDGE_CURVE ( 'NONE', #1932, #202, #286, .T. ) ;
#446 = ORIENTED_EDGE ( 'NONE', *, *, #1714, .F. ) ;
#447 = PLANE ( 'NONE',  #488 ) ;
#448 = COLOUR_RGB ( '',1.000000000000000000, 1.000000000000000000, 1.000000000000000000 ) ;
#449 = DIRECTION ( 'NONE',  ( 0.000000000000000000, -0.000000000000000000, -1.000000000000000000 ) ) ;
#450 = CARTESIAN_POINT ( 'NONE',  ( 0.1225000000000000672, 0.05000000000000000278, -0.08000000000000000167 ) ) ;
#451 = SURFACE_SIDE_STYLE ('',( #1222 ) ) ;
#452 = UNCERTAINTY_MEASURE_WITH_UNIT (LENGTH_MEASURE( 1.000000000000000082E-05 ), #1619, 'distance_accuracy_value', 'NONE');
#453 = VERTEX_POINT ( 'NONE', #298 ) ;
#454 = VECTOR ( 'NONE', #1898, 100.0000000000000000 ) ;
#455 = VECTOR ( 'NONE', #1012, 100.0000000000000000 ) ;
#456 = ADVANCED_FACE ( 'NONE', ( #1997 ), #1426, .T. ) ;
#457 = VECTOR ( 'NONE', #1102, 100.0000000000000000 ) ;
#458 = VECTOR ( 'NONE', #1524, 100.0000000000000000 ) ;
#459 = ORIENTED_EDGE ( 'NONE', *, *, #1208, .F. ) ;
#460 = EDGE_CURVE ( 'NONE', #1476, #2018, #1118, .T. ) ;
#461 = LINE ( 'NONE', #774, #244 ) ;
#462 = CARTESIAN_POINT ( 'NONE',  ( -0.07599999999999998423, -8.673617379884035472E-17, -0.08000000000000000167 ) ) ;
#463 = PLANE ( 'NONE',  #67 ) ;
#464 = DIRECTION ( 'NONE',  ( -0.000000000000000000, 0.000000000000000000, 1.000000000000000000 ) ) ;
#465 = EDGE_LOOP ( 'NONE', ( #1922, #1134, #1364, #312, #541, #1949, #2043, #1572, #1143, #1177, #1351, #1620 ) ) ;
#466 = VERTEX_POINT ( 'NONE', #1885 ) ;
#467 = DIRECTION ( 'NONE',  ( -0.1736481776669303867, 0.000000000000000000, -0.9848077530122080203 ) ) ;
#468 = VERTEX_POINT ( 'NONE', #1259 ) ;
#469 =( LENGTH_UNIT ( ) NAMED_UNIT ( * ) SI_UNIT ( .CENTI., .METRE. ) );
#470 = DIRECTION ( 'NONE',  ( -0.000000000000000000, -0.000000000000000000, -1.000000000000000000 ) ) ;
#471 = CARTESIAN_POINT ( 'NONE',  ( 0.1055000000000000659, 0.01749999999999997391, 0.000000000000000000 ) ) ;
#472 = FILL_AREA_STYLE ('',( #1412 ) ) ;
#473 = ORIENTED_EDGE ( 'NONE', *, *, #107, .F. ) ;
#474 = ORIENTED_EDGE ( 'NONE', *, *, #834, .T. ) ;
#475 = ORIENTED_EDGE ( 'NONE', *, *, #1511, .F. ) ;
#476 = FACE_OUTER_BOUND ( 'NONE', #108, .T. ) ;
#477 = MECHANICAL_DESIGN_GEOMETRIC_PRESENTATION_REPRESENTATION (  '', ( #1547 ), #1044 ) ;
#478 = CARTESIAN_POINT ( 'NONE',  ( 0.1055000000000000659, 0.02749999999999997932, -0.002000000000000000042 ) ) ;
#479 = CARTESIAN_POINT ( 'NONE',  ( 0.1055000000000000659, 0.02749999999999997585, -0.002000000000000000042 ) ) ;
#480 = ADVANCED_FACE ( 'NONE', ( #476 ), #1863, .F. ) ;
#481 = CARTESIAN_POINT ( 'NONE',  ( 0.1140000000000000457, 0.01750000000000000167, -0.008000000000000000167 ) ) ;
#482 = CARTESIAN_POINT ( 'NONE',  ( 0.1225000000000000672, 0.04999999999999998196, -0.008000000000000000167 ) ) ;
#483 = EDGE_LOOP ( 'NONE', ( #623, #1884, #1982, #1424 ) ) ;
#484 = ORIENTED_EDGE ( 'NONE', *, *, #844, .F. ) ;
#485 = EDGE_CURVE ( 'NONE', #105, #2042, #1851, .T. ) ;
#486 = CARTESIAN_POINT ( 'NONE',  ( -0.1224999999999999284, 0.04999999999999996114, -0.08000000000000000167 ) ) ;
#487 = DIRECTION ( 'NONE',  ( 1.426581805901979389E-16, -1.000000000000000000, 0.000000000000000000 ) ) ;
#488 = AXIS2_PLACEMENT_3D ( 'NONE', #912, #1878, #1704 ) ;
#489 = FILL_AREA_STYLE_COLOUR ( '', #1567 ) ;
#490 = DIRECTION ( 'NONE',  ( 0.000000000000000000, 0.000000000000000000, 1.000000000000000000 ) ) ;
#491 = VECTOR ( 'NONE', #1984, 100.0000000000000000 ) ;
#492 = DIRECTION ( 'NONE',  ( -0.4183001357529291808, -0.9083088662063589780, 0.000000000000000000 ) ) ;
#493 =( NAMED_UNIT ( * ) PLANE_ANGLE_UNIT ( ) SI_UNIT ( $, .RADIAN. ) );
#494 = ORIENTED_EDGE ( 'NONE', *, *, #909, .T. ) ;
#495 = EDGE_CURVE ( 'NONE', #632, #1002, #952, .T. ) ;
#496 = CARTESIAN_POINT ( 'NONE',  ( -0.03580800611913266540, 0.009999999999999910003, -0.002000000000000000042 ) ) ;
#497 = CYLINDRICAL_SURFACE ( 'NONE', #338, 0.02000000000000001082 ) ;
#498 = ADVANCED_FACE ( 'NONE', ( #314 ), #1575, .T. ) ;
#499 = ORIENTED_EDGE ( 'NONE', *, *, #387, .F. ) ;
#500 = VECTOR ( 'NONE', #1606, 100.0000000000000000 ) ;
#501 = COLOUR_RGB ( '',0.6470588235294117974, 0.6196078431372549211, 0.5882352941176470784 ) ;
#502 = LINE ( 'NONE', #1142, #1611 ) ;
#503 = ORIENTED_EDGE ( 'NONE', *, *, #934, .T. ) ;
#504 = LINE ( 'NONE', #1746, #1056 ) ;
#505 = LINE ( 'NONE', #842, #1129 ) ;
#506 = DIRECTION ( 'NONE',  ( 0.000000000000000000, 0.000000000000000000, -1.000000000000000000 ) ) ;
#507 = AXIS2_PLACEMENT_3D ( 'NONE', #330, #1579, #1292 ) ;
#508 = ADVANCED_FACE ( 'NONE', ( #770 ), #1405, .T. ) ;
#509 = DIRECTION ( 'NONE',  ( -0.000000000000000000, 1.000000000000000000, 0.000000000000000000 ) ) ;
#510 = ORIENTED_EDGE ( 'NONE', *, *, #1318, .T. ) ;
#511 = VECTOR ( 'NONE', #102, 100.0000000000000000 ) ;
#512 = DIRECTION ( 'NONE',  ( 0.000000000000000000, -1.000000000000000000, -0.000000000000000000 ) ) ;
#513 = ORIENTED_EDGE ( 'NONE', *, *, #1320, .F. ) ;
#514 = LINE ( 'NONE', #527, #84 ) ;
#515 = DIRECTION ( 'NONE',  ( -0.000000000000000000, 0.000000000000000000, 1.000000000000000000 ) ) ;
#516 = DIRECTION ( 'NONE',  ( -1.000000000000000000, 0.000000000000000000, 0.000000000000000000 ) ) ;
#517 = COLOUR_RGB ( '',0.6470588235294117974, 0.6196078431372549211, 0.5882352941176470784 ) ;
#518 = AXIS2_PLACEMENT_3D ( 'NONE', #1376, #1992, #589 ) ;
#519 = CARTESIAN_POINT ( 'NONE',  ( -0.03580800611913265152, 0.009999999999999906533, -0.002000000000000000042 ) ) ;
#520 = ORIENTED_EDGE ( 'NONE', *, *, #1968, .F. ) ;
#521 = EDGE_CURVE ( 'NONE', #1193, #2029, #660, .T. ) ;
#522 = EDGE_CURVE ( 'NONE', #340, #1503, #514, .T. ) ;
#523 = VECTOR ( 'NONE', #1322, 100.0000000000000000 ) ;
#524 = EDGE_LOOP ( 'NONE', ( #873, #343, #1495, #1433 ) ) ;
#525 = UNCERTAINTY_MEASURE_WITH_UNIT (LENGTH_MEASURE( 1.000000000000000082E-05 ), #894, 'distance_accuracy_value', 'NONE');
#526 = VECTOR ( 'NONE', #1545, 100.0000000000000000 ) ;
#527 = CARTESIAN_POINT ( 'NONE',  ( 0.03800000000000006845, -7.047314121155778821E-17, -0.08000000000000000167 ) ) ;
#528 = LINE ( 'NONE', #1789, #657 ) ;
#529 = PRESENTATION_STYLE_ASSIGNMENT (( #1760 ) ) ;
#530 = CARTESIAN_POINT ( 'NONE',  ( 0.1060000000000000109, -2.891205793294678080E-17, -0.08000000000000000167 ) ) ;
#531 = EDGE_LOOP ( 'NONE', ( #255, #886, #1886, #865, #1310, #683 ) ) ;
#532 = ADVANCED_FACE ( 'NONE', ( #364 ), #1777, .F. ) ;
#533 = ORIENTED_EDGE ( 'NONE', *, *, #495, .T. ) ;
#534 = CARTESIAN_POINT ( 'NONE',  ( 0.1398999999999998578, 0.02000000000000001082, -0.008000000000000000167 ) ) ;
#535 = DIRECTION ( 'NONE',  ( 0.000000000000000000, 0.000000000000000000, 1.000000000000000000 ) ) ;
#536 = DIRECTION ( 'NONE',  ( 0.000000000000000000, 0.000000000000000000, 1.000000000000000000 ) ) ;
#537 = CARTESIAN_POINT ( 'NONE',  ( -0.07599999999999998423, 0.01749999999999996003, -0.08000000000000000167 ) ) ;
#538 = LINE ( 'NONE', #1483, #1079 ) ;
#539 = VERTEX_POINT ( 'NONE', #1287 ) ;
#540 = VECTOR ( 'NONE', #1736, 100.0000000000000000 ) ;
#541 = ORIENTED_EDGE ( 'NONE', *, *, #107, .T. ) ;
#542 = APPLICATION_PROTOCOL_DEFINITION ( 'draft international standard', 'automotive_design', 1998, #66 ) ;
#543 = FACE_OUTER_BOUND ( 'NONE', #582, .T. ) ;
#544 = DIRECTION ( 'NONE',  ( -1.000000000000000000, 0.000000000000000000, 0.000000000000000000 ) ) ;
#545 = EDGE_CURVE ( 'NONE', #272, #2033, #1612, .T. ) ;
#546 = PLANE ( 'NONE',  #969 ) ;
#547 = LINE ( 'NONE', #895, #23 ) ;
#548 = EDGE_CURVE ( 'NONE', #1380, #419, #809, .T. ) ;
#549 = PLANE ( 'NONE',  #771 ) ;
#550 = ORIENTED_EDGE ( 'NONE', *, *, #1940, .T. ) ;
#551 = ORIENTED_EDGE ( 'NONE', *, *, #151, .F. ) ;
#552 =( GEOMETRIC_REPRESENTATION_CONTEXT ( 3 ) GLOBAL_UNCERTAINTY_ASSIGNED_CONTEXT ( ( #1244 ) ) GLOBAL_UNIT_ASSIGNED_CONTEXT ( ( #1784, #1470, #1931 ) ) REPRESENTATION_CONTEXT ( 'NONE', 'WORKASPACE' ) );
#553 = DIRECTION ( 'NONE',  ( 0.4119452167755446315, -0.8945096135697502282, -0.1736481776669304422 ) ) ;
#554 = DIRECTION ( 'NONE',  ( 1.000000000000000000, 0.000000000000000000, -0.000000000000000000 ) ) ;
#555 = CARTESIAN_POINT ( 'NONE',  ( 0.1140261538461539020, 0.01760000000000007045, -0.04200000000000000955 ) ) ;
#556 = AXIS2_PLACEMENT_3D ( 'NONE', #2014, #1560, #1067 ) ;
#557 = VECTOR ( 'NONE', #80, 100.0000000000000000 ) ;
#558 = FILL_AREA_STYLE_COLOUR ( '', #501 ) ;
#559 = CARTESIAN_POINT ( 'NONE',  ( -0.1224999999999999284, 0.04999999999999996114, -0.08000000000000000167 ) ) ;
#560 = VERTEX_POINT ( 'NONE', #1304 ) ;
#561 = EDGE_CURVE ( 'NONE', #717, #1268, #504, .T. ) ;
#562 = VECTOR ( 'NONE', #1829, 100.0000000000000000 ) ;
#563 = EDGE_CURVE ( 'NONE', #2024, #1019, #1152, .T. ) ;
#564 = EDGE_CURVE ( 'NONE', #1988, #1476, #1757, .T. ) ;
#565 = DIRECTION ( 'NONE',  ( 0.000000000000000000, 0.1736481776669303867, -0.9848077530122080203 ) ) ;
#566 = ORIENTED_EDGE ( 'NONE', *, *, #182, .F. ) ;
#567 = ORIENTED_EDGE ( 'NONE', *, *, #363, .F. ) ;
#568 = PLANE ( 'NONE',  #1879 ) ;
#569 = PLANE ( 'NONE',  #1647 ) ;
#570 = LINE ( 'NONE', #1831, #1439 ) ;
#571 = ORIENTED_EDGE ( 'NONE', *, *, #20, .T. ) ;
#572 = LINE ( 'NONE', #1833, #644 ) ;
#573 = PRESENTATION_LAYER_ASSIGNMENT (  '', '', ( #1730 ) ) ;
#574 = ORIENTED_EDGE ( 'NONE', *, *, #9, .T. ) ;
#575 = EDGE_CURVE ( 'NONE', #1546, #1556, #835, .T. ) ;
#576 = ORIENTED_EDGE ( 'NONE', *, *, #1247, .T. ) ;
#577 =( NAMED_UNIT ( * ) PLANE_ANGLE_UNIT ( ) SI_UNIT ( $, .RADIAN. ) );
#578 = DIRECTION ( 'NONE',  ( -0.000000000000000000, 0.000000000000000000, 1.000000000000000000 ) ) ;
#579 = PLANE ( 'NONE',  #1409 ) ;
#580 = DIRECTION ( 'NONE',  ( 0.000000000000000000, -1.000000000000000000, -0.000000000000000000 ) ) ;
#581 = EDGE_LOOP ( 'NONE', ( #175, #1349, #1590, #1656 ) ) ;
#582 = EDGE_LOOP ( 'NONE', ( #1404, #82, #30, #1340 ) ) ;
#583 = DIRECTION ( 'NONE',  ( 0.000000000000000000, 0.000000000000000000, 1.000000000000000000 ) ) ;
#584 = VERTEX_POINT ( 'NONE', #1144 ) ;
#585 = EDGE_CURVE ( 'NONE', #668, #815, #333, .T. ) ;
#586 = CARTESIAN_POINT ( 'NONE',  ( 0.1154469207716615625, 0.07294692077166138600, -0.1200000000000000094 ) ) ;
#587 = PRESENTATION_LAYER_ASSIGNMENT (  '', '', ( #1637 ) ) ;
#588 = ADVANCED_FACE ( 'NONE', ( #802 ), #176, .T. ) ;
#589 = DIRECTION ( 'NONE',  ( 1.000000000000000000, 0.000000000000000000, 0.000000000000000000 ) ) ;
#590 = PLANE ( 'NONE',  #626 ) ;
#591 = LINE ( 'NONE', #916, #876 ) ;
#592 = CARTESIAN_POINT ( 'NONE',  ( 0.1223999999999998561, 0.04961764705882271143, -0.08000000000000000167 ) ) ;
#593 = ORIENTED_EDGE ( 'NONE', *, *, #1286, .T. ) ;
#594 = DIRECTION ( 'NONE',  ( 1.020425574104003605E-15, -1.000000000000000000, 0.000000000000000000 ) ) ;
#595 = VERTEX_POINT ( 'NONE', #355 ) ;
#596 = VECTOR ( 'NONE', #444, 100.0000000000000000 ) ;
#597 = DIRECTION ( 'NONE',  ( -2.853163611803958284E-16, -1.000000000000000000, 0.000000000000000000 ) ) ;
#598 = ORIENTED_EDGE ( 'NONE', *, *, #1823, .F. ) ;
#599 = SURFACE_STYLE_FILL_AREA ( #140 ) ;
#600 = FACE_OUTER_BOUND ( 'NONE', #1850, .T. ) ;
#601 = LINE ( 'NONE', #1400, #704 ) ;
#602 = ORIENTED_EDGE ( 'NONE', *, *, #563, .T. ) ;
#603 = SURFACE_STYLE_USAGE ( .BOTH. , #2008 ) ;
#604 = VECTOR ( 'NONE', #1119, 99.99999999999998579 ) ;
#605 = ORIENTED_EDGE ( 'NONE', *, *, #360, .T. ) ;
#606 = FACE_OUTER_BOUND ( 'NONE', #975, .T. ) ;
#607 = AXIS2_PLACEMENT_3D ( 'NONE', #174, #955, #156 ) ;
#608 = LINE ( 'NONE', #1241, #829 ) ;
#609 = VECTOR ( 'NONE', #1367, 100.0000000000000000 ) ;
#610 = CARTESIAN_POINT ( 'NONE',  ( -0.1055000000000000104, 0.009999999999999906533, -0.002000000000000000042 ) ) ;
#611 = CARTESIAN_POINT ( 'NONE',  ( -0.1140261538461538465, 0.01759999999999997330, -0.08000000000000000167 ) ) ;
#612 = PRESENTATION_LAYER_ASSIGNMENT (  '', '', ( #979 ) ) ;
#613 = ORIENTED_EDGE ( 'NONE', *, *, #208, .T. ) ;
#614 = ORIENTED_EDGE ( 'NONE', *, *, #834, .F. ) ;
#615 = ADVANCED_FACE ( 'NONE', ( #965 ), #165, .T. ) ;
#616 = EDGE_CURVE ( 'NONE', #1326, #692, #344, .T. ) ;
#617 = ORIENTED_EDGE ( 'NONE', *, *, #1272, .F. ) ;
#618 = DIRECTION ( 'NONE',  ( 0.000000000000000000, -0.000000000000000000, -1.000000000000000000 ) ) ;
#619 = VECTOR ( 'NONE', #761, 100.0000000000000000 ) ;
#620 = CARTESIAN_POINT ( 'NONE',  ( 0.07600000000000005362, 0.01749999999999998432, 0.000000000000000000 ) ) ;
#621 = DIRECTION ( 'NONE',  ( 0.000000000000000000, -0.000000000000000000, 1.000000000000000000 ) ) ;
#622 = ORIENTED_EDGE ( 'NONE', *, *, #485, .F. ) ;
#623 = ORIENTED_EDGE ( 'NONE', *, *, #403, .F. ) ;
#624 = CARTESIAN_POINT ( 'NONE',  ( -0.09357542908762432610, 0.02455307922833856876, -0.1200000000000000094 ) ) ;
#625 = AXIS2_PLACEMENT_3D ( 'NONE', #486, #977, #321 ) ;
#626 = AXIS2_PLACEMENT_3D ( 'NONE', #1220, #1706, #1849 ) ;
#627 = VERTEX_POINT ( 'NONE', #13 ) ;
#628 = DIRECTION ( 'NONE',  ( 0.000000000000000000, -0.000000000000000000, -1.000000000000000000 ) ) ;
#629 = CARTESIAN_POINT ( 'NONE',  ( -0.1224999999999998590, 0.07999999999999997391, 5.421010862427522170E-18 ) ) ;
#630 = SURFACE_SIDE_STYLE ('',( #173 ) ) ;
#631 = LINE ( 'NONE', #1532, #2023 ) ;
#632 = VERTEX_POINT ( 'NONE', #822 ) ;
#633 = ORIENTED_EDGE ( 'NONE', *, *, #1059, .F. ) ;
#634 = ORIENTED_EDGE ( 'NONE', *, *, #1043, .T. ) ;
#635 = DIRECTION ( 'NONE',  ( 1.000000000000000000, 0.000000000000000000, -0.000000000000000000 ) ) ;
#636 = EDGE_CURVE ( 'NONE', #1518, #231, #1453, .T. ) ;
#637 = DIRECTION ( 'NONE',  ( 0.000000000000000000, -1.000000000000000000, -0.000000000000000000 ) ) ;
#638 = DIRECTION ( 'NONE',  ( 0.9527611462579889112, -0.2491836844059363010, -0.1736481776669303589 ) ) ;
#639 = FILL_AREA_STYLE ('',( #1276 ) ) ;
#640 = ORIENTED_EDGE ( 'NONE', *, *, #1661, .T. ) ;
#641 = DIRECTION ( 'NONE',  ( 0.000000000000000000, -0.000000000000000000, -1.000000000000000000 ) ) ;
#642 = SURFACE_SIDE_STYLE ('',( #836 ) ) ;
#643 = DIRECTION ( 'NONE',  ( 1.000000000000000000, 1.426581805901979389E-16, 0.000000000000000000 ) ) ;
#644 = VECTOR ( 'NONE', #1065, 100.0000000000000000 ) ;
#645 = LINE ( 'NONE', #1308, #1759 ) ;
#646 = EDGE_CURVE ( 'NONE', #1698, #194, #1917, .T. ) ;
#647 = EDGE_CURVE ( 'NONE', #560, #1108, #1179, .T. ) ;
#648 = DIRECTION ( 'NONE',  ( 0.9083088662063589780, -0.4183001357529291808, 0.000000000000000000 ) ) ;
#649 = DIRECTION ( 'NONE',  ( 0.2530277443935252113, -0.9674590226811288218, 0.000000000000000000 ) ) ;
#650 = ORIENTED_EDGE ( 'NONE', *, *, #1073, .T. ) ;
#651 = CARTESIAN_POINT ( 'NONE',  ( -0.1223999999999998561, 0.01999999999999992756, -0.04200000000000000955 ) ) ;
#652 = CARTESIAN_POINT ( 'NONE',  ( 0.1225000000000000672, 0.04999999999999998196, -0.04200000000000000955 ) ) ;
#653 = FILL_AREA_STYLE ('',( #489 ) ) ;
#654 = PRESENTATION_LAYER_ASSIGNMENT (  '', '', ( #1547 ) ) ;
#655 = CARTESIAN_POINT ( 'NONE',  ( 0.1140000000000000457, 0.01750000000000000167, 0.000000000000000000 ) ) ;
#656 = ORIENTED_EDGE ( 'NONE', *, *, #460, .T. ) ;
#657 = VECTOR ( 'NONE', #1758, 100.0000000000000142 ) ;
#658 = CARTESIAN_POINT ( 'NONE',  ( 0.1225000000000000672, 0.04999999999999998196, -0.08000000000000000167 ) ) ;
#659 = ORIENTED_EDGE ( 'NONE', *, *, #495, .F. ) ;
#660 = LINE ( 'NONE', #1622, #793 ) ;
#661 = EDGE_CURVE ( 'NONE', #1960, #632, #247, .T. ) ;
#662 = DIRECTION ( 'NONE',  ( 0.9186161528353303796, -0.06861726224797798368, 0.3891478318988927376 ) ) ;
#663 = DIRECTION ( 'NONE',  ( -1.863268186501689248E-17, 1.000000000000000000, -4.398401103335321967E-17 ) ) ;
#664 = ORIENTED_EDGE ( 'NONE', *, *, #521, .T. ) ;
#665 = VECTOR ( 'NONE', #663, 100.0000000000000000 ) ;
#666 = VECTOR ( 'NONE', #711, 100.0000000000000000 ) ;
#667 = CARTESIAN_POINT ( 'NONE',  ( 0.1225000000000000672, 0.04999999999999998196, 0.000000000000000000 ) ) ;
#668 = VERTEX_POINT ( 'NONE', #1838 ) ;
#669 = STYLED_ITEM ( 'NONE', ( #1602 ), #325 ) ;
#670 = DIRECTION ( 'NONE',  ( 0.000000000000000000, 0.000000000000000000, 1.000000000000000000 ) ) ;
#671 =( LENGTH_UNIT ( ) NAMED_UNIT ( * ) SI_UNIT ( .CENTI., .METRE. ) );
#672 = ADVANCED_FACE ( 'NONE', ( #720 ), #381, .T. ) ;
#673 = EDGE_CURVE ( 'NONE', #1213, #1268, #414, .T. ) ;
#674 = CARTESIAN_POINT ( 'NONE',  ( -0.1398999999999998856, 0.04999999999999996114, -0.04200000000000000955 ) ) ;
#675 = EDGE_LOOP ( 'NONE', ( #1554, #1216, #475, #4 ) ) ;
#676 =( NAMED_UNIT ( * ) SI_UNIT ( $, .STERADIAN. ) SOLID_ANGLE_UNIT ( ) );
#677 = ORIENTED_EDGE ( 'NONE', *, *, #96, .T. ) ;
#678 = DIRECTION ( 'NONE',  ( 0.9207863928903852191, 0.000000000000000000, -0.3900671976312711786 ) ) ;
#679 = LINE ( 'NONE', #998, #1813 ) ;
#680 = CARTESIAN_POINT ( 'NONE',  ( -0.1198999999999998262, 0.01999999999999992756, -0.04200000000000000955 ) ) ;
#681 = VECTOR ( 'NONE', #436, 100.0000000000000000 ) ;
#682 = LINE ( 'NONE', #241, #705 ) ;
#683 = ORIENTED_EDGE ( 'NONE', *, *, #575, .F. ) ;
#684 = EDGE_CURVE ( 'NONE', #595, #453, #1357, .T. ) ;
#685 = ORIENTED_EDGE ( 'NONE', *, *, #1921, .F. ) ;
#686 = UNCERTAINTY_MEASURE_WITH_UNIT (LENGTH_MEASURE( 1.000000000000000082E-05 ), #1035, 'distance_accuracy_value', 'NONE');
#687 = AXIS2_PLACEMENT_3D ( 'NONE', #357, #758, #635 ) ;
#688 = CARTESIAN_POINT ( 'NONE',  ( -0.1224999999999998868, 0.07999999999999994615, -0.08000000000000000167 ) ) ;
#689 = FACE_OUTER_BOUND ( 'NONE', #943, .T. ) ;
#690 = CARTESIAN_POINT ( 'NONE',  ( -0.03799999999999995048, -8.673617379884035472E-17, -0.08000000000000000167 ) ) ;
#691 = CARTESIAN_POINT ( 'NONE',  ( -0.1224999999999999284, 0.04999999999999996114, -0.08000000000000000167 ) ) ;
#692 = VERTEX_POINT ( 'NONE', #889 ) ;
#693 = EDGE_CURVE ( 'NONE', #877, #778, #236, .T. ) ;
#694 = EDGE_CURVE ( 'NONE', #1108, #1099, #1816, .T. ) ;
#695 = CARTESIAN_POINT ( 'NONE',  ( -0.1055000000000000382, 0.02749999999999995157, -0.002000000000000000042 ) ) ;
#696 = AXIS2_PLACEMENT_3D ( 'NONE', #674, #993, #1732 ) ;
#697 = CARTESIAN_POINT ( 'NONE',  ( -0.08012992831541197736, 0.07294692077166138600, -0.1199999999999999678 ) ) ;
#698 = DIRECTION ( 'NONE',  ( 1.000000000000000000, -3.421060147118235687E-16, 0.000000000000000000 ) ) ;
#699 = FACE_OUTER_BOUND ( 'NONE', #2019, .T. ) ;
#700 = FACE_OUTER_BOUND ( 'NONE', #158, .T. ) ;
#701 = CARTESIAN_POINT ( 'NONE',  ( 0.1140000000000000596, 0.01750000000000000167, 0.000000000000000000 ) ) ;
#702 = VERTEX_POINT ( 'NONE', #534 ) ;
#703 = VECTOR ( 'NONE', #937, 100.0000000000000000 ) ;
#704 = VECTOR ( 'NONE', #440, 100.0000000000000000 ) ;
#705 = VECTOR ( 'NONE', #1316, 100.0000000000000000 ) ;
#706 = ORIENTED_EDGE ( 'NONE', *, *, #208, .F. ) ;
#707 = ADVANCED_FACE ( 'NONE', ( #543 ), #568, .F. ) ;
#708 = PLANE ( 'NONE',  #718 ) ;
#709 = CARTESIAN_POINT ( 'NONE',  ( 0.07454540690435346173, 0.02413593593186016614, -0.1176342628065065593 ) ) ;
#710 = ADVANCED_FACE ( 'NONE', ( #1983 ), #1650, .F. ) ;
#711 = DIRECTION ( 'NONE',  ( 0.2530277443935266546, 0.9674590226811283777, 0.000000000000000000 ) ) ;
#712 = CARTESIAN_POINT ( 'NONE',  ( 0.1140261538461539020, 0.01760000000000007045, -0.008000000000000000167 ) ) ;
#713 = ORIENTED_EDGE ( 'NONE', *, *, #1169, .F. ) ;
#714 = STYLED_ITEM ( 'NONE', ( #1374 ), #826 ) ;
#715 = CARTESIAN_POINT ( 'NONE',  ( -0.1224999999999999284, 0.04999999999999996114, -0.08000000000000000167 ) ) ;
#716 = EDGE_LOOP ( 'NONE', ( #567, #434, #605, #856 ) ) ;
#717 = VERTEX_POINT ( 'NONE', #731 ) ;
#718 = AXIS2_PLACEMENT_3D ( 'NONE', #193, #553, #56 ) ;
#719 = AXIS2_PLACEMENT_3D ( 'NONE', #1463, #195, #1628 ) ;
#720 = FACE_OUTER_BOUND ( 'NONE', #1041, .T. ) ;
#721 = LINE ( 'NONE', #1358, #1388 ) ;
#722 = VECTOR ( 'NONE', #303, 100.0000000000000000 ) ;
#723 = VECTOR ( 'NONE', #1819, 100.0000000000000000 ) ;
#724 = FACE_OUTER_BOUND ( 'NONE', #1538, .T. ) ;
#725 = DIRECTION ( 'NONE',  ( 0.9083088662063584229, 0.4183001357529301800, 0.000000000000000000 ) ) ;
#726 = ORIENTED_EDGE ( 'NONE', *, *, #1294, .F. ) ;
#727 = EDGE_CURVE ( 'NONE', #1877, #883, #48, .T. ) ;
#728 = LINE ( 'NONE', #368, #1139 ) ;
#729 = ORIENTED_EDGE ( 'NONE', *, *, #1761, .F. ) ;
#730 = ORIENTED_EDGE ( 'NONE', *, *, #1071, .T. ) ;
#731 = CARTESIAN_POINT ( 'NONE',  ( -0.1139999999999999902, 0.01749999999999997391, -0.04200000000000000261 ) ) ;
#732 = LINE ( 'NONE', #1343, #932 ) ;
#733 = CARTESIAN_POINT ( 'NONE',  ( -0.1398999999999998578, 0.04999999999999996114, -0.04200000000000000955 ) ) ;
#734 = DIRECTION ( 'NONE',  ( -1.000000000000000000, 2.767130201855504017E-16, 4.879197137203863348E-17 ) ) ;
#735 = VERTEX_POINT ( 'NONE', #697 ) ;
#736 = EDGE_CURVE ( 'NONE', #1269, #410, #1170, .T. ) ;
#737 = ORIENTED_EDGE ( 'NONE', *, *, #863, .F. ) ;
#738 = LINE ( 'NONE', #1371, #1702 ) ;
#739 = EDGE_CURVE ( 'NONE', #668, #1581, #150, .T. ) ;
#740 = VECTOR ( 'NONE', #15, 100.0000000000000000 ) ;
#741 = EDGE_LOOP ( 'NONE', ( #760, #922, #1842, #44 ) ) ;
#742 = CARTESIAN_POINT ( 'NONE',  ( 0.1140000000000000457, 0.01750000000000000167, -0.08000000000000000167 ) ) ;
#743 = FILL_AREA_STYLE ('',( #1219 ) ) ;
#744 = DIRECTION ( 'NONE',  ( 1.000000000000000000, -0.000000000000000000, 0.000000000000000000 ) ) ;
#745 = DIRECTION ( 'NONE',  ( 0.2530277443935266546, 0.9674590226811283777, 0.000000000000000000 ) ) ;
#746 = PLANE ( 'NONE',  #441 ) ;
#747 = ORIENTED_EDGE ( 'NONE', *, *, #1089, .F. ) ;
#748 = ORIENTED_EDGE ( 'NONE', *, *, #1685, .F. ) ;
#749 = DIRECTION ( 'NONE',  ( 0.2530277443935243786, -0.9674590226811291549, 0.000000000000000000 ) ) ;
#750 = ORIENTED_EDGE ( 'NONE', *, *, #545, .F. ) ;
#751 = DIRECTION ( 'NONE',  ( -1.000000000000000000, -0.000000000000000000, 0.000000000000000000 ) ) ;
#752 = ADVANCED_FACE ( 'NONE', ( #1848 ), #424, .T. ) ;
#753 = DIRECTION ( 'NONE',  ( 0.000000000000000000, 1.000000000000000000, 0.000000000000000000 ) ) ;
#754 = DIRECTION ( 'NONE',  ( 0.2530277443935243786, -0.9674590226811291549, 0.000000000000000000 ) ) ;
#755 = CARTESIAN_POINT ( 'NONE',  ( 0.07600000000000002587, 0.01749999999999998085, -0.008000000000000000167 ) ) ;
#756 = DIRECTION ( 'NONE',  ( 0.000000000000000000, 1.000000000000000000, 0.000000000000000000 ) ) ;
#757 = ORIENTED_EDGE ( 'NONE', *, *, #1318, .F. ) ;
#758 = DIRECTION ( 'NONE',  ( 0.000000000000000000, 0.000000000000000000, 1.000000000000000000 ) ) ;
#759 = VECTOR ( 'NONE', #322, 100.0000000000000000 ) ;
#760 = ORIENTED_EDGE ( 'NONE', *, *, #763, .T. ) ;
#761 = DIRECTION ( 'NONE',  ( -0.000000000000000000, 1.000000000000000000, 0.000000000000000000 ) ) ;
#762 = EDGE_CURVE ( 'NONE', #1339, #1204, #925, .T. ) ;
#763 = EDGE_CURVE ( 'NONE', #1960, #1099, #1081, .T. ) ;
#764 = FACE_OUTER_BOUND ( 'NONE', #908, .T. ) ;
#765 = CARTESIAN_POINT ( 'NONE',  ( 0.07599999999999998423, 0.000000000000000000, -0.04200000000000000955 ) ) ;
#766 = LINE ( 'NONE', #450, #1414 ) ;
#767 = CARTESIAN_POINT ( 'NONE',  ( -0.1398999999999998300, 0.01999999999999992756, -0.04200000000000000955 ) ) ;
#768 = EDGE_LOOP ( 'NONE', ( #1603, #1752, #98, #1843, #306, #1900, #1845, #801, #1648, #706 ) ) ;
#769 = ORIENTED_EDGE ( 'NONE', *, *, #301, .F. ) ;
#770 = FACE_OUTER_BOUND ( 'NONE', #1668, .T. ) ;
#771 = AXIS2_PLACEMENT_3D ( 'NONE', #1811, #377, #1958 ) ;
#772 = PRESENTATION_LAYER_ASSIGNMENT (  '', '', ( #1140 ) ) ;
#773 = EDGE_LOOP ( 'NONE', ( #359, #841, #1635, #790, #598, #907, #1117, #1074, #1786, #251, #1582, #1862 ) ) ;
#774 = CARTESIAN_POINT ( 'NONE',  ( -0.1139999999999999902, 0.01749999999999997391, -0.007999999999999977615 ) ) ;
#775 = PLANE ( 'NONE',  #1880 ) ;
#776 = DIRECTION ( 'NONE',  ( 0.000000000000000000, -0.000000000000000000, -1.000000000000000000 ) ) ;
#777 = CARTESIAN_POINT ( 'NONE',  ( 0.07600000000000002587, 0.01749999999999998432, -0.08000000000000000167 ) ) ;
#778 = VERTEX_POINT ( 'NONE', #280 ) ;
#779 = ORIENTED_EDGE ( 'NONE', *, *, #1875, .F. ) ;
#780 = DIRECTION ( 'NONE',  ( 0.9848077530122081313, -4.270922821185616794E-15, -0.1736481776669304145 ) ) ;
#781 = ADVANCED_FACE ( 'NONE', ( #764 ), #447, .F. ) ;
#782 = PRESENTATION_LAYER_ASSIGNMENT (  '', '', ( #2022 ) ) ;
#783 = ORIENTED_EDGE ( 'NONE', *, *, #736, .T. ) ;
#784 = CARTESIAN_POINT ( 'NONE',  ( -0.03999999999999993144, 0.07594447944370526227, -0.1029999999999999943 ) ) ;
#785 = PRESENTATION_LAYER_ASSIGNMENT (  '', '', ( #1711 ) ) ;
#786 = VECTOR ( 'NONE', #554, 100.0000000000000000 ) ;
#787 = CARTESIAN_POINT ( 'NONE',  ( -0.1224999999999998590, 0.07999999999999996003, -0.07999999999999998779 ) ) ;
#788 = PRESENTATION_STYLE_ASSIGNMENT (( #1708 ) ) ;
#789 = ORIENTED_EDGE ( 'NONE', *, *, #1073, .F. ) ;
#790 = ORIENTED_EDGE ( 'NONE', *, *, #1750, .T. ) ;
#791 =( NAMED_UNIT ( * ) SI_UNIT ( $, .STERADIAN. ) SOLID_ANGLE_UNIT ( ) );
#792 = EDGE_CURVE ( 'NONE', #1423, #735, #1100, .T. ) ;
#793 = VECTOR ( 'NONE', #1925, 100.0000000000000000 ) ;
#794 = MECHANICAL_DESIGN_GEOMETRIC_PRESENTATION_REPRESENTATION (  '', ( #1585 ), #1223 ) ;
#795 = DIRECTION ( 'NONE',  ( -1.000000000000000000, -5.534260403711008034E-16, -9.758394274407726695E-17 ) ) ;
#796 = CARTESIAN_POINT ( 'NONE',  ( 0.07599999999999998423, -8.673617379884035472E-17, -0.04200000000000000955 ) ) ;
#797 = FACE_OUTER_BOUND ( 'NONE', #348, .T. ) ;
#798 = FACE_OUTER_BOUND ( 'NONE', #675, .T. ) ;
#799 = ORIENTED_EDGE ( 'NONE', *, *, #186, .F. ) ;
#800 = CARTESIAN_POINT ( 'NONE',  ( -0.1398999999999998300, 0.01999999999999992756, -0.008000000000000000167 ) ) ;
#801 = ORIENTED_EDGE ( 'NONE', *, *, #1260, .F. ) ;
#802 = FACE_OUTER_BOUND ( 'NONE', #531, .T. ) ;
#803 = EDGE_CURVE ( 'NONE', #1269, #1019, #1420, .T. ) ;
#804 = EDGE_CURVE ( 'NONE', #539, #1293, #257, .T. ) ;
#805 = CARTESIAN_POINT ( 'NONE',  ( -0.1398999999999998300, 0.01999999999999992756, -0.04200000000000000955 ) ) ;
#806 = CARTESIAN_POINT ( 'NONE',  ( 0.08012992831541222716, 0.07294692077166138600, -0.1200000000000000094 ) ) ;
#807 = CARTESIAN_POINT ( 'NONE',  ( 0.1398999999999998578, 0.05000000000000000278, -0.04200000000000000955 ) ) ;
#808 = ORIENTED_EDGE ( 'NONE', *, *, #1110, .F. ) ;
#809 = LINE ( 'NONE', #1311, #183 ) ;
#810 = LINE ( 'NONE', #1934, #1599 ) ;
#811 = VECTOR ( 'NONE', #1543, 100.0000000000000000 ) ;
#812 = CARTESIAN_POINT ( 'NONE',  ( 0.1055000000000000659, 0.02749999999999995157, -0.002000000000000000042 ) ) ;
#813 = VECTOR ( 'NONE', #1527, 100.0000000000000000 ) ;
#814 = DIRECTION ( 'NONE',  ( -0.1710878697460367082, -0.1710878697460354037, -0.9702875252478138091 ) ) ;
#815 = VERTEX_POINT ( 'NONE', #1723 ) ;
#816 = EDGE_CURVE ( 'NONE', #956, #1981, #2034, .T. ) ;
#817 = CARTESIAN_POINT ( 'NONE',  ( 0.1055000000000000659, 0.02749999999999997585, 0.000000000000000000 ) ) ;
#818 = DIRECTION ( 'NONE',  ( 1.000000000000000000, 0.000000000000000000, -0.000000000000000000 ) ) ;
#819 = LINE ( 'NONE', #1450, #1407 ) ;
#820 = ORIENTED_EDGE ( 'NONE', *, *, #1761, .T. ) ;
#821 = MECHANICAL_DESIGN_GEOMETRIC_PRESENTATION_REPRESENTATION (  '', ( #1711 ), #227 ) ;
#822 = CARTESIAN_POINT ( 'NONE',  ( 0.1140000000000000457, 0.01749999999999999820, -0.08000000000000000167 ) ) ;
#823 = CARTESIAN_POINT ( 'NONE',  ( -0.07599999999999998423, 0.01749999999999996003, 0.000000000000000000 ) ) ;
#824 = CARTESIAN_POINT ( 'NONE',  ( 0.03580800611913269316, 0.009999999999999918676, -0.002000000000000000042 ) ) ;
#825 = AXIS2_PLACEMENT_3D ( 'NONE', #1011, #361, #1178 ) ;
#826 = MANIFOLD_SOLID_BREP ( 'NONE', #893 ) ;
#827 = CARTESIAN_POINT ( 'NONE',  ( 0.1085543383475170848, 0.02455307922833857917, -0.1200000000000000094 ) ) ;
#828 = VERTEX_POINT ( 'NONE', #586 ) ;
#829 = VECTOR ( 'NONE', #1092, 100.0000000000000142 ) ;
#830 = AXIS2_PLACEMENT_3D ( 'NONE', #1640, #248, #77 ) ;
#831 = EDGE_CURVE ( 'NONE', #1184, #877, #279, .T. ) ;
#832 = LINE ( 'NONE', #1302, #1352 ) ;
#833 = ORIENTED_EDGE ( 'NONE', *, *, #1911, .T. ) ;
#834 = EDGE_CURVE ( 'NONE', #1321, #1654, #266, .T. ) ;
#835 = LINE ( 'NONE', #1933, #1614 ) ;
#836 = SURFACE_STYLE_FILL_AREA ( #1279 ) ;
#837 = LINE ( 'NONE', #1903, #1203 ) ;
#838 = LINE ( 'NONE', #179, #500 ) ;
#839 = ORIENTED_EDGE ( 'NONE', *, *, #1991, .F. ) ;
#840 = SURFACE_STYLE_USAGE ( .BOTH. , #1636 ) ;
#841 = ORIENTED_EDGE ( 'NONE', *, *, #1294, .T. ) ;
#842 = CARTESIAN_POINT ( 'NONE',  ( 0.1059999999999999970, 0.000000000000000000, -0.04200000000000000955 ) ) ;
#843 = PLANE ( 'NONE',  #1894 ) ;
#844 = EDGE_CURVE ( 'NONE', #1654, #1373, #1869, .T. ) ;
#845 = CARTESIAN_POINT ( 'NONE',  ( -0.1225000000000000117, 0.01749999999999997391, 0.000000000000000000 ) ) ;
#846 = VERTEX_POINT ( 'NONE', #1217 ) ;
#847 = PRODUCT_DEFINITION_FORMATION_WITH_SPECIFIED_SOURCE ( 'ANY', '', #1563, .NOT_KNOWN. ) ;
#848 = FILL_AREA_STYLE_COLOUR ( '', #1967 ) ;
#849 = VERTEX_POINT ( 'NONE', #291 ) ;
#850 = CARTESIAN_POINT ( 'NONE',  ( 0.1223999999999998561, 0.01760000000000006004, -0.008000000000000000167 ) ) ;
#851 = FACE_OUTER_BOUND ( 'NONE', #1303, .T. ) ;
#852 = MECHANICAL_DESIGN_GEOMETRIC_PRESENTATION_REPRESENTATION (  '', ( #212 ), #1214 ) ;
#853 = ADVANCED_FACE ( 'NONE', ( #1385 ), #1229, .F. ) ;
#854 = CARTESIAN_POINT ( 'NONE',  ( -0.1224999999999999284, 0.04999999999999996114, -0.08000000000000000167 ) ) ;
#855 = EDGE_CURVE ( 'NONE', #1618, #1184, #461, .T. ) ;
#856 = ORIENTED_EDGE ( 'NONE', *, *, #522, .F. ) ;
#857 = VECTOR ( 'NONE', #345, 100.0000000000000000 ) ;
#858 = CARTESIAN_POINT ( 'NONE',  ( -0.1060000000000000386, 0.01749999999999996697, -0.08000000000000000167 ) ) ;
#859 = CARTESIAN_POINT ( 'NONE',  ( 0.1140000000000000457, 0.01750000000000000167, -0.08000000000000000167 ) ) ;
#860 = LINE ( 'NONE', #1674, #289 ) ;
#861 = CARTESIAN_POINT ( 'NONE',  ( 0.03800000000000006845, -7.589415207398531038E-17, -0.08000000000000000167 ) ) ;
#862 = ORIENTED_EDGE ( 'NONE', *, *, #984, .F. ) ;
#863 = EDGE_CURVE ( 'NONE', #2018, #735, #1548, .T. ) ;
#864 = EDGE_CURVE ( 'NONE', #64, #815, #1396, .T. ) ;
#865 = ORIENTED_EDGE ( 'NONE', *, *, #34, .T. ) ;
#866 = PRESENTATION_STYLE_ASSIGNMENT (( #1001 ) ) ;
#867 = AXIS2_PLACEMENT_3D ( 'NONE', #1350, #43, #1929 ) ;
#868 = STYLED_ITEM ( 'NONE', ( #1014 ), #1725 ) ;
#869 = CARTESIAN_POINT ( 'NONE',  ( 0.08012992831541228267, 0.07294692077166135824, -0.1200000000000000372 ) ) ;
#870 = LINE ( 'NONE', #880, #1910 ) ;
#871 = CARTESIAN_POINT ( 'NONE',  ( 0.1225000000000000672, 0.04999999999999998196, -0.08000000000000000167 ) ) ;
#872 = LINE ( 'NONE', #70, #557 ) ;
#873 = ORIENTED_EDGE ( 'NONE', *, *, #1307, .F. ) ;
#874 = PLANE ( 'NONE',  #1793 ) ;
#875 = ORIENTED_EDGE ( 'NONE', *, *, #1474, .F. ) ;
#876 = VECTOR ( 'NONE', #112, 100.0000000000000000 ) ;
#877 = VERTEX_POINT ( 'NONE', #2025 ) ;
#878 = ADVANCED_FACE ( 'NONE', ( #606 ), #1250, .T. ) ;
#879 = SURFACE_SIDE_STYLE ('',( #1332 ) ) ;
#880 = CARTESIAN_POINT ( 'NONE',  ( -0.1223999999999998561, 0.01759999999999997330, -0.04200000000000000955 ) ) ;
#881 = FILL_AREA_STYLE ('',( #1830 ) ) ;
#882 = CARTESIAN_POINT ( 'NONE',  ( -0.1059999999999999970, 0.01999999999999992756, -0.04200000000000000955 ) ) ;
#883 = VERTEX_POINT ( 'NONE', #1617 ) ;
#884 = VECTOR ( 'NONE', #1408, 100.0000000000000000 ) ;
#885 = FACE_OUTER_BOUND ( 'NONE', #290, .T. ) ;
#886 = ORIENTED_EDGE ( 'NONE', *, *, #1007, .T. ) ;
#887 = ORIENTED_EDGE ( 'NONE', *, *, #727, .T. ) ;
#888 = VECTOR ( 'NONE', #989, 100.0000000000000000 ) ;
#889 = CARTESIAN_POINT ( 'NONE',  ( 0.07380800611913262976, 0.02749999999999998626, 0.000000000000000000 ) ) ;
#890 = CARTESIAN_POINT ( 'NONE',  ( -0.1224999999999998868, 0.07999999999999994615, 0.000000000000000000 ) ) ;
#891 = EDGE_CURVE ( 'NONE', #1293, #194, #1271, .T. ) ;
#892 = VECTOR ( 'NONE', #1430, 100.0000000000000000 ) ;
#893 = CLOSED_SHELL ( 'NONE', ( #81, #615, #1088, #588, #1372, #1864, #498, #456, #341, #1028, #1330, #853, #707, #480, #781, #1772, #1101, #1657, #1262, #1645, #1137, #1194, #1810, #878, #148, #1016, #121, #532, #413, #710, #508, #1725, #335, #2015, #1437, #2045, #1796, #2046, #1465, #1111, #2032, #1608, #1951, #752, #389, #1734, #1920, #1526, #293, #672, #1127, #1232, #1621, #1876, #1596, #429, #1415, #325, #220 ) ) ;
#894 =( LENGTH_UNIT ( ) NAMED_UNIT ( * ) SI_UNIT ( .CENTI., .METRE. ) );
#895 = CARTESIAN_POINT ( 'NONE',  ( 0.1055000000000000659, 0.07000000000000000666, -0.002000000000000000042 ) ) ;
#896 = VECTOR ( 'NONE', #207, 100.0000000000000000 ) ;
#897 = EDGE_CURVE ( 'NONE', #1002, #211, #1741, .T. ) ;
#898 = ORIENTED_EDGE ( 'NONE', *, *, #2021, .T. ) ;
#899 = CARTESIAN_POINT ( 'NONE',  ( -0.1139999999999999902, 0.01749999999999997044, 1.084202172485504434E-17 ) ) ;
#900 = ORIENTED_EDGE ( 'NONE', *, *, #134, .T. ) ;
#901 = EDGE_LOOP ( 'NONE', ( #243, #779, #284, #12 ) ) ;
#902 = SURFACE_STYLE_USAGE ( .BOTH. , #1055 ) ;
#903 = SURFACE_SIDE_STYLE ('',( #122 ) ) ;
#904 = CARTESIAN_POINT ( 'NONE',  ( 0.1140000000000000457, 0.01750000000000000167, -0.04200000000000000955 ) ) ;
#905 = DIRECTION ( 'NONE',  ( 0.000000000000000000, 0.000000000000000000, 1.000000000000000000 ) ) ;
#906 = CARTESIAN_POINT ( 'NONE',  ( -0.1223999999999998561, 0.04961764705882319021, -0.04200000000000000955 ) ) ;
#907 = ORIENTED_EDGE ( 'NONE', *, *, #684, .T. ) ;
#908 = EDGE_LOOP ( 'NONE', ( #1710, #983, #164, #1507 ) ) ;
#909 = EDGE_CURVE ( 'NONE', #1503, #539, #1577, .T. ) ;
#910 = DIRECTION ( 'NONE',  ( 5.619635291033704596E-16, -0.9848077530122081313, -0.1736481776669304145 ) ) ;
#911 = VERTEX_POINT ( 'NONE', #478 ) ;
#912 = CARTESIAN_POINT ( 'NONE',  ( -0.07380800611913262976, 0.02749999999999996197, -0.002000000000000000042 ) ) ;
#913 = AXIS2_PLACEMENT_3D ( 'NONE', #845, #1475, #1009 ) ;
#914 =( NAMED_UNIT ( * ) PLANE_ANGLE_UNIT ( ) SI_UNIT ( $, .RADIAN. ) );
#915 = CARTESIAN_POINT ( 'NONE',  ( -0.07599999999999998423, 0.01749999999999996003, -0.08000000000000000167 ) ) ;
#916 = CARTESIAN_POINT ( 'NONE',  ( 0.1398999999999998578, 0.02000000000000001082, -0.04200000000000000955 ) ) ;
#917 = LINE ( 'NONE', #592, #1700 ) ;
#918 = UNCERTAINTY_MEASURE_WITH_UNIT (LENGTH_MEASURE( 1.000000000000000082E-05 ), #1497, 'distance_accuracy_value', 'NONE');
#919 = ORIENTED_EDGE ( 'NONE', *, *, #909, .F. ) ;
#920 = FILL_AREA_STYLE_COLOUR ( '', #1937 ) ;
#921 = EDGE_CURVE ( 'NONE', #1802, #717, #838, .T. ) ;
#922 = ORIENTED_EDGE ( 'NONE', *, *, #694, .F. ) ;
#923 = EDGE_CURVE ( 'NONE', #1091, #939, #1467, .T. ) ;
#924 = DIRECTION ( 'NONE',  ( 0.2530277443935243786, -0.9674590226811291549, 0.000000000000000000 ) ) ;
#925 = LINE ( 'NONE', #1858, #681 ) ;
#926 = CARTESIAN_POINT ( 'NONE',  ( -0.1085543383475170431, 0.02455307922833856876, -0.1200000000000000094 ) ) ;
#927 = CARTESIAN_POINT ( 'NONE',  ( -0.07380800611913262976, 0.02749999999999996197, -0.002000000000000000042 ) ) ;
#928 = LINE ( 'NONE', #428, #540 ) ;
#929 = EDGE_LOOP ( 'NONE', ( #1679, #1105, #1783, #494, #1309 ) ) ;
#930 = VECTOR ( 'NONE', #1282, 100.0000000000000000 ) ;
#931 =( LENGTH_UNIT ( ) NAMED_UNIT ( * ) SI_UNIT ( .CENTI., .METRE. ) );
#932 = VECTOR ( 'NONE', #69, 100.0000000000000284 ) ;
#933 = ORIENTED_EDGE ( 'NONE', *, *, #1586, .T. ) ;
#934 = EDGE_CURVE ( 'NONE', #1960, #560, #152, .T. ) ;
#935 = EDGE_CURVE ( 'NONE', #2029, #1116, #169, .T. ) ;
#936 = CARTESIAN_POINT ( 'NONE',  ( 0.1223999999999998561, 0.02000000000000001082, -0.008000000000000000167 ) ) ;
#937 = DIRECTION ( 'NONE',  ( -1.000000000000000000, -1.187679953938401591E-16, 2.094200203259271327E-17 ) ) ;
#938 = CARTESIAN_POINT ( 'NONE',  ( -0.1398999999999998856, 0.04999999999999996114, -0.008000000000000000167 ) ) ;
#939 = VERTEX_POINT ( 'NONE', #1130 ) ;
#940 =( LENGTH_UNIT ( ) NAMED_UNIT ( * ) SI_UNIT ( .CENTI., .METRE. ) );
#941 = PRODUCT_DEFINITION_SHAPE ( 'NONE', 'NONE',  #120 ) ;
#942 = VECTOR ( 'NONE', #536, 100.0000000000000000 ) ;
#943 = EDGE_LOOP ( 'NONE', ( #1468, #1477, #1063, #285 ) ) ;
#944 = PRESENTATION_LAYER_ASSIGNMENT (  '', '', ( #669 ) ) ;
#945 = DIRECTION ( 'NONE',  ( 0.9083088662063582008, 0.4183001357529306241, 0.000000000000000000 ) ) ;
#946 = CARTESIAN_POINT ( 'NONE',  ( -0.07380800611913261589, 0.02749999999999996197, -0.002000000000000000042 ) ) ;
#947 = EDGE_CURVE ( 'NONE', #1556, #1492, #29, .T. ) ;
#948 = FACE_OUTER_BOUND ( 'NONE', #1406, .T. ) ;
#949 = DIRECTION ( 'NONE',  ( 0.000000000000000000, 0.000000000000000000, 1.000000000000000000 ) ) ;
#950 = ORIENTED_EDGE ( 'NONE', *, *, #1296, .F. ) ;
#951 = ORIENTED_EDGE ( 'NONE', *, *, #1643, .T. ) ;
#952 = LINE ( 'NONE', #138, #596 ) ;
#953 =( GEOMETRIC_REPRESENTATION_CONTEXT ( 3 ) GLOBAL_UNCERTAINTY_ASSIGNED_CONTEXT ( ( #1638 ) ) GLOBAL_UNIT_ASSIGNED_CONTEXT ( ( #1953, #577, #1804 ) ) REPRESENTATION_CONTEXT ( 'NONE', 'WORKASPACE' ) );
#954 = CARTESIAN_POINT ( 'NONE',  ( 0.07600000000000002587, 0.01749999999999998432, -0.08000000000000000167 ) ) ;
#955 = DIRECTION ( 'NONE',  ( -1.000000000000000000, -7.228014483236688667E-16, 0.000000000000000000 ) ) ;
#956 = VERTEX_POINT ( 'NONE', #655 ) ;
#957 = VERTEX_POINT ( 'NONE', #805 ) ;
#958 = EDGE_CURVE ( 'NONE', #1832, #1698, #36, .T. ) ;
#959 = CARTESIAN_POINT ( 'NONE',  ( -0.1055000000000000104, 0.02749999999999995157, -0.002000000000000000042 ) ) ;
#960 = EDGE_CURVE ( 'NONE', #1814, #1546, #645, .T. ) ;
#961 = DIRECTION ( 'NONE',  ( -0.03803603028100056849, 0.1735225203546190420, -0.9840951149813942367 ) ) ;
#962 = DIRECTION ( 'NONE',  ( 1.000000000000000000, -2.853163611803958284E-16, 0.000000000000000000 ) ) ;
#963 = CARTESIAN_POINT ( 'NONE',  ( -0.1224999999999998868, 0.07999999999999994615, -0.07999999999999998779 ) ) ;
#964 = DIRECTION ( 'NONE',  ( 0.000000000000000000, 1.000000000000000000, 0.000000000000000000 ) ) ;
#965 = FACE_OUTER_BOUND ( 'NONE', #327, .T. ) ;
#966 = DIRECTION ( 'NONE',  ( 0.000000000000000000, 0.000000000000000000, 1.000000000000000000 ) ) ;
#967 = FACE_OUTER_BOUND ( 'NONE', #170, .T. ) ;
#968 = VECTOR ( 'NONE', #52, 100.0000000000000000 ) ;
#969 = AXIS2_PLACEMENT_3D ( 'NONE', #1481, #1946, #50 ) ;
#970 = LINE ( 'NONE', #1594, #131 ) ;
#971 = EDGE_LOOP ( 'NONE', ( #1422, #1197, #332, #510, #593 ) ) ;
#972 = DIRECTION ( 'NONE',  ( 0.4183001357529300135, -0.9083088662063584229, 0.000000000000000000 ) ) ;
#973 = CARTESIAN_POINT ( 'NONE',  ( 0.1198999999999998262, -2.981555974335137194E-17, -0.008000000000000000167 ) ) ;
#974 =( NAMED_UNIT ( * ) SI_UNIT ( $, .STERADIAN. ) SOLID_ANGLE_UNIT ( ) );
#975 = EDGE_LOOP ( 'NONE', ( #613, #2000, #1731, #1020 ) ) ;
#976 = COLOUR_RGB ( '',0.6470588235294117974, 0.6196078431372549211, 0.5882352941176470784 ) ;
#977 = DIRECTION ( 'NONE',  ( -1.000000000000000000, 2.891205793294679017E-15, 0.000000000000000000 ) ) ;
#978 = PRESENTATION_STYLE_ASSIGNMENT (( #365 ) ) ;
#979 = STYLED_ITEM ( 'NONE', ( #788 ), #293 ) ;
#980 = PLANE ( 'NONE',  #1004 ) ;
#981 = PRESENTATION_LAYER_ASSIGNMENT (  '', '', ( #370 ) ) ;
#982 = SURFACE_SIDE_STYLE ('',( #1770 ) ) ;
#983 = ORIENTED_EDGE ( 'NONE', *, *, #151, .T. ) ;
#984 = EDGE_CURVE ( 'NONE', #883, #313, #1564, .T. ) ;
#985 = EDGE_CURVE ( 'NONE', #1959, #828, #970, .T. ) ;
#986 = DIRECTION ( 'NONE',  ( 0.2530277443935266546, 0.9674590226811284888, 0.000000000000000000 ) ) ;
#987 = ORIENTED_EDGE ( 'NONE', *, *, #445, .T. ) ;
#988 = VECTOR ( 'NONE', #751, 100.0000000000000000 ) ;
#989 = DIRECTION ( 'NONE',  ( -0.000000000000000000, 0.000000000000000000, 1.000000000000000000 ) ) ;
#990 =( NAMED_UNIT ( * ) SI_UNIT ( $, .STERADIAN. ) SOLID_ANGLE_UNIT ( ) );
#991 = CARTESIAN_POINT ( 'NONE',  ( 0.03800000000000007538, -7.351253885300094896E-17, 0.000000000000000000 ) ) ;
#992 = VECTOR ( 'NONE', #1794, 100.0000000000000000 ) ;
#993 = DIRECTION ( 'NONE',  ( 0.000000000000000000, 1.000000000000000000, 0.000000000000000000 ) ) ;
#994 = ORIENTED_EDGE ( 'NONE', *, *, #1671, .T. ) ;
#995 = VECTOR ( 'NONE', #142, 100.0000000000000000 ) ;
#996 = EDGE_LOOP ( 'NONE', ( #1327, #1987, #1185, #950, #520 ) ) ;
#997 = CARTESIAN_POINT ( 'NONE',  ( 0.07380800611913264364, 0.02749999999999997932, -0.002000000000000000042 ) ) ;
#998 = CARTESIAN_POINT ( 'NONE',  ( -0.1225000000000000117, 0.02749999999999997585, 0.000000000000000000 ) ) ;
#999 = CARTESIAN_POINT ( 'NONE',  ( -0.1224999999999998868, 0.07594447944370526227, -0.1030000000000000082 ) ) ;
#1000 = ORIENTED_EDGE ( 'NONE', *, *, #1043, .F. ) ;
#1001 = SURFACE_STYLE_USAGE ( .BOTH. , #1649 ) ;
#1002 = VERTEX_POINT ( 'NONE', #1446 ) ;
#1003 = UNCERTAINTY_MEASURE_WITH_UNIT (LENGTH_MEASURE( 1.000000000000000082E-05 ), #940, 'distance_accuracy_value', 'NONE');
#1004 = AXIS2_PLACEMENT_3D ( 'NONE', #1008, #1605, #1631 ) ;
#1005 = DIRECTION ( 'NONE',  ( 0.000000000000000000, -0.000000000000000000, -1.000000000000000000 ) ) ;
#1006 = CARTESIAN_POINT ( 'NONE',  ( 0.04000000000000008410, 0.005385966172754561368, -0.1030000000000000082 ) ) ;
#1007 = EDGE_CURVE ( 'NONE', #1086, #1916, #16, .T. ) ;
#1008 = CARTESIAN_POINT ( 'NONE',  ( -0.09357542908762432610, -0.06059394760614313785, -0.1200000000000000094 ) ) ;
#1009 = DIRECTION ( 'NONE',  ( 1.000000000000000000, 0.000000000000000000, -0.000000000000000000 ) ) ;
#1010 = ORIENTED_EDGE ( 'NONE', *, *, #1559, .F. ) ;
#1011 = CARTESIAN_POINT ( 'NONE',  ( 0.1398999999999998578, 0.02000000000000001082, -0.04200000000000000955 ) ) ;
#1012 = DIRECTION ( 'NONE',  ( -0.2530277443935266546, -0.9674590226811283777, -0.000000000000000000 ) ) ;
#1013 = CARTESIAN_POINT ( 'NONE',  ( 0.1055000000000000659, 0.02749999999999997585, -0.002000000000000000042 ) ) ;
#1014 = PRESENTATION_STYLE_ASSIGNMENT (( #1964 ) ) ;
#1015 = DIRECTION ( 'NONE',  ( 0.03803603028100102645, 0.1735225203546190420, -0.9840951149813942367 ) ) ;
#1016 = ADVANCED_FACE ( 'NONE', ( #358 ), #549, .F. ) ;
#1017 = EDGE_CURVE ( 'NONE', #1916, #1091, #1800, .T. ) ;
#1018 = CARTESIAN_POINT ( 'NONE',  ( 0.1398999999999998856, 0.05000000000000000278, -0.04200000000000000955 ) ) ;
#1019 = VERTEX_POINT ( 'NONE', #519 ) ;
#1020 = ORIENTED_EDGE ( 'NONE', *, *, #1836, .T. ) ;
#1021 = AXIS2_PLACEMENT_3D ( 'NONE', #1839, #544, #223 ) ;
#1022 = PLANE ( 'NONE',  #1551 ) ;
#1023 =( NAMED_UNIT ( * ) PLANE_ANGLE_UNIT ( ) SI_UNIT ( $, .RADIAN. ) );
#1024 = LINE ( 'NONE', #882, #458 ) ;
#1025 = VERTEX_POINT ( 'NONE', #200 ) ;
#1026 = DIRECTION ( 'NONE',  ( -1.000000000000000000, -1.187679953938401591E-16, 2.094200203259271327E-17 ) ) ;
#1027 = ORIENTED_EDGE ( 'NONE', *, *, #985, .F. ) ;
#1028 = ADVANCED_FACE ( 'NONE', ( #210 ), #72, .F. ) ;
#1029 = ORIENTED_EDGE ( 'NONE', *, *, #1558, .T. ) ;
#1030 = FACE_OUTER_BOUND ( 'NONE', #1703, .T. ) ;
#1031 = AXIS2_PLACEMENT_3D ( 'NONE', #1904, #490, #326 ) ;
#1032 =( GEOMETRIC_REPRESENTATION_CONTEXT ( 3 ) GLOBAL_UNCERTAINTY_ASSIGNED_CONTEXT ( ( #686 ) ) GLOBAL_UNIT_ASSIGNED_CONTEXT ( ( #1035, #1023, #1201 ) ) REPRESENTATION_CONTEXT ( 'NONE', 'WORKASPACE' ) );
#1033 = CARTESIAN_POINT ( 'NONE',  ( 0.1198999999999998262, 0.02000000000000001082, -0.04200000000000000955 ) ) ;
#1034 = DIRECTION ( 'NONE',  ( 0.000000000000000000, -0.000000000000000000, 1.000000000000000000 ) ) ;
#1035 =( LENGTH_UNIT ( ) NAMED_UNIT ( * ) SI_UNIT ( .CENTI., .METRE. ) );
#1036 = CARTESIAN_POINT ( 'NONE',  ( -0.09357542908762432610, -0.06059394760614313785, -0.1200000000000000094 ) ) ;
#1037 =( GEOMETRIC_REPRESENTATION_CONTEXT ( 3 ) GLOBAL_UNCERTAINTY_ASSIGNED_CONTEXT ( ( #1168 ) ) GLOBAL_UNIT_ASSIGNED_CONTEXT ( ( #1442, #493, #974 ) ) REPRESENTATION_CONTEXT ( 'NONE', 'WORKASPACE' ) );
#1038 = ORIENTED_EDGE ( 'NONE', *, *, #42, .T. ) ;
#1039 = LINE ( 'NONE', #999, #397 ) ;
#1040 = ORIENTED_EDGE ( 'NONE', *, *, #1537, .T. ) ;
#1041 = EDGE_LOOP ( 'NONE', ( #757, #320, #1291, #713, #656, #1583 ) ) ;
#1042 = EDGE_CURVE ( 'NONE', #2007, #595, #1667, .T. ) ;
#1043 = EDGE_CURVE ( 'NONE', #194, #1423, #1039, .T. ) ;
#1044 =( GEOMETRIC_REPRESENTATION_CONTEXT ( 3 ) GLOBAL_UNCERTAINTY_ASSIGNED_CONTEXT ( ( #918 ) ) GLOBAL_UNIT_ASSIGNED_CONTEXT ( ( #1497, #46, #75 ) ) REPRESENTATION_CONTEXT ( 'NONE', 'WORKASPACE' ) );
#1045 = VECTOR ( 'NONE', #2, 100.0000000000000000 ) ;
#1046 = DIRECTION ( 'NONE',  ( 1.000000000000000000, 0.000000000000000000, -0.000000000000000000 ) ) ;
#1047 = CARTESIAN_POINT ( 'NONE',  ( -0.03799999999999995048, -8.795741027124401808E-17, 0.000000000000000000 ) ) ;
#1048 = PRESENTATION_STYLE_ASSIGNMENT (( #406 ) ) ;
#1049 = CARTESIAN_POINT ( 'NONE',  ( -0.1139999999999999902, 0.01749999999999997391, -0.04200000000000000955 ) ) ;
#1050 = ORIENTED_EDGE ( 'NONE', *, *, #1799, .F. ) ;
#1051 = PRESENTATION_LAYER_ASSIGNMENT (  '', '', ( #212 ) ) ;
#1052 = PLANE ( 'NONE',  #442 ) ;
#1053 = ORIENTED_EDGE ( 'NONE', *, *, #1138, .T. ) ;
#1054 = ORIENTED_EDGE ( 'NONE', *, *, #1823, .T. ) ;
#1055 = SURFACE_SIDE_STYLE ('',( #599 ) ) ;
#1056 = VECTOR ( 'NONE', #1161, 100.0000000000000000 ) ;
#1057 = CARTESIAN_POINT ( 'NONE',  ( 0.1225000000000000672, 0.04999999999999998196, -0.04200000000000000955 ) ) ;
#1058 = FACE_OUTER_BOUND ( 'NONE', #297, .T. ) ;
#1059 = EDGE_CURVE ( 'NONE', #1990, #1959, #1164, .T. ) ;
#1060 = DIRECTION ( 'NONE',  ( 1.000000000000000000, 0.000000000000000000, -0.000000000000000000 ) ) ;
#1061 = CARTESIAN_POINT ( 'NONE',  ( -0.03999999999999998695, -9.757819552369539906E-17, -0.1029999999999999943 ) ) ;
#1062 = AXIS2_PLACEMENT_3D ( 'NONE', #1246, #780, #467 ) ;
#1063 = ORIENTED_EDGE ( 'NONE', *, *, #736, .F. ) ;
#1064 = ORIENTED_EDGE ( 'NONE', *, *, #1558, .F. ) ;
#1065 = DIRECTION ( 'NONE',  ( 1.000000000000000000, 0.000000000000000000, -0.000000000000000000 ) ) ;
#1066 = EDGE_LOOP ( 'NONE', ( #574, #385, #242, #1966 ) ) ;
#1067 = DIRECTION ( 'NONE',  ( 1.000000000000000000, 0.000000000000000000, 0.000000000000000000 ) ) ;
#1068 = CARTESIAN_POINT ( 'NONE',  ( 0.1225000000000000672, 0.04999999999999998196, -0.08000000000000000167 ) ) ;
#1069 = DIRECTION ( 'NONE',  ( 0.000000000000000000, 0.000000000000000000, -1.000000000000000000 ) ) ;
#1070 = ORIENTED_EDGE ( 'NONE', *, *, #197, .T. ) ;
#1071 = EDGE_CURVE ( 'NONE', #956, #2029, #1183, .T. ) ;
#1072 = SURFACE_STYLE_USAGE ( .BOTH. , #1416 ) ;
#1073 = EDGE_CURVE ( 'NONE', #1261, #1339, #728, .T. ) ;
#1074 = ORIENTED_EDGE ( 'NONE', *, *, #232, .T. ) ;
#1075 = LINE ( 'NONE', #1701, #813 ) ;
#1076 = ORIENTED_EDGE ( 'NONE', *, *, #324, .T. ) ;
#1077 = DIRECTION ( 'NONE',  ( -0.000000000000000000, 0.000000000000000000, -1.000000000000000000 ) ) ;
#1078 = VECTOR ( 'NONE', #1553, 100.0000000000000000 ) ;
#1079 = VECTOR ( 'NONE', #1948, 100.0000000000000000 ) ;
#1080 = CARTESIAN_POINT ( 'NONE',  ( 0.000000000000000000, 0.000000000000000000, 0.000000000000000000 ) ) ;
#1081 = LINE ( 'NONE', #1549, #1995 ) ;
#1082 = CARTESIAN_POINT ( 'NONE',  ( -0.1224999999999999145, 0.04999999999999987094, 1.355252715606880543E-17 ) ) ;
#1083 = CARTESIAN_POINT ( 'NONE',  ( 0.1140261538461539020, 0.01760000000000007392, -0.08000000000000000167 ) ) ;
#1084 = LINE ( 'NONE', #2040, #1173 ) ;
#1085 = ORIENTED_EDGE ( 'NONE', *, *, #134, .F. ) ;
#1086 = VERTEX_POINT ( 'NONE', #854 ) ;
#1087 = EDGE_CURVE ( 'NONE', #702, #313, #1938, .T. ) ;
#1088 = ADVANCED_FACE ( 'NONE', ( #1971, #1325 ), #1625, .T. ) ;
#1089 = EDGE_CURVE ( 'NONE', #211, #828, #682, .T. ) ;
#1090 = VECTOR ( 'NONE', #1077, 100.0000000000000000 ) ;
#1091 = VERTEX_POINT ( 'NONE', #218 ) ;
#1092 = DIRECTION ( 'NONE',  ( -0.1736048920929168793, 0.02232669334179648857, -0.9845622683232524430 ) ) ;
#1093 = STYLED_ITEM ( 'NONE', ( #1166 ), #2045 ) ;
#1094 = CARTESIAN_POINT ( 'NONE',  ( 0.1059999999999999970, -5.782411586589356160E-17, -0.04200000000000000955 ) ) ;
#1095 = CARTESIAN_POINT ( 'NONE',  ( 0.1225000000000000672, 0.04999999999999998196, -0.008000000000000000167 ) ) ;
#1096 = ORIENTED_EDGE ( 'NONE', *, *, #1895, .F. ) ;
#1097 = VECTOR ( 'NONE', #101, 100.0000000000000000 ) ;
#1098 = VECTOR ( 'NONE', #1015, 100.0000000000000000 ) ;
#1099 = VERTEX_POINT ( 'NONE', #530 ) ;
#1100 = LINE ( 'NONE', #784, #1120 ) ;
#1101 = ADVANCED_FACE ( 'NONE', ( #1791 ), #63, .T. ) ;
#1102 = DIRECTION ( 'NONE',  ( 1.000000000000000000, 0.000000000000000000, -0.000000000000000000 ) ) ;
#1103 = CARTESIAN_POINT ( 'NONE',  ( -0.1060000000000000109, -8.673617379884035472E-17, -0.08000000000000000167 ) ) ;
#1104 = FACE_OUTER_BOUND ( 'NONE', #1066, .T. ) ;
#1105 = ORIENTED_EDGE ( 'NONE', *, *, #1238, .T. ) ;
#1106 = ORIENTED_EDGE ( 'NONE', *, *, #792, .F. ) ;
#1107 =( NAMED_UNIT ( * ) PLANE_ANGLE_UNIT ( ) SI_UNIT ( $, .RADIAN. ) );
#1108 = VERTEX_POINT ( 'NONE', #399 ) ;
#1109 = FILL_AREA_STYLE ('',( #1751 ) ) ;
#1110 = EDGE_CURVE ( 'NONE', #1380, #1423, #538, .T. ) ;
#1111 = ADVANCED_FACE ( 'NONE', ( #1175 ), #874, .T. ) ;
#1112 = CARTESIAN_POINT ( 'NONE',  ( -0.1139999999999999902, 0.01749999999999997391, -0.08000000000000000167 ) ) ;
#1113 = LINE ( 'NONE', #1449, #454 ) ;
#1114 =( LENGTH_UNIT ( ) NAMED_UNIT ( * ) SI_UNIT ( .CENTI., .METRE. ) );
#1115 = ORIENTED_EDGE ( 'NONE', *, *, #921, .F. ) ;
#1116 = VERTEX_POINT ( 'NONE', #1821 ) ;
#1117 = ORIENTED_EDGE ( 'NONE', *, *, #186, .T. ) ;
#1118 = LINE ( 'NONE', #624, #526 ) ;
#1119 = DIRECTION ( 'NONE',  ( 0.2530277443935243786, -0.9674590226811291549, 0.000000000000000000 ) ) ;
#1120 = VECTOR ( 'NONE', #1681, 100.0000000000000142 ) ;
#1121 = CARTESIAN_POINT ( 'NONE',  ( -0.03799999999999995048, -8.673617379884035472E-17, -0.08000000000000000167 ) ) ;
#1122 = PLANE ( 'NONE',  #181 ) ;
#1123 = SURFACE_SIDE_STYLE ('',( #1744 ) ) ;
#1124 = ORIENTED_EDGE ( 'NONE', *, *, #197, .F. ) ;
#1125 = ORIENTED_EDGE ( 'NONE', *, *, #1632, .F. ) ;
#1126 = DIRECTION ( 'NONE',  ( 1.000000000000000000, 1.426581805901979389E-16, 0.000000000000000000 ) ) ;
#1127 = ADVANCED_FACE ( 'NONE', ( #885 ), #1516, .T. ) ;
#1128 =( NAMED_UNIT ( * ) SI_UNIT ( $, .STERADIAN. ) SOLID_ANGLE_UNIT ( ) );
#1129 = VECTOR ( 'NONE', #515, 100.0000000000000000 ) ;
#1130 = CARTESIAN_POINT ( 'NONE',  ( -0.1223999999999998561, 0.04961764705882321796, -0.008000000000000000167 ) ) ;
#1131 = ORIENTED_EDGE ( 'NONE', *, *, #109, .T. ) ;
#1132 = CARTESIAN_POINT ( 'NONE',  ( 0.1223999999999998561, 0.01760000000000006004, -0.008000000000000000167 ) ) ;
#1133 = CARTESIAN_POINT ( 'NONE',  ( 0.1140000000000000457, 0.01750000000000000167, -0.08000000000000000167 ) ) ;
#1134 = ORIENTED_EDGE ( 'NONE', *, *, #34, .F. ) ;
#1135 = CARTESIAN_POINT ( 'NONE',  ( 0.03800000000000006845, -7.589415207398531038E-17, -0.08000000000000000167 ) ) ;
#1136 = LINE ( 'NONE', #1163, #400 ) ;
#1137 = ADVANCED_FACE ( 'NONE', ( #421 ), #106, .T. ) ;
#1138 = EDGE_CURVE ( 'NONE', #105, #1518, #738, .T. ) ;
#1139 = VECTOR ( 'NONE', #1782, 100.0000000000000142 ) ;
#1140 = STYLED_ITEM ( 'NONE', ( #1048 ), #1796 ) ;
#1141 = ORIENTED_EDGE ( 'NONE', *, *, #1534, .T. ) ;
#1142 = CARTESIAN_POINT ( 'NONE',  ( -0.1224999999999999284, 0.04999999999999982930, 0.000000000000000000 ) ) ;
#1143 = ORIENTED_EDGE ( 'NONE', *, *, #1699, .T. ) ;
#1144 = CARTESIAN_POINT ( 'NONE',  ( 0.1059999999999999970, 0.01750000000000000167, -0.04200000000000000955 ) ) ;
#1145 = CARTESIAN_POINT ( 'NONE',  ( -0.1223999999999998561, 0.01759999999999997330, -0.008000000000000000167 ) ) ;
#1146 = COLOUR_RGB ( '',0.6470588235294117974, 0.6196078431372549211, 0.5882352941176470784 ) ;
#1147 = CARTESIAN_POINT ( 'NONE',  ( -0.07380800611913261589, 0.02749999999999996197, 5.929230630780102373E-19 ) ) ;
#1148 = CARTESIAN_POINT ( 'NONE',  ( -0.1224999999999998868, 0.01749999999999997391, 0.000000000000000000 ) ) ;
#1149 = VERTEX_POINT ( 'NONE', #1536 ) ;
#1150 = PLANE ( 'NONE',  #83 ) ;
#1151 = ORIENTED_EDGE ( 'NONE', *, *, #693, .T. ) ;
#1152 = LINE ( 'NONE', #496, #1425 ) ;
#1153 = CARTESIAN_POINT ( 'NONE',  ( -0.1223999999999998561, 0.01999999999999992756, -0.008000000000000000167 ) ) ;
#1154 = LINE ( 'NONE', #1289, #896 ) ;
#1155 = AXIS2_PLACEMENT_3D ( 'NONE', #1189, #1639, #213 ) ;
#1156 = DIRECTION ( 'NONE',  ( 0.000000000000000000, 0.000000000000000000, 1.000000000000000000 ) ) ;
#1157 = EDGE_LOOP ( 'NONE', ( #820, #1689, #192, #38 ) ) ;
#1158 = VECTOR ( 'NONE', #734, 100.0000000000000000 ) ;
#1159 = EDGE_CURVE ( 'NONE', #1116, #1361, #572, .T. ) ;
#1160 = ORIENTED_EDGE ( 'NONE', *, *, #1699, .F. ) ;
#1161 = DIRECTION ( 'NONE',  ( 1.000000000000000000, -0.000000000000000000, 0.000000000000000000 ) ) ;
#1162 = LINE ( 'NONE', #1153, #857 ) ;
#1163 = CARTESIAN_POINT ( 'NONE',  ( 0.03800000000000006845, -7.589415207398531038E-17, -0.08000000000000000167 ) ) ;
#1164 = LINE ( 'NONE', #229, #61 ) ;
#1165 = ORIENTED_EDGE ( 'NONE', *, *, #548, .F. ) ;
#1166 = PRESENTATION_STYLE_ASSIGNMENT (( #840 ) ) ;
#1167 = ORIENTED_EDGE ( 'NONE', *, *, #1712, .F. ) ;
#1168 = UNCERTAINTY_MEASURE_WITH_UNIT (LENGTH_MEASURE( 1.000000000000000082E-05 ), #1442, 'distance_accuracy_value', 'NONE');
#1169 = EDGE_CURVE ( 'NONE', #1476, #1802, #1215, .T. ) ;
#1170 = LINE ( 'NONE', #1342, #45 ) ;
#1171 = LINE ( 'NONE', #1651, #217 ) ;
#1172 = CARTESIAN_POINT ( 'NONE',  ( -0.1055000000000000104, 0.02749999999999995157, -0.002000000000000000042 ) ) ;
#1173 = VECTOR ( 'NONE', #103, 100.0000000000000000 ) ;
#1174 = VECTOR ( 'NONE', #254, 100.0000000000000000 ) ;
#1175 = FACE_OUTER_BOUND ( 'NONE', #1212, .T. ) ;
#1176 = EDGE_LOOP ( 'NONE', ( #875, #1165, #31, #1000, #1401, #1392 ) ) ;
#1177 = ORIENTED_EDGE ( 'NONE', *, *, #277, .T. ) ;
#1178 = DIRECTION ( 'NONE',  ( 7.228014483236699514E-16, 1.000000000000000000, 0.000000000000000000 ) ) ;
#1179 = LINE ( 'NONE', #1662, #992 ) ;
#1180 = CARTESIAN_POINT ( 'NONE',  ( -0.03999999999999997308, 0.07594447944370526227, -0.1030000000000000082 ) ) ;
#1181 = LINE ( 'NONE', #871, #666 ) ;
#1182 = DIRECTION ( 'NONE',  ( -1.224606353822377505E-16, 1.000000000000000000, 0.000000000000000000 ) ) ;
#1183 = LINE ( 'NONE', #701, #1235 ) ;
#1184 = VERTEX_POINT ( 'NONE', #1205 ) ;
#1185 = ORIENTED_EDGE ( 'NONE', *, *, #1417, .T. ) ;
#1186 = VECTOR ( 'NONE', #1753, 100.0000000000000000 ) ;
#1187 = VECTOR ( 'NONE', #51, 100.0000000000000000 ) ;
#1188 = CIRCLE ( 'NONE', #292, 0.02000000000000001082 ) ;
#1189 = CARTESIAN_POINT ( 'NONE',  ( -0.07599999999999998423, 0.01749999999999996003, -0.08000000000000000167 ) ) ;
#1190 = CARTESIAN_POINT ( 'NONE',  ( -0.03999999999999998695, 0.004055520556294604957, -0.1029999999999999943 ) ) ;
#1191 = DIRECTION ( 'NONE',  ( -0.000000000000000000, -0.000000000000000000, -1.000000000000000000 ) ) ;
#1192 = LINE ( 'NONE', #1172, #723 ) ;
#1193 = VERTEX_POINT ( 'NONE', #1362 ) ;
#1194 = ADVANCED_FACE ( 'NONE', ( #409 ), #1052, .T. ) ;
#1195 = DIRECTION ( 'NONE',  ( 4.336808689942017736E-15, 1.000000000000000000, 0.000000000000000000 ) ) ;
#1196 = EDGE_CURVE ( 'NONE', #702, #1361, #1383, .T. ) ;
#1197 = ORIENTED_EDGE ( 'NONE', *, *, #109, .F. ) ;
#1198 = ORIENTED_EDGE ( 'NONE', *, *, #897, .F. ) ;
#1199 = CARTESIAN_POINT ( 'NONE',  ( 0.1140000000000000457, 0.01750000000000000167, -0.08000000000000000167 ) ) ;
#1200 = LINE ( 'NONE', #59, #2002 ) ;
#1201 =( NAMED_UNIT ( * ) SI_UNIT ( $, .STERADIAN. ) SOLID_ANGLE_UNIT ( ) );
#1202 = FACE_OUTER_BOUND ( 'NONE', #1176, .T. ) ;
#1203 = VECTOR ( 'NONE', #1592, 100.0000000000000000 ) ;
#1204 = VERTEX_POINT ( 'NONE', #1853 ) ;
#1205 = CARTESIAN_POINT ( 'NONE',  ( -0.1139999999999999902, 0.01749999999999997044, -0.007999999999999982819 ) ) ;
#1206 = ORIENTED_EDGE ( 'NONE', *, *, #25, .F. ) ;
#1207 = VERTEX_POINT ( 'NONE', #899 ) ;
#1208 = EDGE_CURVE ( 'NONE', #627, #1269, #1075, .T. ) ;
#1209 = PLANE ( 'NONE',  #1021 ) ;
#1210 = CARTESIAN_POINT ( 'NONE',  ( -0.1139999999999999902, 0.01749999999999997391, -0.08000000000000000167 ) ) ;
#1211 = CARTESIAN_POINT ( 'NONE',  ( 0.1059999999999999970, 0.01749999999999999820, -0.08000000000000000167 ) ) ;
#1212 = EDGE_LOOP ( 'NONE', ( #1131, #1228, #919, #1245 ) ) ;
#1213 = VERTEX_POINT ( 'NONE', #97 ) ;
#1214 =( GEOMETRIC_REPRESENTATION_CONTEXT ( 3 ) GLOBAL_UNCERTAINTY_ASSIGNED_CONTEXT ( ( #57 ) ) GLOBAL_UNIT_ASSIGNED_CONTEXT ( ( #1705, #914, #1540 ) ) REPRESENTATION_CONTEXT ( 'NONE', 'WORKASPACE' ) );
#1215 = LINE ( 'NONE', #1691, #68 ) ;
#1216 = ORIENTED_EDGE ( 'NONE', *, *, #1386, .F. ) ;
#1217 = CARTESIAN_POINT ( 'NONE',  ( -0.07599999999999998423, -8.673617379884035472E-17, -0.08000000000000000167 ) ) ;
#1218 = EDGE_CURVE ( 'NONE', #1916, #73, #1918, .T. ) ;
#1219 = FILL_AREA_STYLE_COLOUR ( '', #412 ) ;
#1220 = CARTESIAN_POINT ( 'NONE',  ( 0.1060000000000000109, -8.673617379884035472E-17, -0.08000000000000000167 ) ) ;
#1221 = DIRECTION ( 'NONE',  ( 1.000000000000000000, 0.000000000000000000, -0.000000000000000000 ) ) ;
#1222 = SURFACE_STYLE_FILL_AREA ( #472 ) ;
#1223 =( GEOMETRIC_REPRESENTATION_CONTEXT ( 3 ) GLOBAL_UNCERTAINTY_ASSIGNED_CONTEXT ( ( #1003 ) ) GLOBAL_UNIT_ASSIGNED_CONTEXT ( ( #940, #1721, #1472 ) ) REPRESENTATION_CONTEXT ( 'NONE', 'WORKASPACE' ) );
#1224 = ORIENTED_EDGE ( 'NONE', *, *, #1320, .T. ) ;
#1225 = DIRECTION ( 'NONE',  ( -1.000000000000000000, -1.020425574104003605E-15, 0.000000000000000000 ) ) ;
#1226 = ORIENTED_EDGE ( 'NONE', *, *, #960, .T. ) ;
#1227 = CARTESIAN_POINT ( 'NONE',  ( -0.1139999999999999902, 0.01749999999999997391, -0.08000000000000000167 ) ) ;
#1228 = ORIENTED_EDGE ( 'NONE', *, *, #1474, .T. ) ;
#1229 = PLANE ( 'NONE',  #347 ) ;
#1230 = CARTESIAN_POINT ( 'NONE',  ( -0.1223999999999998561, 0.01759999999999997330, -0.04200000000000000955 ) ) ;
#1231 = CARTESIAN_POINT ( 'NONE',  ( -0.1154469207716613266, 0.05090707085006686283, -0.1200000000000000094 ) ) ;
#1232 = ADVANCED_FACE ( 'NONE', ( #1464 ), #497, .T. ) ;
#1233 = LINE ( 'NONE', #1083, #1765 ) ;
#1234 = DIRECTION ( 'NONE',  ( -0.000000000000000000, -0.000000000000000000, -1.000000000000000000 ) ) ;
#1235 = VECTOR ( 'NONE', #1644, 100.0000000000000000 ) ;
#1236 = AXIS2_PLACEMENT_3D ( 'NONE', #79, #375, #224 ) ;
#1237 = ORIENTED_EDGE ( 'NONE', *, *, #460, .F. ) ;
#1238 = EDGE_CURVE ( 'NONE', #1363, #560, #810, .T. ) ;
#1239 = ORIENTED_EDGE ( 'NONE', *, *, #985, .T. ) ;
#1240 = CARTESIAN_POINT ( 'NONE',  ( 0.1223999999999998561, 0.01760000000000006004, -0.04200000000000000955 ) ) ;
#1241 = CARTESIAN_POINT ( 'NONE',  ( 0.1225000000000000672, 0.04999999999999996808, -0.07999999999999998779 ) ) ;
#1242 = CARTESIAN_POINT ( 'NONE',  ( -0.1224999999999999284, 0.04999999999999996114, -0.08000000000000000167 ) ) ;
#1243 = DIRECTION ( 'NONE',  ( 1.000000000000000000, -0.000000000000000000, 0.000000000000000000 ) ) ;
#1244 = UNCERTAINTY_MEASURE_WITH_UNIT (LENGTH_MEASURE( 1.000000000000000082E-05 ), #1784, 'distance_accuracy_value', 'NONE');
#1245 = ORIENTED_EDGE ( 'NONE', *, *, #360, .F. ) ;
#1246 = CARTESIAN_POINT ( 'NONE',  ( 0.1225000000000001921, 0.07999999999999998779, -0.08000000000000000167 ) ) ;
#1247 = EDGE_CURVE ( 'NONE', #1099, #1877, #505, .T. ) ;
#1248 = VECTOR ( 'NONE', #423, 100.0000000000000000 ) ;
#1249 = EDGE_LOOP ( 'NONE', ( #633, #378, #1834, #1027 ) ) ;
#1250 = PLANE ( 'NONE',  #696 ) ;
#1251 = CARTESIAN_POINT ( 'NONE',  ( 0.1225000000000001088, 0.07999999999999998779, -0.08000000000000000167 ) ) ;
#1252 = LINE ( 'NONE', #927, #511 ) ;
#1253 =( NAMED_UNIT ( * ) PLANE_ANGLE_UNIT ( ) SI_UNIT ( $, .RADIAN. ) );
#1254 = EDGE_LOOP ( 'NONE', ( #432, #550, #1568, #1151 ) ) ;
#1255 = VERTEX_POINT ( 'NONE', #1145 ) ;
#1256 = VECTOR ( 'NONE', #1908, 100.0000000000000000 ) ;
#1257 = AXIS2_PLACEMENT_3D ( 'NONE', #954, #972, #1733 ) ;
#1258 = VECTOR ( 'NONE', #1335, 100.0000000000000000 ) ;
#1259 = CARTESIAN_POINT ( 'NONE',  ( 0.1055000000000000659, 0.07000000000000000666, -0.002000000000000000042 ) ) ;
#1260 = EDGE_CURVE ( 'NONE', #939, #1255, #1162, .T. ) ;
#1261 = VERTEX_POINT ( 'NONE', #823 ) ;
#1262 = ADVANCED_FACE ( 'NONE', ( #1613 ), #1445, .T. ) ;
#1263 =( LENGTH_UNIT ( ) NAMED_UNIT ( * ) SI_UNIT ( .CENTI., .METRE. ) );
#1264 = DIRECTION ( 'NONE',  ( 0.000000000000000000, -0.000000000000000000, -1.000000000000000000 ) ) ;
#1265 = FACE_OUTER_BOUND ( 'NONE', #768, .T. ) ;
#1266 = FACE_OUTER_BOUND ( 'NONE', #379, .T. ) ;
#1267 = ORIENTED_EDGE ( 'NONE', *, *, #1307, .T. ) ;
#1268 = VERTEX_POINT ( 'NONE', #40 ) ;
#1269 = VERTEX_POINT ( 'NONE', #1454 ) ;
#1270 = SURFACE_STYLE_FILL_AREA ( #2044 ) ;
#1271 = LINE ( 'NONE', #1762, #1824 ) ;
#1272 = EDGE_CURVE ( 'NONE', #1293, #1363, #356, .T. ) ;
#1273 = AXIS2_PLACEMENT_3D ( 'NONE', #1989, #597, #1979 ) ;
#1274 = CARTESIAN_POINT ( 'NONE',  ( 0.1223999999999998561, 0.02000000000000001082, -0.04200000000000000955 ) ) ;
#1275 = LINE ( 'NONE', #471, #287 ) ;
#1276 = FILL_AREA_STYLE_COLOUR ( '', #976 ) ;
#1277 = ORIENTED_EDGE ( 'NONE', *, *, #1586, .F. ) ;
#1278 = CARTESIAN_POINT ( 'NONE',  ( -0.1154469207716612988, 0.05090707085006686283, -0.1200000000000000094 ) ) ;
#1279 = FILL_AREA_STYLE ('',( #1926 ) ) ;
#1280 = DIRECTION ( 'NONE',  ( 0.000000000000000000, 0.000000000000000000, 1.000000000000000000 ) ) ;
#1281 = DIRECTION ( 'NONE',  ( -0.1710878697460362641, 0.1710878697460354869, 0.9702875252478138091 ) ) ;
#1282 = DIRECTION ( 'NONE',  ( 0.000000000000000000, 0.000000000000000000, 1.000000000000000000 ) ) ;
#1283 = EDGE_CURVE ( 'NONE', #1690, #692, #679, .T. ) ;
#1284 = FILL_AREA_STYLE ('',( #162 ) ) ;
#1285 = ORIENTED_EDGE ( 'NONE', *, *, #762, .F. ) ;
#1286 = EDGE_CURVE ( 'NONE', #265, #1380, #528, .T. ) ;
#1287 = CARTESIAN_POINT ( 'NONE',  ( 0.03711103237568710161, 0.004055520556294620570, -0.1029999999999999943 ) ) ;
#1288 = DIRECTION ( 'NONE',  ( 1.000000000000000000, 0.000000000000000000, 0.000000000000000000 ) ) ;
#1289 = CARTESIAN_POINT ( 'NONE',  ( -0.1225000000000000117, 0.01749999999999997391, 0.000000000000000000 ) ) ;
#1290 = VECTOR ( 'NONE', #1805, 100.0000000000000000 ) ;
#1291 = ORIENTED_EDGE ( 'NONE', *, *, #1661, .F. ) ;
#1292 = DIRECTION ( 'NONE',  ( -1.000000000000000000, 0.000000000000000000, -0.000000000000000000 ) ) ;
#1293 = VERTEX_POINT ( 'NONE', #1006 ) ;
#1294 = EDGE_CURVE ( 'NONE', #1373, #1484, #189, .T. ) ;
#1295 = DIRECTION ( 'NONE',  ( 1.000000000000000000, 0.000000000000000000, -0.000000000000000000 ) ) ;
#1296 = EDGE_CURVE ( 'NONE', #1528, #1932, #1629, .T. ) ;
#1297 = VECTOR ( 'NONE', #1156, 100.0000000000000000 ) ;
#1298 =( GEOMETRIC_REPRESENTATION_CONTEXT ( 3 ) GLOBAL_UNCERTAINTY_ASSIGNED_CONTEXT ( ( #525 ) ) GLOBAL_UNIT_ASSIGNED_CONTEXT ( ( #894, #1313, #366 ) ) REPRESENTATION_CONTEXT ( 'NONE', 'WORKASPACE' ) );
#1299 =( NAMED_UNIT ( * ) SI_UNIT ( $, .STERADIAN. ) SOLID_ANGLE_UNIT ( ) );
#1300 = EDGE_LOOP ( 'NONE', ( #1443, #747, #1198, #1096, #1431 ) ) ;
#1301 = AXIS2_PLACEMENT_3D ( 'NONE', #824, #367, #1769 ) ;
#1302 = CARTESIAN_POINT ( 'NONE',  ( 0.03800000000000007538, -7.047314121155778821E-17, 0.000000000000000000 ) ) ;
#1303 = EDGE_LOOP ( 'NONE', ( #473, #1660, #1574, #1160, #74, #900, #1822, #362, #391, #1533 ) ) ;
#1304 = CARTESIAN_POINT ( 'NONE',  ( 0.07599999999999999811, 0.01749999999999998085, -0.08000000000000001554 ) ) ;
#1305 =( LENGTH_UNIT ( ) NAMED_UNIT ( * ) SI_UNIT ( .CENTI., .METRE. ) );
#1306 = PLANE ( 'NONE',  #302 ) ;
#1307 = EDGE_CURVE ( 'NONE', #1025, #702, #1188, .T. ) ;
#1308 = CARTESIAN_POINT ( 'NONE',  ( -0.1154469207716612572, 0.07294692077166134436, -0.1200000000000000094 ) ) ;
#1309 = ORIENTED_EDGE ( 'NONE', *, *, #804, .T. ) ;
#1310 = ORIENTED_EDGE ( 'NONE', *, *, #947, .F. ) ;
#1311 = CARTESIAN_POINT ( 'NONE',  ( -0.04000000000000004247, 0.005385966172754579583, -0.1029999999999999943 ) ) ;
#1312 = DIRECTION ( 'NONE',  ( -1.000000000000000000, -0.000000000000000000, 0.000000000000000000 ) ) ;
#1313 =( NAMED_UNIT ( * ) PLANE_ANGLE_UNIT ( ) SI_UNIT ( $, .RADIAN. ) );
#1314 = LINE ( 'NONE', #198, #1469 ) ;
#1315 = COLOUR_RGB ( '',0.6470588235294117974, 0.6196078431372549211, 0.5882352941176470784 ) ;
#1316 = DIRECTION ( 'NONE',  ( 4.206037906820367131E-15, 1.000000000000000000, -7.416379648549874754E-16 ) ) ;
#1317 = ORIENTED_EDGE ( 'NONE', *, *, #1991, .T. ) ;
#1318 = EDGE_CURVE ( 'NONE', #1610, #265, #334, .T. ) ;
#1319 = COLOUR_RGB ( '',0.6470588235294117974, 0.6196078431372549211, 0.5882352941176470784 ) ;
#1320 = EDGE_CURVE ( 'NONE', #692, #627, #732, .T. ) ;
#1321 = VERTEX_POINT ( 'NONE', #850 ) ;
#1322 = DIRECTION ( 'NONE',  ( -0.9186161528353299355, 0.06861726224797749796, 0.3891478318988943474 ) ) ;
#1323 = DIRECTION ( 'NONE',  ( 0.000000000000000000, 0.1736481776669303867, 0.9848077530122080203 ) ) ;
#1324 = LINE ( 'NONE', #537, #1158 ) ;
#1325 = FACE_OUTER_BOUND ( 'NONE', #139, .T. ) ;
#1326 = VERTEX_POINT ( 'NONE', #393 ) ;
#1327 = ORIENTED_EDGE ( 'NONE', *, *, #522, .T. ) ;
#1328 = ADVANCED_BREP_SHAPE_REPRESENTATION ( 'LW_Y1SG_010310_geometry', ( #826, #1633 ), #380 ) ;
#1329 =( NAMED_UNIT ( * ) PLANE_ANGLE_UNIT ( ) SI_UNIT ( $, .RADIAN. ) );
#1330 = ADVANCED_FACE ( 'NONE', ( #1795 ), #1022, .F. ) ;
#1331 = UNCERTAINTY_MEASURE_WITH_UNIT (LENGTH_MEASURE( 1.000000000000000082E-05 ), #1305, 'distance_accuracy_value', 'NONE');
#1332 = SURFACE_STYLE_FILL_AREA ( #1828 ) ;
#1333 = DIRECTION ( 'NONE',  ( 1.000000000000000000, 5.706327223607916569E-16, 0.000000000000000000 ) ) ;
#1334 = DIRECTION ( 'NONE',  ( 1.000000000000000000, 0.000000000000000000, -0.000000000000000000 ) ) ;
#1335 = DIRECTION ( 'NONE',  ( -1.000000000000000000, -0.000000000000000000, 0.000000000000000000 ) ) ;
#1336 = VECTOR ( 'NONE', #621, 100.0000000000000000 ) ;
#1337 =( GEOMETRIC_REPRESENTATION_CONTEXT ( 3 ) GLOBAL_UNCERTAINTY_ASSIGNED_CONTEXT ( ( #1331 ) ) GLOBAL_UNIT_ASSIGNED_CONTEXT ( ( #1305, #196, #990 ) ) REPRESENTATION_CONTEXT ( 'NONE', 'WORKASPACE' ) );
#1338 = CARTESIAN_POINT ( 'NONE',  ( 0.1140000000000000457, 0.01750000000000000167, -0.08000000000000000167 ) ) ;
#1339 = VERTEX_POINT ( 'NONE', #1047 ) ;
#1340 = ORIENTED_EDGE ( 'NONE', *, *, #1138, .F. ) ;
#1341 = PLANE ( 'NONE',  #825 ) ;
#1342 = CARTESIAN_POINT ( 'NONE',  ( -0.03580800611913265152, 0.009999999999999906533, 0.000000000000000000 ) ) ;
#1343 = CARTESIAN_POINT ( 'NONE',  ( 0.07380800611913260201, 0.02749999999999997932, 0.000000000000000000 ) ) ;
#1344 = EDGE_CURVE ( 'NONE', #1556, #1193, #1480, .T. ) ;
#1345 = LINE ( 'NONE', #249, #2012 ) ;
#1346 = PLANE ( 'NONE',  #1356 ) ;
#1347 = VECTOR ( 'NONE', #618, 100.0000000000000000 ) ;
#1348 = EDGE_CURVE ( 'NONE', #2033, #1255, #870, .T. ) ;
#1349 = ORIENTED_EDGE ( 'NONE', *, *, #960, .F. ) ;
#1350 = CARTESIAN_POINT ( 'NONE',  ( 0.07380800611913265752, 0.02749999999999998626, -0.002000000000000000042 ) ) ;
#1351 = ORIENTED_EDGE ( 'NONE', *, *, #855, .T. ) ;
#1352 = VECTOR ( 'NONE', #1915, 100.0000000000000142 ) ;
#1353 = ORIENTED_EDGE ( 'NONE', *, *, #232, .F. ) ;
#1354 = AXIS2_PLACEMENT_3D ( 'NONE', #32, #39, #678 ) ;
#1355 = VECTOR ( 'NONE', #962, 100.0000000000000000 ) ;
#1356 = AXIS2_PLACEMENT_3D ( 'NONE', #1061, #260, #225 ) ;
#1357 = LINE ( 'NONE', #1057, #455 ) ;
#1358 = CARTESIAN_POINT ( 'NONE',  ( -0.1223999999999998561, 0.04961764705882321796, -0.08000000000000000167 ) ) ;
#1359 = SURFACE_SIDE_STYLE ('',( #1512 ) ) ;
#1360 = PLANE ( 'NONE',  #1616 ) ;
#1361 = VERTEX_POINT ( 'NONE', #1663 ) ;
#1362 = CARTESIAN_POINT ( 'NONE',  ( 0.1225000000000001088, 0.07999999999999998779, 0.000000000000000000 ) ) ;
#1363 = VERTEX_POINT ( 'NONE', #709 ) ;
#1364 = ORIENTED_EDGE ( 'NONE', *, *, #923, .T. ) ;
#1365 = SURFACE_STYLE_USAGE ( .BOTH. , #879 ) ;
#1366 = LINE ( 'NONE', #214, #1748 ) ;
#1367 = DIRECTION ( 'NONE',  ( 1.000000000000000000, 0.000000000000000000, -0.000000000000000000 ) ) ;
#1368 = LINE ( 'NONE', #559, #1187 ) ;
#1369 = ORIENTED_EDGE ( 'NONE', *, *, #2003, .F. ) ;
#1370 = ORIENTED_EDGE ( 'NONE', *, *, #616, .F. ) ;
#1371 = CARTESIAN_POINT ( 'NONE',  ( -0.1055000000000000659, 0.06999999999999997891, -0.002000000000000000042 ) ) ;
#1372 = ADVANCED_FACE ( 'NONE', ( #1963 ), #49, .T. ) ;
#1373 = VERTEX_POINT ( 'NONE', #555 ) ;
#1374 = PRESENTATION_STYLE_ASSIGNMENT (( #902 ) ) ;
#1375 = DIRECTION ( 'NONE',  ( 1.000000000000000000, 0.000000000000000000, 0.000000000000000000 ) ) ;
#1376 = CARTESIAN_POINT ( 'NONE',  ( -0.1198999999999998262, 0.01999999999999992756, -0.008000000000000000167 ) ) ;
#1377 = CARTESIAN_POINT ( 'NONE',  ( -0.07599999999999998423, 0.01749999999999995656, -0.08000000000000000167 ) ) ;
#1378 = FACE_OUTER_BOUND ( 'NONE', #1942, .T. ) ;
#1379 = CARTESIAN_POINT ( 'NONE',  ( -0.07454540690435346173, 0.02413593593186013492, -0.1176342628065065177 ) ) ;
#1380 = VERTEX_POINT ( 'NONE', #1510 ) ;
#1381 = DIRECTION ( 'NONE',  ( 0.000000000000000000, 1.000000000000000000, 0.000000000000000000 ) ) ;
#1382 = ORIENTED_EDGE ( 'NONE', *, *, #1712, .T. ) ;
#1383 = LINE ( 'NONE', #1677, #1174 ) ;
#1384 = ORIENTED_EDGE ( 'NONE', *, *, #54, .T. ) ;
#1385 = FACE_OUTER_BOUND ( 'NONE', #483, .T. ) ;
#1386 = EDGE_CURVE ( 'NONE', #957, #1581, #1817, .T. ) ;
#1387 = PLANE ( 'NONE',  #1456 ) ;
#1388 = VECTOR ( 'NONE', #382, 100.0000000000000000 ) ;
#1389 = PLANE ( 'NONE',  #438 ) ;
#1390 = CARTESIAN_POINT ( 'NONE',  ( -0.1224999999999999284, 0.04999999999999996114, -0.08000000000000000167 ) ) ;
#1391 = UNCERTAINTY_MEASURE_WITH_UNIT (LENGTH_MEASURE( 1.000000000000000082E-05 ), #1735, 'distance_accuracy_value', 'NONE');
#1392 = ORIENTED_EDGE ( 'NONE', *, *, #804, .F. ) ;
#1393 = SURFACE_STYLE_FILL_AREA ( #116 ) ;
#1394 = APPLICATION_CONTEXT ( 'automotive_design' ) ;
#1395 = ORIENTED_EDGE ( 'NONE', *, *, #1671, .F. ) ;
#1396 = LINE ( 'NONE', #2010, #884 ) ;
#1397 = DIRECTION ( 'NONE',  ( 0.000000000000000000, -1.000000000000000000, 0.000000000000000000 ) ) ;
#1398 = EDGE_CURVE ( 'NONE', #1255, #1618, #1171, .T. ) ;
#1399 = DIRECTION ( 'NONE',  ( 0.000000000000000000, -0.000000000000000000, -1.000000000000000000 ) ) ;
#1400 = CARTESIAN_POINT ( 'NONE',  ( -0.1154469207716613266, 0.04999999999999996114, -0.1200000000000000372 ) ) ;
#1401 = ORIENTED_EDGE ( 'NONE', *, *, #891, .F. ) ;
#1402 = VECTOR ( 'NONE', #1436, 100.0000000000000000 ) ;
#1403 = MECHANICAL_DESIGN_GEOMETRIC_PRESENTATION_REPRESENTATION (  '', ( #868 ), #1032 ) ;
#1404 = ORIENTED_EDGE ( 'NONE', *, *, #55, .F. ) ;
#1405 = PLANE ( 'NONE',  #719 ) ;
#1406 = EDGE_LOOP ( 'NONE', ( #1508, #1709, #88, #263 ) ) ;
#1407 = VECTOR ( 'NONE', #331, 100.0000000000000000 ) ;
#1408 = DIRECTION ( 'NONE',  ( -1.000000000000000000, 0.000000000000000000, -0.000000000000000000 ) ) ;
#1409 = AXIS2_PLACEMENT_3D ( 'NONE', #1210, #416, #1994 ) ;
#1410 = CARTESIAN_POINT ( 'NONE',  ( 0.03800000000000006845, -7.419878721213094835E-17, -0.08000000000000001554 ) ) ;
#1411 = CARTESIAN_POINT ( 'NONE',  ( 0.08012992831541211614, 0.02455307922833858958, -0.1200000000000000094 ) ) ;
#1412 = FILL_AREA_STYLE_COLOUR ( '', #1146 ) ;
#1413 = ORIENTED_EDGE ( 'NONE', *, *, #445, .F. ) ;
#1414 = VECTOR ( 'NONE', #776, 100.0000000000000000 ) ;
#1415 = ADVANCED_FACE ( 'NONE', ( #374 ), #415, .T. ) ;
#1416 = SURFACE_SIDE_STYLE ('',( #1270 ) ) ;
#1417 = EDGE_CURVE ( 'NONE', #560, #1932, #1366, .T. ) ;
#1418 = PRESENTATION_LAYER_ASSIGNMENT (  '', '', ( #714 ) ) ;
#1419 = ORIENTED_EDGE ( 'NONE', *, *, #1593, .F. ) ;
#1420 = LINE ( 'NONE', #300, #1961 ) ;
#1421 = CARTESIAN_POINT ( 'NONE',  ( -0.1059999999999999970, -8.673617379884035472E-17, -0.04200000000000000955 ) ) ;
#1422 = ORIENTED_EDGE ( 'NONE', *, *, #548, .T. ) ;
#1423 = VERTEX_POINT ( 'NONE', #1180 ) ;
#1424 = ORIENTED_EDGE ( 'NONE', *, *, #33, .F. ) ;
#1425 = VECTOR ( 'NONE', #1591, 100.0000000000000000 ) ;
#1426 = PLANE ( 'NONE',  #1062 ) ;
#1427 = VECTOR ( 'NONE', #1555, 100.0000000000000000 ) ;
#1428 = EDGE_CURVE ( 'NONE', #939, #272, #721, .T. ) ;
#1429 = DIRECTION ( 'NONE',  ( 0.000000000000000000, -0.000000000000000000, -1.000000000000000000 ) ) ;
#1430 = DIRECTION ( 'NONE',  ( 0.000000000000000000, -1.000000000000000000, -0.000000000000000000 ) ) ;
#1431 = ORIENTED_EDGE ( 'NONE', *, *, #958, .T. ) ;
#1432 = ORIENTED_EDGE ( 'NONE', *, *, #159, .T. ) ;
#1433 = ORIENTED_EDGE ( 'NONE', *, *, #1087, .F. ) ;
#1434 = DIRECTION ( 'NONE',  ( 0.9083088662063590890, -0.4183001357529285702, 0.000000000000000000 ) ) ;
#1435 = DIRECTION ( 'NONE',  ( 0.000000000000000000, -0.000000000000000000, -1.000000000000000000 ) ) ;
#1436 = DIRECTION ( 'NONE',  ( 0.000000000000000000, -1.000000000000000000, -0.000000000000000000 ) ) ;
#1437 = ADVANCED_FACE ( 'NONE', ( #1975 ), #569, .T. ) ;
#1438 = EDGE_CURVE ( 'NONE', #1484, #584, #1200, .T. ) ;
#1439 = VECTOR ( 'NONE', #407, 100.0000000000000000 ) ;
#1440 = LINE ( 'NONE', #1448, #22 ) ;
#1441 = LINE ( 'NONE', #973, #1715 ) ;
#1442 =( LENGTH_UNIT ( ) NAMED_UNIT ( * ) SI_UNIT ( .CENTI., .METRE. ) );
#1443 = ORIENTED_EDGE ( 'NONE', *, *, #1896, .F. ) ;
#1444 = DIRECTION ( 'NONE',  ( 4.336808689942017736E-15, 1.000000000000000000, 0.000000000000000000 ) ) ;
#1445 = PLANE ( 'NONE',  #1458 ) ;
#1446 = CARTESIAN_POINT ( 'NONE',  ( 0.1085543383475170709, 0.02455307922833857570, -0.1200000000000000372 ) ) ;
#1447 = ORIENTED_EDGE ( 'NONE', *, *, #324, .F. ) ;
#1448 = CARTESIAN_POINT ( 'NONE',  ( -0.1139999999999999902, 0.01749999999999997391, -0.04199999999999998873 ) ) ;
#1449 = CARTESIAN_POINT ( 'NONE',  ( -0.1055000000000000104, 0.01749999999999997391, 0.000000000000000000 ) ) ;
#1450 = CARTESIAN_POINT ( 'NONE',  ( -0.1060000000000000386, 0.02102500218510037003, -0.08000000000000000167 ) ) ;
#1451 = EDGE_CURVE ( 'NONE', #778, #668, #1523, .T. ) ;
#1452 = ORIENTED_EDGE ( 'NONE', *, *, #864, .F. ) ;
#1453 = LINE ( 'NONE', #26, #2035 ) ;
#1454 = CARTESIAN_POINT ( 'NONE',  ( -0.03580800611913265846, 0.009999999999999910003, 5.929230630780102373E-19 ) ) ;
#1455 = PLANE ( 'NONE',  #1301 ) ;
#1456 = AXIS2_PLACEMENT_3D ( 'NONE', #425, #123, #268 ) ;
#1457 = VECTOR ( 'NONE', #580, 100.0000000000000000 ) ;
#1458 = AXIS2_PLACEMENT_3D ( 'NONE', #1135, #487, #1126 ) ;
#1459 = CARTESIAN_POINT ( 'NONE',  ( -0.1139999999999999902, 0.01749999999999997391, -0.008000000000000000167 ) ) ;
#1460 = ORIENTED_EDGE ( 'NONE', *, *, #684, .F. ) ;
#1461 = CARTESIAN_POINT ( 'NONE',  ( -0.07380800611913261589, 0.02749999999999996197, -0.002000000000000000042 ) ) ;
#1462 = EDGE_LOOP ( 'NONE', ( #1432, #833, #256, #1517, #1722, #401, #602, #396 ) ) ;
#1463 = CARTESIAN_POINT ( 'NONE',  ( 0.1223999999999998561, 0.01760000000000006004, -0.04200000000000000955 ) ) ;
#1464 = FACE_OUTER_BOUND ( 'NONE', #524, .T. ) ;
#1465 = ADVANCED_FACE ( 'NONE', ( #1058 ), #1209, .T. ) ;
#1466 = SURFACE_SIDE_STYLE ('',( #1935 ) ) ;
#1467 = LINE ( 'NONE', #1459, #604 ) ;
#1468 = ORIENTED_EDGE ( 'NONE', *, *, #563, .F. ) ;
#1469 = VECTOR ( 'NONE', #662, 100.0000000000000142 ) ;
#1470 =( NAMED_UNIT ( * ) PLANE_ANGLE_UNIT ( ) SI_UNIT ( $, .RADIAN. ) );
#1471 = ORIENTED_EDGE ( 'NONE', *, *, #2003, .T. ) ;
#1472 =( NAMED_UNIT ( * ) SI_UNIT ( $, .STERADIAN. ) SOLID_ANGLE_UNIT ( ) );
#1473 = CARTESIAN_POINT ( 'NONE',  ( -0.1398999999999998856, 0.04999999999999996114, -0.04200000000000000955 ) ) ;
#1474 = EDGE_CURVE ( 'NONE', #419, #539, #1499, .T. ) ;
#1475 = DIRECTION ( 'NONE',  ( 0.000000000000000000, 0.000000000000000000, 1.000000000000000000 ) ) ;
#1476 = VERTEX_POINT ( 'NONE', #926 ) ;
#1477 = ORIENTED_EDGE ( 'NONE', *, *, #1496, .T. ) ;
#1478 = UNCERTAINTY_MEASURE_WITH_UNIT (LENGTH_MEASURE( 1.000000000000000082E-05 ), #469, 'distance_accuracy_value', 'NONE');
#1479 = DIRECTION ( 'NONE',  ( 0.000000000000000000, 0.000000000000000000, 1.000000000000000000 ) ) ;
#1480 = LINE ( 'NONE', #890, #1290 ) ;
#1481 = CARTESIAN_POINT ( 'NONE',  ( -0.07599999999999998423, 0.01749999999999996003, -0.08000000000000000167 ) ) ;
#1482 = FACE_OUTER_BOUND ( 'NONE', #1573, .T. ) ;
#1483 = CARTESIAN_POINT ( 'NONE',  ( -0.04000000000000004247, -1.084202172485504434E-16, -0.1030000000000000082 ) ) ;
#1484 = VERTEX_POINT ( 'NONE', #904 ) ;
#1485 = EDGE_CURVE ( 'NONE', #1988, #1086, #111, .T. ) ;
#1486 = VECTOR ( 'NONE', #594, 100.0000000000000000 ) ;
#1487 = FACE_OUTER_BOUND ( 'NONE', #929, .T. ) ;
#1488 = CARTESIAN_POINT ( 'NONE',  ( -0.07599999999999998423, 0.01759999999999997330, -0.008000000000000000167 ) ) ;
#1489 = DIRECTION ( 'NONE',  ( 5.706327223607916569E-16, -1.000000000000000000, 0.000000000000000000 ) ) ;
#1490 = CARTESIAN_POINT ( 'NONE',  ( -0.1225000000000000117, 0.02749999999999996891, 0.000000000000000000 ) ) ;
#1491 = CARTESIAN_POINT ( 'NONE',  ( 0.1398999999999998578, 0.02000000000000001082, -0.04200000000000000955 ) ) ;
#1492 = VERTEX_POINT ( 'NONE', #1082 ) ;
#1493 = VECTOR ( 'NONE', #795, 100.0000000000000000 ) ;
#1494 = AXIS2_PLACEMENT_3D ( 'NONE', #1641, #215, #1334 ) ;
#1495 = ORIENTED_EDGE ( 'NONE', *, *, #984, .T. ) ;
#1496 = EDGE_CURVE ( 'NONE', #2024, #410, #258, .T. ) ;
#1497 =( LENGTH_UNIT ( ) NAMED_UNIT ( * ) SI_UNIT ( .CENTI., .METRE. ) );
#1498 = DIRECTION ( 'NONE',  ( -0.000000000000000000, -1.000000000000000000, -0.000000000000000000 ) ) ;
#1499 = LINE ( 'NONE', #1190, #722 ) ;
#1500 = SURFACE_STYLE_FILL_AREA ( #206 ) ;
#1501 = DIRECTION ( 'NONE',  ( -0.2530277443935243786, 0.9674590226811291549, -0.000000000000000000 ) ) ;
#1502 =( GEOMETRIC_REPRESENTATION_CONTEXT ( 3 ) GLOBAL_UNCERTAINTY_ASSIGNED_CONTEXT ( ( #1787 ) ) GLOBAL_UNIT_ASSIGNED_CONTEXT ( ( #1114, #1253, #270 ) ) REPRESENTATION_CONTEXT ( 'NONE', 'WORKASPACE' ) );
#1503 = VERTEX_POINT ( 'NONE', #1410 ) ;
#1504 = AXIS2_PLACEMENT_3D ( 'NONE', #1242, #1871, #1707 ) ;
#1505 = VECTOR ( 'NONE', #949, 100.0000000000000000 ) ;
#1506 = DIRECTION ( 'NONE',  ( 1.404908822758426149E-16, -0.9848077530122081313, -0.1736481776669304145 ) ) ;
#1507 = ORIENTED_EDGE ( 'NONE', *, *, #1496, .F. ) ;
#1508 = ORIENTED_EDGE ( 'NONE', *, *, #1247, .F. ) ;
#1509 = DIRECTION ( 'NONE',  ( 0.000000000000000000, 0.000000000000000000, 1.000000000000000000 ) ) ;
#1510 = CARTESIAN_POINT ( 'NONE',  ( -0.04000000000000004247, 0.005385966172754579583, -0.1030000000000000082 ) ) ;
#1511 = EDGE_CURVE ( 'NONE', #815, #957, #288, .T. ) ;
#1512 = SURFACE_STYLE_FILL_AREA ( #881 ) ;
#1513 = DIRECTION ( 'NONE',  ( 0.000000000000000000, 0.000000000000000000, 1.000000000000000000 ) ) ;
#1514 =( GEOMETRIC_REPRESENTATION_CONTEXT ( 3 ) GLOBAL_UNCERTAINTY_ASSIGNED_CONTEXT ( ( #1943 ) ) GLOBAL_UNIT_ASSIGNED_CONTEXT ( ( #1263, #1846, #130 ) ) REPRESENTATION_CONTEXT ( 'NONE', 'WORKASPACE' ) );
#1515 = ORIENTED_EDGE ( 'NONE', *, *, #1875, .T. ) ;
#1516 = PLANE ( 'NONE',  #1867 ) ;
#1517 = ORIENTED_EDGE ( 'NONE', *, *, #55, .T. ) ;
#1518 = VERTEX_POINT ( 'NONE', #1870 ) ;
#1519 = VECTOR ( 'NONE', #188, 100.0000000000000000 ) ;
#1520 = VECTOR ( 'NONE', #754, 99.99999999999998579 ) ;
#1521 = VECTOR ( 'NONE', #725, 100.0000000000000142 ) ;
#1522 = PRESENTATION_STYLE_ASSIGNMENT (( #1365 ) ) ;
#1523 = LINE ( 'NONE', #405, #491 ) ;
#1524 = DIRECTION ( 'NONE',  ( -0.000000000000000000, -1.000000000000000000, -0.000000000000000000 ) ) ;
#1525 = ORIENTED_EDGE ( 'NONE', *, *, #1169, .T. ) ;
#1526 = ADVANCED_FACE ( 'NONE', ( #1530 ), #775, .T. ) ;
#1527 = DIRECTION ( 'NONE',  ( -1.000000000000000000, -0.000000000000000000, 0.000000000000000000 ) ) ;
#1528 = VERTEX_POINT ( 'NONE', #620 ) ;
#1529 = ORIENTED_EDGE ( 'NONE', *, *, #1750, .F. ) ;
#1530 = FACE_OUTER_BOUND ( 'NONE', #129, .T. ) ;
#1531 = CARTESIAN_POINT ( 'NONE',  ( -0.1139999999999999902, 0.01749999999999997391, -0.08000000000000000167 ) ) ;
#1532 = CARTESIAN_POINT ( 'NONE',  ( 0.07454540690435346173, 0.02413593593186016267, -0.1176342628065065593 ) ) ;
#1533 = ORIENTED_EDGE ( 'NONE', *, *, #1218, .F. ) ;
#1534 = EDGE_CURVE ( 'NONE', #1193, #1959, #437, .T. ) ;
#1535 = EDGE_LOOP ( 'NONE', ( #726, #484, #1395, #1460, #443, #685, #862, #1669, #1206, #1737 ) ) ;
#1536 = CARTESIAN_POINT ( 'NONE',  ( -0.1398999999999998300, 0.04999999999999996114, -0.008000000000000000167 ) ) ;
#1537 = EDGE_CURVE ( 'NONE', #1528, #956, #2038, .T. ) ;
#1538 = EDGE_LOOP ( 'NONE', ( #987, #1317, #1267, #117, #278, #1353, #951, #1167, #769, #729 ) ) ;
#1539 = FILL_AREA_STYLE_COLOUR ( '', #448 ) ;
#1540 =( NAMED_UNIT ( * ) SI_UNIT ( $, .STERADIAN. ) SOLID_ANGLE_UNIT ( ) );
#1541 = CARTESIAN_POINT ( 'NONE',  ( -0.1398999999999998300, 0.01999999999999992756, -0.008000000000000000167 ) ) ;
#1542 = CARTESIAN_POINT ( 'NONE',  ( -0.1055000000000000104, 0.02749999999999995851, 1.694065894508600678E-19 ) ) ;
#1543 = DIRECTION ( 'NONE',  ( -2.891205793294679017E-15, -1.000000000000000000, 0.000000000000000000 ) ) ;
#1544 = ORIENTED_EDGE ( 'NONE', *, *, #661, .T. ) ;
#1545 = DIRECTION ( 'NONE',  ( 1.000000000000000000, 0.000000000000000000, -0.000000000000000000 ) ) ;
#1546 = VERTEX_POINT ( 'NONE', #787 ) ;
#1547 = STYLED_ITEM ( 'NONE', ( #866 ), #1328 ) ;
#1548 = LINE ( 'NONE', #118, #619 ) ;
#1549 = CARTESIAN_POINT ( 'NONE',  ( 0.1060000000000000109, -8.673617379884035472E-17, -0.08000000000000000167 ) ) ;
#1550 = FACE_OUTER_BOUND ( 'NONE', #741, .T. ) ;
#1551 = AXIS2_PLACEMENT_3D ( 'NONE', #1013, #237, #698 ) ;
#1552 = CARTESIAN_POINT ( 'NONE',  ( 0.1225000000000000672, 0.04999999999999998890, -0.08000000000000000167 ) ) ;
#1553 = DIRECTION ( 'NONE',  ( 0.2530277443935266546, 0.9674590226811283777, 0.000000000000000000 ) ) ;
#1554 = ORIENTED_EDGE ( 'NONE', *, *, #739, .T. ) ;
#1555 = DIRECTION ( 'NONE',  ( 0.000000000000000000, -1.000000000000000000, -0.000000000000000000 ) ) ;
#1556 = VERTEX_POINT ( 'NONE', #629 ) ;
#1557 = CARTESIAN_POINT ( 'NONE',  ( 0.1055000000000000659, 0.07000000000000000666, -0.002000000000000000042 ) ) ;
#1558 = EDGE_CURVE ( 'NONE', #1874, #846, #1726, .T. ) ;
#1559 = EDGE_CURVE ( 'NONE', #64, #1874, #281, .T. ) ;
#1560 = DIRECTION ( 'NONE',  ( -0.000000000000000000, -0.000000000000000000, -1.000000000000000000 ) ) ;
#1561 = CARTESIAN_POINT ( 'NONE',  ( -0.1055000000000000104, 0.02749999999999995157, -0.002000000000000000042 ) ) ;
#1562 = DIRECTION ( 'NONE',  ( 0.9083088662063584229, 0.4183001357529300135, 0.000000000000000000 ) ) ;
#1563 = PRODUCT ( 'LW_Y1SG_010310_geometry', 'LW_Y1SG_010310_geometry', '', ( #1857 ) ) ;
#1564 = CIRCLE ( 'NONE', #1031, 0.02000000000000001082 ) ;
#1565 = COLOUR_RGB ( '',1.000000000000000000, 1.000000000000000000, 0.000000000000000000 ) ;
#1566 = EDGE_LOOP ( 'NONE', ( #933, #408, #1038, #1285, #789 ) ) ;
#1567 = COLOUR_RGB ( '',0.6470588235294117974, 0.6196078431372549211, 0.5882352941176470784 ) ;
#1568 = ORIENTED_EDGE ( 'NONE', *, *, #276, .F. ) ;
#1569 = CARTESIAN_POINT ( 'NONE',  ( -0.1223999999999998561, 0.04999999999999996114, -0.04200000000000000955 ) ) ;
#1570 = DIRECTION ( 'NONE',  ( 0.000000000000000000, 0.000000000000000000, -1.000000000000000000 ) ) ;
#1571 = DIRECTION ( 'NONE',  ( 0.9186161528353298245, 0.06861726224797887186, -0.3891478318988942919 ) ) ;
#1572 = ORIENTED_EDGE ( 'NONE', *, *, #921, .T. ) ;
#1573 = EDGE_LOOP ( 'NONE', ( #1237, #201, #115, #1854, #737 ) ) ;
#1574 = ORIENTED_EDGE ( 'NONE', *, *, #96, .F. ) ;
#1575 = PLANE ( 'NONE',  #316 ) ;
#1576 = AXIS2_PLACEMENT_3D ( 'NONE', #1230, #753, #2013 ) ;
#1577 = LINE ( 'NONE', #339, #1919 ) ;
#1578 = LINE ( 'NONE', #1132, #1186 ) ;
#1579 = DIRECTION ( 'NONE',  ( 0.000000000000000000, 0.000000000000000000, -1.000000000000000000 ) ) ;
#1580 = DIRECTION ( 'NONE',  ( 0.2530277443935266546, 0.9674590226811283777, 0.000000000000000000 ) ) ;
#1581 = VERTEX_POINT ( 'NONE', #1541 ) ;
#1582 = ORIENTED_EDGE ( 'NONE', *, *, #816, .T. ) ;
#1583 = ORIENTED_EDGE ( 'NONE', *, *, #387, .T. ) ;
#1584 = PRESENTATION_STYLE_ASSIGNMENT (( #1072 ) ) ;
#1585 = STYLED_ITEM ( 'NONE', ( #2020 ), #508 ) ;
#1586 = EDGE_CURVE ( 'NONE', #1261, #877, #1888, .T. ) ;
#1587 = CARTESIAN_POINT ( 'NONE',  ( 0.1225000000000000672, 0.04999999999999998196, -0.08000000000000000167 ) ) ;
#1588 = LINE ( 'NONE', #796, #930 ) ;
#1589 = CARTESIAN_POINT ( 'NONE',  ( 0.1225000000000000672, 0.04999999999999998196, -0.07999999999999998779 ) ) ;
#1590 = ORIENTED_EDGE ( 'NONE', *, *, #274, .T. ) ;
#1591 = DIRECTION ( 'NONE',  ( 0.9083088662063585339, -0.4183001357529299580, 0.000000000000000000 ) ) ;
#1592 = DIRECTION ( 'NONE',  ( 1.000000000000000000, 0.000000000000000000, -0.000000000000000000 ) ) ;
#1593 = EDGE_CURVE ( 'NONE', #1086, #1802, #1993, .T. ) ;
#1594 = CARTESIAN_POINT ( 'NONE',  ( 0.1225000000000002753, 0.07999999999999998779, -0.07999999999999998779 ) ) ;
#1595 = ORIENTED_EDGE ( 'NONE', *, *, #78, .F. ) ;
#1596 = ADVANCED_FACE ( 'NONE', ( #1550 ), #590, .F. ) ;
#1597 = VECTOR ( 'NONE', #1601, 100.0000000000000000 ) ;
#1598 = VECTOR ( 'NONE', #1562, 100.0000000000000000 ) ;
#1599 = VECTOR ( 'NONE', #1623, 100.0000000000000142 ) ;
#1600 = CARTESIAN_POINT ( 'NONE',  ( -0.07599999999999998423, 0.01749999999999996003, -0.08000000000000000167 ) ) ;
#1601 = DIRECTION ( 'NONE',  ( 0.000000000000000000, 1.000000000000000000, 0.000000000000000000 ) ) ;
#1602 = PRESENTATION_STYLE_ASSIGNMENT (( #1899 ) ) ;
#1603 = ORIENTED_EDGE ( 'NONE', *, *, #9, .F. ) ;
#1604 = CARTESIAN_POINT ( 'NONE',  ( 0.1225000000000001921, 0.07999999999999998779, -0.08000000000000000167 ) ) ;
#1605 = DIRECTION ( 'NONE',  ( 0.000000000000000000, 0.000000000000000000, 1.000000000000000000 ) ) ;
#1606 = DIRECTION ( 'NONE',  ( 0.000000000000000000, 0.000000000000000000, 1.000000000000000000 ) ) ;
#1607 = ORIENTED_EDGE ( 'NONE', *, *, #262, .T. ) ;
#1608 = ADVANCED_FACE ( 'NONE', ( #1694 ), #1387, .T. ) ;
#1609 = SURFACE_STYLE_USAGE ( .BOTH. , #630 ) ;
#1610 = VERTEX_POINT ( 'NONE', #915 ) ;
#1611 = VECTOR ( 'NONE', #649, 100.0000000000000142 ) ;
#1612 = LINE ( 'NONE', #651, #1256 ) ;
#1613 = FACE_OUTER_BOUND ( 'NONE', #716, .T. ) ;
#1614 = VECTOR ( 'NONE', #670, 100.0000000000000000 ) ;
#1615 = VECTOR ( 'NONE', #1882, 100.0000000000000000 ) ;
#1616 = AXIS2_PLACEMENT_3D ( 'NONE', #1036, #1513, #1965 ) ;
#1617 = CARTESIAN_POINT ( 'NONE',  ( 0.1198999999999998262, -4.336808689942017736E-17, -0.04200000000000000955 ) ) ;
#1618 = VERTEX_POINT ( 'NONE', #2004 ) ;
#1619 =( LENGTH_UNIT ( ) NAMED_UNIT ( * ) SI_UNIT ( .CENTI., .METRE. ) );
#1620 = ORIENTED_EDGE ( 'NONE', *, *, #262, .F. ) ;
#1621 = ADVANCED_FACE ( 'NONE', ( #600 ), #1717, .T. ) ;
#1622 = CARTESIAN_POINT ( 'NONE',  ( 0.1225000000000001921, 0.07999999999999998779, 0.000000000000000000 ) ) ;
#1623 = DIRECTION ( 'NONE',  ( 0.03803603028100126238, -0.1735225203546190698, 0.9840951149813942367 ) ) ;
#1624 = DIRECTION ( 'NONE',  ( 0.000000000000000000, 0.000000000000000000, 1.000000000000000000 ) ) ;
#1625 = PLANE ( 'NONE',  #913 ) ;
#1626 = ORIENTED_EDGE ( 'NONE', *, *, #1398, .T. ) ;
#1627 = ORIENTED_EDGE ( 'NONE', *, *, #792, .T. ) ;
#1628 = DIRECTION ( 'NONE',  ( 0.000000000000000000, -0.000000000000000000, 1.000000000000000000 ) ) ;
#1629 = LINE ( 'NONE', #205, #119 ) ;
#1630 = LINE ( 'NONE', #1806, #1659 ) ;
#1631 = DIRECTION ( 'NONE',  ( 1.000000000000000000, 0.000000000000000000, -0.000000000000000000 ) ) ;
#1632 = EDGE_CURVE ( 'NONE', #1990, #211, #608, .T. ) ;
#1633 = AXIS2_PLACEMENT_3D ( 'NONE', #1080, #245, #1375 ) ;
#1634 = DIRECTION ( 'NONE',  ( 5.706327223607916569E-16, -1.000000000000000000, 0.000000000000000000 ) ) ;
#1635 = ORIENTED_EDGE ( 'NONE', *, *, #1955, .T. ) ;
#1636 = SURFACE_SIDE_STYLE ('',( #1815 ) ) ;
#1637 = STYLED_ITEM ( 'NONE', ( #1522 ), #710 ) ;
#1638 = UNCERTAINTY_MEASURE_WITH_UNIT (LENGTH_MEASURE( 1.000000000000000082E-05 ), #1953, 'distance_accuracy_value', 'NONE');
#1639 = DIRECTION ( 'NONE',  ( -2.809817645516852298E-16, -0.9848077530122081313, -0.1736481776669304145 ) ) ;
#1640 = CARTESIAN_POINT ( 'NONE',  ( -0.07599999999999998423, -8.673617379884035472E-17, -0.04200000000000000955 ) ) ;
#1641 = CARTESIAN_POINT ( 'NONE',  ( 0.1198999999999998262, 0.02000000000000001082, -0.008000000000000000167 ) ) ;
#1642 = DIRECTION ( 'NONE',  ( 0.000000000000000000, -0.000000000000000000, -1.000000000000000000 ) ) ;
#1643 = EDGE_CURVE ( 'NONE', #466, #1321, #294, .T. ) ;
#1644 = DIRECTION ( 'NONE',  ( 0.2530277443935261550, 0.9674590226811285998, 0.000000000000000000 ) ) ;
#1645 = ADVANCED_FACE ( 'NONE', ( #329 ), #10, .T. ) ;
#1646 = ORIENTED_EDGE ( 'NONE', *, *, #1428, .F. ) ;
#1647 = AXIS2_PLACEMENT_3D ( 'NONE', #859, #1489, #1333 ) ;
#1648 = ORIENTED_EDGE ( 'NONE', *, *, #923, .F. ) ;
#1649 = SURFACE_SIDE_STYLE ('',( #1803 ) ) ;
#1650 = PLANE ( 'NONE',  #1675 ) ;
#1651 = CARTESIAN_POINT ( 'NONE',  ( -0.1198999999999998262, 0.01759999999999997330, -0.008000000000000000167 ) ) ;
#1652 = PLANE ( 'NONE',  #1494 ) ;
#1653 = PLANE ( 'NONE',  #86 ) ;
#1654 = VERTEX_POINT ( 'NONE', #1742 ) ;
#1655 = DIRECTION ( 'NONE',  ( 1.000000000000000000, 5.706327223607916569E-16, 0.000000000000000000 ) ) ;
#1656 = ORIENTED_EDGE ( 'NONE', *, *, #1485, .T. ) ;
#1657 = ADVANCED_FACE ( 'NONE', ( #154 ), #161, .T. ) ;
#1658 = VECTOR ( 'NONE', #191, 100.0000000000000000 ) ;
#1659 = VECTOR ( 'NONE', #383, 100.0000000000000000 ) ;
#1660 = ORIENTED_EDGE ( 'NONE', *, *, #545, .T. ) ;
#1661 = EDGE_CURVE ( 'NONE', #1802, #1213, #1, .T. ) ;
#1662 = CARTESIAN_POINT ( 'NONE',  ( 0.07599999999999998423, 0.01760000000000006004, -0.08000000000000000167 ) ) ;
#1663 = CARTESIAN_POINT ( 'NONE',  ( 0.1398999999999998856, 0.05000000000000000278, -0.008000000000000000167 ) ) ;
#1664 = FACE_OUTER_BOUND ( 'NONE', #1462, .T. ) ;
#1665 = CARTESIAN_POINT ( 'NONE',  ( 0.03580800611913265152, 0.009999999999999906533, -0.002000000000000000042 ) ) ;
#1666 = EDGE_LOOP ( 'NONE', ( #1224, #1998, #783, #571, #1471, #354, #1812, #1792 ) ) ;
#1667 = LINE ( 'NONE', #1018, #1856 ) ;
#1668 = EDGE_LOOP ( 'NONE', ( #418, #1820, #1382, #474 ) ) ;
#1669 = ORIENTED_EDGE ( 'NONE', *, *, #727, .F. ) ;
#1670 = VECTOR ( 'NONE', #1221, 100.0000000000000000 ) ;
#1671 = EDGE_CURVE ( 'NONE', #453, #1654, #309, .T. ) ;
#1672 = CARTESIAN_POINT ( 'NONE',  ( -0.1055000000000000659, 0.06999999999999997891, -0.002000000000000000042 ) ) ;
#1673 = CARTESIAN_POINT ( 'NONE',  ( -0.07599999999999999811, 0.01749999999999994962, -0.08000000000000000167 ) ) ;
#1674 = CARTESIAN_POINT ( 'NONE',  ( -0.1055000000000000659, 0.06999999999999997891, -0.002000000000000000042 ) ) ;
#1675 = AXIS2_PLACEMENT_3D ( 'NONE', #1033, #1509, #1046 ) ;
#1676 = ORIENTED_EDGE ( 'NONE', *, *, #673, .T. ) ;
#1677 = CARTESIAN_POINT ( 'NONE',  ( 0.1398999999999998578, 0.02000000000000001082, -0.008000000000000000167 ) ) ;
#1678 = ORIENTED_EDGE ( 'NONE', *, *, #646, .T. ) ;
#1679 = ORIENTED_EDGE ( 'NONE', *, *, #1272, .T. ) ;
#1680 = VECTOR ( 'NONE', #1974, 100.0000000000000000 ) ;
#1681 = DIRECTION ( 'NONE',  ( -0.9186161528353303796, -0.06861726224797740081, -0.3891478318988933482 ) ) ;
#1682 = STYLED_ITEM ( 'NONE', ( #1584 ), #498 ) ;
#1683 = DIRECTION ( 'NONE',  ( -0.000000000000000000, -1.000000000000000000, 0.000000000000000000 ) ) ;
#1684 = DIRECTION ( 'NONE',  ( -1.206001831632289084E-16, 0.9848077530122081313, -0.1736481776669304145 ) ) ;
#1685 = EDGE_CURVE ( 'NONE', #1361, #2007, #1897, .T. ) ;
#1686 = DIRECTION ( 'NONE',  ( 0.9674590226811283777, -0.2530277443935266546, 0.000000000000000000 ) ) ;
#1687 = CARTESIAN_POINT ( 'NONE',  ( 0.1059999999999999970, 0.02000000000000001082, -0.04200000000000000955 ) ) ;
#1688 = EDGE_CURVE ( 'NONE', #1108, #202, #1588, .T. ) ;
#1689 = ORIENTED_EDGE ( 'NONE', *, *, #816, .F. ) ;
#1690 = VERTEX_POINT ( 'NONE', #817 ) ;
#1691 = CARTESIAN_POINT ( 'NONE',  ( -0.1085543383475170293, 0.02455307922833856876, -0.1200000000000000094 ) ) ;
#1692 = ORIENTED_EDGE ( 'NONE', *, *, #1895, .T. ) ;
#1693 = SURFACE_STYLE_USAGE ( .BOTH. , #903 ) ;
#1694 = FACE_OUTER_BOUND ( 'NONE', #971, .T. ) ;
#1695 = DIRECTION ( 'NONE',  ( 0.000000000000000000, -0.000000000000000000, -1.000000000000000000 ) ) ;
#1696 = LINE ( 'NONE', #1390, #811 ) ;
#1697 = ORIENTED_EDGE ( 'NONE', *, *, #159, .F. ) ;
#1698 = VERTEX_POINT ( 'NONE', #806 ) ;
#1699 = EDGE_CURVE ( 'NONE', #717, #1907, #1440, .T. ) ;
#1700 = VECTOR ( 'NONE', #464, 100.0000000000000000 ) ;
#1701 = CARTESIAN_POINT ( 'NONE',  ( -0.1225000000000000117, 0.009999999999999918676, 0.000000000000000000 ) ) ;
#1702 = VECTOR ( 'NONE', #583, 100.0000000000000000 ) ;
#1703 = EDGE_LOOP ( 'NONE', ( #180, #145, #104, #748 ) ) ;
#1704 = DIRECTION ( 'NONE',  ( 1.000000000000000000, 3.421060147118237660E-16, 0.000000000000000000 ) ) ;
#1705 =( LENGTH_UNIT ( ) NAMED_UNIT ( * ) SI_UNIT ( .CENTI., .METRE. ) );
#1706 = DIRECTION ( 'NONE',  ( 0.000000000000000000, 0.000000000000000000, 1.000000000000000000 ) ) ;
#1707 = DIRECTION ( 'NONE',  ( -0.1736481776669303867, 0.000000000000000000, 0.9848077530122080203 ) ) ;
#1708 = SURFACE_STYLE_USAGE ( .BOTH. , #451 ) ;
#1709 = ORIENTED_EDGE ( 'NONE', *, *, #763, .F. ) ;
#1710 = ORIENTED_EDGE ( 'NONE', *, *, #1837, .F. ) ;
#1711 = STYLED_ITEM ( 'NONE', ( #1913 ), #878 ) ;
#1712 = EDGE_CURVE ( 'NONE', #147, #1321, #1578, .T. ) ;
#1713 = ORIENTED_EDGE ( 'NONE', *, *, #315, .T. ) ;
#1714 = EDGE_CURVE ( 'NONE', #911, #1690, #19, .T. ) ;
#1715 = VECTOR ( 'NONE', #818, 100.0000000000000000 ) ;
#1716 = VECTOR ( 'NONE', #470, 100.0000000000000000 ) ;
#1717 = PLANE ( 'NONE',  #1781 ) ;
#1718 = VECTOR ( 'NONE', #535, 100.0000000000000000 ) ;
#1719 = LINE ( 'NONE', #295, #1670 ) ;
#1720 = ORIENTED_EDGE ( 'NONE', *, *, #863, .T. ) ;
#1721 =( NAMED_UNIT ( * ) PLANE_ANGLE_UNIT ( ) SI_UNIT ( $, .RADIAN. ) );
#1722 = ORIENTED_EDGE ( 'NONE', *, *, #485, .T. ) ;
#1723 = CARTESIAN_POINT ( 'NONE',  ( -0.1198999999999998262, -8.673617379884035472E-17, -0.04200000000000000955 ) ) ;
#1724 = PRODUCT_RELATED_PRODUCT_CATEGORY ( 'part', '', ( #1563 ) ) ;
#1725 = ADVANCED_FACE ( 'NONE', ( #724 ), #1652, .T. ) ;
#1726 = LINE ( 'NONE', #462, #457 ) ;
#1727 = LINE ( 'NONE', #610, #336 ) ;
#1728 = DIRECTION ( 'NONE',  ( 1.000000000000000000, 0.000000000000000000, -0.000000000000000000 ) ) ;
#1729 = ORIENTED_EDGE ( 'NONE', *, *, #1688, .T. ) ;
#1730 = STYLED_ITEM ( 'NONE', ( #529 ), #389 ) ;
#1731 = ORIENTED_EDGE ( 'NONE', *, *, #1218, .T. ) ;
#1732 = DIRECTION ( 'NONE',  ( 0.000000000000000000, -0.000000000000000000, 1.000000000000000000 ) ) ;
#1733 = DIRECTION ( 'NONE',  ( 0.9083088662063584229, 0.4183001357529300135, 0.000000000000000000 ) ) ;
#1734 = ADVANCED_FACE ( 'NONE', ( #699 ), #546, .T. ) ;
#1735 =( LENGTH_UNIT ( ) NAMED_UNIT ( * ) SI_UNIT ( .CENTI., .METRE. ) );
#1736 = DIRECTION ( 'NONE',  ( -0.000000000000000000, 0.000000000000000000, 1.000000000000000000 ) ) ;
#1737 = ORIENTED_EDGE ( 'NONE', *, *, #1438, .F. ) ;
#1738 = ORIENTED_EDGE ( 'NONE', *, *, #1643, .F. ) ;
#1739 = DIRECTION ( 'NONE',  ( 1.020425574104003605E-15, -1.000000000000000000, 0.000000000000000000 ) ) ;
#1740 = MECHANICAL_DESIGN_GEOMETRIC_PRESENTATION_REPRESENTATION (  '', ( #1637 ), #953 ) ;
#1741 = LINE ( 'NONE', #827, #1658 ) ;
#1742 = CARTESIAN_POINT ( 'NONE',  ( 0.1223999999999998561, 0.01760000000000006004, -0.04200000000000000955 ) ) ;
#1743 = CARTESIAN_POINT ( 'NONE',  ( -0.07599999999999998423, 0.01759999999999997330, -0.08000000000000000167 ) ) ;
#1744 = SURFACE_STYLE_FILL_AREA ( #639 ) ;
#1745 = ORIENTED_EDGE ( 'NONE', *, *, #1485, .F. ) ;
#1746 = CARTESIAN_POINT ( 'NONE',  ( -0.1198999999999998262, 0.01749999999999997391, -0.04200000000000000955 ) ) ;
#1747 = CARTESIAN_POINT ( 'NONE',  ( 0.1198999999999998262, 0.02000000000000001082, -0.008000000000000000167 ) ) ;
#1748 = VECTOR ( 'NONE', #578, 100.0000000000000000 ) ;
#1749 = PRESENTATION_LAYER_ASSIGNMENT (  '', '', ( #1682 ) ) ;
#1750 = EDGE_CURVE ( 'NONE', #632, #1990, #1181, .T. ) ;
#1751 = FILL_AREA_STYLE_COLOUR ( '', #517 ) ;
#1752 = ORIENTED_EDGE ( 'NONE', *, *, #739, .F. ) ;
#1753 = DIRECTION ( 'NONE',  ( 1.000000000000000000, 0.000000000000000000, -0.000000000000000000 ) ) ;
#1754 =( NAMED_UNIT ( * ) PLANE_ANGLE_UNIT ( ) SI_UNIT ( $, .RADIAN. ) );
#1755 = LINE ( 'NONE', #963, #1764 ) ;
#1756 = ORIENTED_EDGE ( 'NONE', *, *, #1955, .F. ) ;
#1757 = LINE ( 'NONE', #1278, #1519 ) ;
#1758 = DIRECTION ( 'NONE',  ( 0.8236525397468411613, -0.4470481489774427719, 0.3489189680490593082 ) ) ;
#1759 = VECTOR ( 'NONE', #1281, 100.0000000000000142 ) ;
#1760 = SURFACE_STYLE_USAGE ( .BOTH. , #1466 ) ;
#1761 = EDGE_CURVE ( 'NONE', #1932, #1981, #1630, .T. ) ;
#1762 = CARTESIAN_POINT ( 'NONE',  ( 0.03999999999999999389, -9.757819552369539906E-17, -0.1029999999999999943 ) ) ;
#1763 = EDGE_LOOP ( 'NONE', ( #221, #1901, #390, #446 ) ) ;
#1764 = VECTOR ( 'NONE', #163, 100.0000000000000000 ) ;
#1765 = VECTOR ( 'NONE', #1399, 100.0000000000000000 ) ;
#1766 = MECHANICAL_DESIGN_GEOMETRIC_PRESENTATION_REPRESENTATION (  '', ( #979 ), #1502 ) ;
#1767 = ORIENTED_EDGE ( 'NONE', *, *, #1344, .T. ) ;
#1768 = DIRECTION ( 'NONE',  ( 1.000000000000000000, -4.336808689942017736E-15, 0.000000000000000000 ) ) ;
#1769 = DIRECTION ( 'NONE',  ( 1.000000000000000000, 1.513910281514112781E-16, 0.000000000000000000 ) ) ;
#1770 = SURFACE_STYLE_FILL_AREA ( #1109 ) ;
#1771 = ORIENTED_EDGE ( 'NONE', *, *, #1438, .T. ) ;
#1772 = ADVANCED_FACE ( 'NONE', ( #689 ), #1797, .F. ) ;
#1773 = VECTOR ( 'NONE', #945, 100.0000000000000142 ) ;
#1774 = EDGE_CURVE ( 'NONE', #1025, #883, #1345, .T. ) ;
#1775 = CARTESIAN_POINT ( 'NONE',  ( -0.07599999999999998423, 0.01759999999999997330, -0.04200000000000000955 ) ) ;
#1776 = ORIENTED_EDGE ( 'NONE', *, *, #564, .T. ) ;
#1777 = PLANE ( 'NONE',  #1354 ) ;
#1778 = CARTESIAN_POINT ( 'NONE',  ( 0.04000000000000000083, 0.005385966172754516265, -0.1029999999999999943 ) ) ;
#1779 = PLANE ( 'NONE',  #687 ) ;
#1780 = AXIS2_PLACEMENT_3D ( 'NONE', #1604, #1768, #1444 ) ;
#1781 = AXIS2_PLACEMENT_3D ( 'NONE', #765, #1397, #449 ) ;
#1782 = DIRECTION ( 'NONE',  ( 0.9083088662063588670, -0.4183001357529292363, 0.000000000000000000 ) ) ;
#1783 = ORIENTED_EDGE ( 'NONE', *, *, #246, .F. ) ;
#1784 =( LENGTH_UNIT ( ) NAMED_UNIT ( * ) SI_UNIT ( .CENTI., .METRE. ) );
#1785 = EDGE_CURVE ( 'NONE', #735, #1814, #1818, .T. ) ;
#1786 = ORIENTED_EDGE ( 'NONE', *, *, #935, .F. ) ;
#1787 = UNCERTAINTY_MEASURE_WITH_UNIT (LENGTH_MEASURE( 1.000000000000000082E-05 ), #1114, 'distance_accuracy_value', 'NONE');
#1788 = CARTESIAN_POINT ( 'NONE',  ( -0.1198999999999998262, -8.673617379884035472E-17, -0.04200000000000000955 ) ) ;
#1789 = CARTESIAN_POINT ( 'NONE',  ( -0.07454540690435344785, 0.02413593593186013492, -0.1176342628065065316 ) ) ;
#1790 =( NAMED_UNIT ( * ) PLANE_ANGLE_UNIT ( ) SI_UNIT ( $, .RADIAN. ) );
#1791 = FACE_OUTER_BOUND ( 'NONE', #1157, .T. ) ;
#1792 = ORIENTED_EDGE ( 'NONE', *, *, #1283, .T. ) ;
#1793 = AXIS2_PLACEMENT_3D ( 'NONE', #861, #1506, #565 ) ;
#1794 = DIRECTION ( 'NONE',  ( -0.000000000000000000, -1.000000000000000000, 0.000000000000000000 ) ) ;
#1795 = FACE_OUTER_BOUND ( 'NONE', #1763, .T. ) ;
#1796 = ADVANCED_FACE ( 'NONE', ( #1664 ), #238, .T. ) ;
#1797 = PLANE ( 'NONE',  #1236 ) ;
#1798 = LINE ( 'NONE', #1665, #1521 ) ;
#1799 = EDGE_CURVE ( 'NONE', #1019, #849, #1727, .T. ) ;
#1800 = LINE ( 'NONE', #691, #1297 ) ;
#1801 = EDGE_LOOP ( 'NONE', ( #1738, #799, #994, #614 ) ) ;
#1802 = VERTEX_POINT ( 'NONE', #1531 ) ;
#1803 = SURFACE_STYLE_FILL_AREA ( #371 ) ;
#1804 =( NAMED_UNIT ( * ) SI_UNIT ( $, .STERADIAN. ) SOLID_ANGLE_UNIT ( ) );
#1805 = DIRECTION ( 'NONE',  ( 1.000000000000000000, 1.224606353822377505E-16, -0.000000000000000000 ) ) ;
#1806 = CARTESIAN_POINT ( 'NONE',  ( 0.1140000000000000457, 0.01750000000000000167, -0.008000000000000000167 ) ) ;
#1807 = LINE ( 'NONE', #1687, #1457 ) ;
#1808 = PRESENTATION_LAYER_ASSIGNMENT (  '', '', ( #1093 ) ) ;
#1809 = VECTOR ( 'NONE', #172, 100.0000000000000000 ) ;
#1810 = ADVANCED_FACE ( 'NONE', ( #439 ), #135, .T. ) ;
#1811 = CARTESIAN_POINT ( 'NONE',  ( -0.08012992831541208838, -1.084202172485504434E-16, -0.1200000000000000094 ) ) ;
#1812 = ORIENTED_EDGE ( 'NONE', *, *, #1980, .T. ) ;
#1813 = VECTOR ( 'NONE', #1312, 100.0000000000000000 ) ;
#1814 = VERTEX_POINT ( 'NONE', #282 ) ;
#1815 = SURFACE_STYLE_FILL_AREA ( #1941 ) ;
#1816 = LINE ( 'NONE', #1962, #153 ) ;
#1817 = LINE ( 'NONE', #1945, #1718 ) ;
#1818 = LINE ( 'NONE', #1976, #62 ) ;
#1819 = DIRECTION ( 'NONE',  ( 0.000000000000000000, 0.000000000000000000, 1.000000000000000000 ) ) ;
#1820 = ORIENTED_EDGE ( 'NONE', *, *, #1887, .F. ) ;
#1821 = CARTESIAN_POINT ( 'NONE',  ( 0.1225000000000000672, 0.05000000000000000278, -0.008000000000000000167 ) ) ;
#1822 = ORIENTED_EDGE ( 'NONE', *, *, #864, .T. ) ;
#1823 = EDGE_CURVE ( 'NONE', #595, #1990, #766, .T. ) ;
#1824 = VECTOR ( 'NONE', #509, 100.0000000000000000 ) ;
#1825 = MECHANICAL_DESIGN_GEOMETRIC_PRESENTATION_REPRESENTATION (  '', ( #1140 ), #1298 ) ;
#1826 = ORIENTED_EDGE ( 'NONE', *, *, #363, .T. ) ;
#1827 = MECHANICAL_DESIGN_GEOMETRIC_PRESENTATION_REPRESENTATION (  '', ( #1730 ), #199 ) ;
#1828 = FILL_AREA_STYLE ('',( #76 ) ) ;
#1829 = DIRECTION ( 'NONE',  ( 0.03803603028100045746, 0.1735225203546191253, -0.9840951149813942367 ) ) ;
#1830 = FILL_AREA_STYLE_COLOUR ( '', #1565 ) ;
#1831 = CARTESIAN_POINT ( 'NONE',  ( -0.07599999999999998423, -8.673617379884035472E-17, -0.04200000000000000955 ) ) ;
#1832 = VERTEX_POINT ( 'NONE', #1411 ) ;
#1833 = CARTESIAN_POINT ( 'NONE',  ( 0.1398999999999998856, 0.05000000000000000278, -0.008000000000000000167 ) ) ;
#1834 = ORIENTED_EDGE ( 'NONE', *, *, #1089, .T. ) ;
#1835 = ORIENTED_EDGE ( 'NONE', *, *, #182, .T. ) ;
#1836 = EDGE_CURVE ( 'NONE', #73, #1149, #2027, .T. ) ;
#1837 = EDGE_CURVE ( 'NONE', #2042, #2024, #1252, .T. ) ;
#1838 = CARTESIAN_POINT ( 'NONE',  ( -0.1198999999999998262, -8.673617379884035472E-17, -0.008000000000000000167 ) ) ;
#1839 = CARTESIAN_POINT ( 'NONE',  ( 0.07599999999999998423, 0.01760000000000006004, -0.04200000000000000955 ) ) ;
#1840 = CARTESIAN_POINT ( 'NONE',  ( 0.1060000000000000109, -8.673617379884035472E-17, -0.08000000000000000167 ) ) ;
#1841 = CARTESIAN_POINT ( 'NONE',  ( -0.1398999999999998300, 0.04999999999999996114, -0.04200000000000000955 ) ) ;
#1842 = ORIENTED_EDGE ( 'NONE', *, *, #647, .F. ) ;
#1843 = ORIENTED_EDGE ( 'NONE', *, *, #693, .F. ) ;
#1844 = DIRECTION ( 'NONE',  ( 0.000000000000000000, 0.1736481776669303867, -0.9848077530122080203 ) ) ;
#1845 = ORIENTED_EDGE ( 'NONE', *, *, #1398, .F. ) ;
#1846 =( NAMED_UNIT ( * ) PLANE_ANGLE_UNIT ( ) SI_UNIT ( $, .RADIAN. ) );
#1847 = AXIS2_PLACEMENT_3D ( 'NONE', #959, #1225, #1739 ) ;
#1848 = FACE_OUTER_BOUND ( 'NONE', #1972, .T. ) ;
#1849 = DIRECTION ( 'NONE',  ( 1.000000000000000000, 0.000000000000000000, -0.000000000000000000 ) ) ;
#1850 = EDGE_LOOP ( 'NONE', ( #146, #576, #887, #1914, #839, #2009 ) ) ;
#1851 = LINE ( 'NONE', #2031, #1486 ) ;
#1852 = ORIENTED_EDGE ( 'NONE', *, *, #426, .T. ) ;
#1853 = CARTESIAN_POINT ( 'NONE',  ( -0.03799999999999995742, -8.830263878644014100E-17, -0.08000000000000000167 ) ) ;
#1854 = ORIENTED_EDGE ( 'NONE', *, *, #1785, .F. ) ;
#1855 = DIRECTION ( 'NONE',  ( 1.000000000000000000, -0.000000000000000000, 0.000000000000000000 ) ) ;
#1856 = VECTOR ( 'NONE', #388, 100.0000000000000000 ) ;
#1857 = PRODUCT_CONTEXT ( 'NONE', #66, 'mechanical' ) ;
#1858 = CARTESIAN_POINT ( 'NONE',  ( -0.03799999999999995048, -8.673617379884035472E-17, -0.08000000000000000167 ) ) ;
#1859 = DIRECTION ( 'NONE',  ( -0.000000000000000000, 0.000000000000000000, 1.000000000000000000 ) ) ;
#1860 = DIRECTION ( 'NONE',  ( 1.000000000000000000, 0.000000000000000000, -0.000000000000000000 ) ) ;
#1861 = CARTESIAN_POINT ( 'NONE',  ( -0.1060000000000000109, -8.673617379884035472E-17, -0.08000000000000000167 ) ) ;
#1862 = ORIENTED_EDGE ( 'NONE', *, *, #301, .T. ) ;
#1863 = PLANE ( 'NONE',  #1847 ) ;
#1864 = ADVANCED_FACE ( 'NONE', ( #1883 ), #463, .T. ) ;
#1865 = MECHANICAL_DESIGN_GEOMETRIC_PRESENTATION_REPRESENTATION (  '', ( #2022 ), #235 ) ;
#1866 = VECTOR ( 'NONE', #1728, 100.0000000000000000 ) ;
#1867 = AXIS2_PLACEMENT_3D ( 'NONE', #1999, #910, #1844 ) ;
#1868 = ORIENTED_EDGE ( 'NONE', *, *, #897, .T. ) ;
#1869 = LINE ( 'NONE', #110, #988 ) ;
#1870 = CARTESIAN_POINT ( 'NONE',  ( -0.1055000000000000382, 0.06999999999999999278, 0.000000000000000000 ) ) ;
#1871 = DIRECTION ( 'NONE',  ( -0.9848077530122081313, 2.847281880790410670E-15, -0.1736481776669304145 ) ) ;
#1872 = CARTESIAN_POINT ( 'NONE',  ( 0.1055000000000000659, 0.06999999999999999278, 0.000000000000000000 ) ) ;
#1873 = ORIENTED_EDGE ( 'NONE', *, *, #803, .F. ) ;
#1874 = VERTEX_POINT ( 'NONE', #1103 ) ;
#1875 = EDGE_CURVE ( 'NONE', #1116, #595, #304, .T. ) ;
#1876 = ADVANCED_FACE ( 'NONE', ( #948 ), #1389, .F. ) ;
#1877 = VERTEX_POINT ( 'NONE', #1094 ) ;
#1878 = DIRECTION ( 'NONE',  ( 3.421060147118237660E-16, -1.000000000000000000, 0.000000000000000000 ) ) ;
#1879 = AXIS2_PLACEMENT_3D ( 'NONE', #1672, #373, #204 ) ;
#1880 = AXIS2_PLACEMENT_3D ( 'NONE', #1569, #744, #2026 ) ;
#1881 = VECTOR ( 'NONE', #964, 100.0000000000000000 ) ;
#1882 = DIRECTION ( 'NONE',  ( 1.000000000000000000, 0.000000000000000000, -0.000000000000000000 ) ) ;
#1883 = FACE_OUTER_BOUND ( 'NONE', #773, .T. ) ;
#1884 = ORIENTED_EDGE ( 'NONE', *, *, #1714, .T. ) ;
#1885 = CARTESIAN_POINT ( 'NONE',  ( 0.1223999999999998561, 0.04961764705882271143, -0.008000000000000000167 ) ) ;
#1886 = ORIENTED_EDGE ( 'NONE', *, *, #1017, .T. ) ;
#1887 = EDGE_CURVE ( 'NONE', #147, #1373, #1233, .T. ) ;
#1888 = LINE ( 'NONE', #1377, #1716 ) ;
#1889 = CARTESIAN_POINT ( 'NONE',  ( 0.1225000000000002198, 0.07999999999999998779, -0.07999999999999998779 ) ) ;
#1890 = PLANE ( 'NONE',  #607 ) ;
#1891 = VERTEX_POINT ( 'NONE', #1542 ) ;
#1892 = EDGE_LOOP ( 'NONE', ( #499, #1720, #1106, #808, #275 ) ) ;
#1893 = ORIENTED_EDGE ( 'NONE', *, *, #1348, .F. ) ;
#1894 = AXIS2_PLACEMENT_3D ( 'NONE', #41, #516, #1280 ) ;
#1895 = EDGE_CURVE ( 'NONE', #1832, #1002, #2016, .T. ) ;
#1896 = EDGE_CURVE ( 'NONE', #828, #1698, #259, .T. ) ;
#1897 = LINE ( 'NONE', #317, #1809 ) ;
#1898 = DIRECTION ( 'NONE',  ( -0.000000000000000000, 1.000000000000000000, 0.000000000000000000 ) ) ;
#1899 = SURFACE_STYLE_USAGE ( .BOTH. , #1123 ) ;
#1900 = ORIENTED_EDGE ( 'NONE', *, *, #855, .F. ) ;
#1901 = ORIENTED_EDGE ( 'NONE', *, *, #616, .T. ) ;
#1902 = DIRECTION ( 'NONE',  ( 0.000000000000000000, 0.000000000000000000, 1.000000000000000000 ) ) ;
#1903 = CARTESIAN_POINT ( 'NONE',  ( -0.1225000000000000117, -8.673617379884035472E-17, 0.000000000000000000 ) ) ;
#1904 = CARTESIAN_POINT ( 'NONE',  ( 0.1198999999999998262, 0.02000000000000001082, -0.04200000000000000955 ) ) ;
#1905 = DIRECTION ( 'NONE',  ( -0.2530277443935243786, 0.9674590226811291549, -0.000000000000000000 ) ) ;
#1906 = PLANE ( 'NONE',  #507 ) ;
#1907 = VERTEX_POINT ( 'NONE', #1985 ) ;
#1908 = DIRECTION ( 'NONE',  ( -0.000000000000000000, -1.000000000000000000, -0.000000000000000000 ) ) ;
#1909 = DIRECTION ( 'NONE',  ( -1.000000000000000000, -0.000000000000000000, 0.000000000000000000 ) ) ;
#1910 = VECTOR ( 'NONE', #1034, 100.0000000000000000 ) ;
#1911 = EDGE_CURVE ( 'NONE', #1326, #911, #1719, .T. ) ;
#1912 = FACE_OUTER_BOUND ( 'NONE', #1801, .T. ) ;
#1913 = PRESENTATION_STYLE_ASSIGNMENT (( #308 ) ) ;
#1914 = ORIENTED_EDGE ( 'NONE', *, *, #1774, .F. ) ;
#1915 = DIRECTION ( 'NONE',  ( 0.9083088662063585339, 0.4183001357529299580, 0.000000000000000000 ) ) ;
#1916 = VERTEX_POINT ( 'NONE', #92 ) ;
#1917 = LINE ( 'NONE', #869, #523 ) ;
#1918 = LINE ( 'NONE', #1473, #1952 ) ;
#1919 = VECTOR ( 'NONE', #961, 100.0000000000000000 ) ;
#1920 = ADVANCED_FACE ( 'NONE', ( #1378 ), #579, .T. ) ;
#1921 = EDGE_CURVE ( 'NONE', #313, #2007, #591, .T. ) ;
#1922 = ORIENTED_EDGE ( 'NONE', *, *, #2021, .F. ) ;
#1923 = FACE_OUTER_BOUND ( 'NONE', #1254, .T. ) ;
#1924 = ORIENTED_EDGE ( 'NONE', *, *, #315, .F. ) ;
#1925 = DIRECTION ( 'NONE',  ( -4.336808689942017736E-15, -1.000000000000000000, -0.000000000000000000 ) ) ;
#1926 = FILL_AREA_STYLE_COLOUR ( '', #168 ) ;
#1927 = FACE_OUTER_BOUND ( 'NONE', #1300, .T. ) ;
#1928 = VECTOR ( 'NONE', #1695, 100.0000000000000000 ) ;
#1929 = DIRECTION ( 'NONE',  ( 0.9083088662063584229, 0.4183001357529302355, 0.000000000000000000 ) ) ;
#1930 = ORIENTED_EDGE ( 'NONE', *, *, #561, .F. ) ;
#1931 =( NAMED_UNIT ( * ) SI_UNIT ( $, .STERADIAN. ) SOLID_ANGLE_UNIT ( ) );
#1932 = VERTEX_POINT ( 'NONE', #755 ) ;
#1933 = CARTESIAN_POINT ( 'NONE',  ( -0.1224999999999998868, 0.07999999999999994615, -0.08000000000000000167 ) ) ;
#1934 = CARTESIAN_POINT ( 'NONE',  ( 0.07454540690435346173, 0.02413593593186016614, -0.1176342628065065593 ) ) ;
#1935 = SURFACE_STYLE_FILL_AREA ( #653 ) ;
#1936 = VECTOR ( 'NONE', #1498, 100.0000000000000000 ) ;
#1937 = COLOUR_RGB ( '',0.6470588235294117974, 0.6196078431372549211, 0.5882352941176470784 ) ;
#1938 = LINE ( 'NONE', #1491, #328 ) ;
#1939 = ORIENTED_EDGE ( 'NONE', *, *, #171, .F. ) ;
#1940 = EDGE_CURVE ( 'NONE', #846, #1610, #318, .T. ) ;
#1941 = FILL_AREA_STYLE ('',( #848 ) ) ;
#1942 = EDGE_LOOP ( 'NONE', ( #1419, #1745, #1776, #1525 ) ) ;
#1943 = UNCERTAINTY_MEASURE_WITH_UNIT (LENGTH_MEASURE( 1.000000000000000082E-05 ), #1263, 'distance_accuracy_value', 'NONE');
#1944 = CARTESIAN_POINT ( 'NONE',  ( 0.1198999999999998262, -8.673617379884035472E-17, -0.04200000000000000955 ) ) ;
#1945 = CARTESIAN_POINT ( 'NONE',  ( -0.1398999999999998578, 0.01999999999999992756, -0.04200000000000000955 ) ) ;
#1946 = DIRECTION ( 'NONE',  ( -2.853163611803958284E-16, -1.000000000000000000, 0.000000000000000000 ) ) ;
#1947 = LINE ( 'NONE', #384, #1098 ) ;
#1948 = DIRECTION ( 'NONE',  ( -1.863268186501684626E-17, 1.000000000000000000, 4.398401103335317653E-17 ) ) ;
#1949 = ORIENTED_EDGE ( 'NONE', *, *, #1007, .F. ) ;
#1950 = ORIENTED_EDGE ( 'NONE', *, *, #646, .F. ) ;
#1951 = ADVANCED_FACE ( 'NONE', ( #1265 ), #1906, .F. ) ;
#1952 = VECTOR ( 'NONE', #1909, 100.0000000000000000 ) ;
#1953 =( LENGTH_UNIT ( ) NAMED_UNIT ( * ) SI_UNIT ( .CENTI., .METRE. ) );
#1954 = DIRECTION ( 'NONE',  ( -1.000000000000000000, -0.000000000000000000, 0.000000000000000000 ) ) ;
#1955 = EDGE_CURVE ( 'NONE', #1484, #632, #2039, .T. ) ;
#1956 = SURFACE_SIDE_STYLE ('',( #1500 ) ) ;
#1957 = CARTESIAN_POINT ( 'NONE',  ( -0.1059999999999999970, -8.673617379884035472E-17, -0.04200000000000000955 ) ) ;
#1958 = DIRECTION ( 'NONE',  ( 0.9207863928903853301, 0.000000000000000000, 0.3900671976312706235 ) ) ;
#1959 = VERTEX_POINT ( 'NONE', #1889 ) ;
#1960 = VERTEX_POINT ( 'NONE', #155 ) ;
#1961 = VECTOR ( 'NONE', #628, 100.0000000000000000 ) ;
#1962 = CARTESIAN_POINT ( 'NONE',  ( 0.07599999999999998423, 0.000000000000000000, -0.08000000000000000167 ) ) ;
#1963 = FACE_OUTER_BOUND ( 'NONE', #71, .T. ) ;
#1964 = SURFACE_STYLE_USAGE ( .BOTH. , #1956 ) ;
#1965 = DIRECTION ( 'NONE',  ( 1.000000000000000000, 0.000000000000000000, -0.000000000000000000 ) ) ;
#1966 = ORIENTED_EDGE ( 'NONE', *, *, #1386, .T. ) ;
#1967 = COLOUR_RGB ( '',0.6470588235294117974, 0.6196078431372549211, 0.5882352941176470784 ) ;
#1968 = EDGE_CURVE ( 'NONE', #340, #1528, #832, .T. ) ;
#1969 = AXIS2_PLACEMENT_3D ( 'NONE', #1121, #492, #648 ) ;
#1970 = VECTOR ( 'NONE', #1986, 99.99999999999998579 ) ;
#1971 = FACE_BOUND ( 'NONE', #1666, .T. ) ;
#1972 = EDGE_LOOP ( 'NONE', ( #1626, #422, #677, #261 ) ) ;
#1973 = ORIENTED_EDGE ( 'NONE', *, *, #426, .F. ) ;
#1974 = DIRECTION ( 'NONE',  ( 1.000000000000000000, 5.706327223607916569E-16, 0.000000000000000000 ) ) ;
#1975 = FACE_OUTER_BOUND ( 'NONE', #53, .T. ) ;
#1976 = CARTESIAN_POINT ( 'NONE',  ( -0.1224999999999998868, 0.07294692077166134436, -0.1199999999999999956 ) ) ;
#1977 = DIRECTION ( 'NONE',  ( -1.000000000000000000, -1.224606353822377505E-16, 0.000000000000000000 ) ) ;
#1978 = ORIENTED_EDGE ( 'NONE', *, *, #1940, .F. ) ;
#1979 = DIRECTION ( 'NONE',  ( 1.000000000000000000, -2.853163611803958284E-16, 0.000000000000000000 ) ) ;
#1980 = EDGE_CURVE ( 'NONE', #231, #1690, #1275, .T. ) ;
#1981 = VERTEX_POINT ( 'NONE', #481 ) ;
#1982 = ORIENTED_EDGE ( 'NONE', *, *, #1980, .F. ) ;
#1983 = FACE_OUTER_BOUND ( 'NONE', #1535, .T. ) ;
#1984 = DIRECTION ( 'NONE',  ( -1.000000000000000000, 0.000000000000000000, -0.000000000000000000 ) ) ;
#1985 = CARTESIAN_POINT ( 'NONE',  ( -0.1140261538461538465, 0.01759999999999997330, -0.04199999999999998873 ) ) ;
#1986 = DIRECTION ( 'NONE',  ( 0.9083088662063589780, -0.4183001357529291808, 0.000000000000000000 ) ) ;
#1987 = ORIENTED_EDGE ( 'NONE', *, *, #246, .T. ) ;
#1988 = VERTEX_POINT ( 'NONE', #21 ) ;
#1989 = CARTESIAN_POINT ( 'NONE',  ( -0.07599999999999998423, 0.01749999999999996003, -0.08000000000000000167 ) ) ;
#1990 = VERTEX_POINT ( 'NONE', #1589 ) ;
#1991 = EDGE_CURVE ( 'NONE', #202, #1025, #1441, .T. ) ;
#1992 = DIRECTION ( 'NONE',  ( -0.000000000000000000, -0.000000000000000000, -1.000000000000000000 ) ) ;
#1993 = LINE ( 'NONE', #1112, #1520 ) ;
#1994 = DIRECTION ( 'NONE',  ( 0.2530277443935242676, -0.9674590226811291549, 0.000000000000000000 ) ) ;
#1995 = VECTOR ( 'NONE', #1683, 100.0000000000000000 ) ;
#1996 = ORIENTED_EDGE ( 'NONE', *, *, #831, .T. ) ;
#1997 = FACE_OUTER_BOUND ( 'NONE', #1249, .T. ) ;
#1998 = ORIENTED_EDGE ( 'NONE', *, *, #1208, .T. ) ;
#1999 = CARTESIAN_POINT ( 'NONE',  ( 0.1140000000000000457, 0.01750000000000000167, -0.08000000000000000167 ) ) ;
#2000 = ORIENTED_EDGE ( 'NONE', *, *, #1017, .F. ) ;
#2001 = CARTESIAN_POINT ( 'NONE',  ( -0.07599999999999998423, 0.01749999999999996003, -0.007999999999999988023 ) ) ;
#2002 = VECTOR ( 'NONE', #1954, 100.0000000000000000 ) ;
#2003 = EDGE_CURVE ( 'NONE', #1891, #1518, #1113, .T. ) ;
#2004 = CARTESIAN_POINT ( 'NONE',  ( -0.1140261538461538465, 0.01759999999999997330, -0.007999999999999988023 ) ) ;
#2005 = DIRECTION ( 'NONE',  ( -1.000000000000000000, 0.000000000000000000, 0.000000000000000000 ) ) ;
#2006 = LINE ( 'NONE', #777, #1598 ) ;
#2007 = VERTEX_POINT ( 'NONE', #807 ) ;
#2008 = SURFACE_SIDE_STYLE ('',( #1393 ) ) ;
#2009 = ORIENTED_EDGE ( 'NONE', *, *, #1688, .F. ) ;
#2010 = CARTESIAN_POINT ( 'NONE',  ( -0.1198999999999998262, -8.673617379884035472E-17, -0.04200000000000000955 ) ) ;
#2011 = VECTOR ( 'NONE', #1429, 100.0000000000000000 ) ;
#2012 = VECTOR ( 'NONE', #1191, 100.0000000000000000 ) ;
#2013 = DIRECTION ( 'NONE',  ( 0.000000000000000000, -0.000000000000000000, 1.000000000000000000 ) ) ;
#2014 = CARTESIAN_POINT ( 'NONE',  ( -0.1198999999999998262, 0.01999999999999992756, -0.04200000000000000955 ) ) ;
#2015 = ADVANCED_FACE ( 'NONE', ( #797 ), #1122, .T. ) ;
#2016 = LINE ( 'NONE', #269, #609 ) ;
#2017 = LINE ( 'NONE', #611, #1505 ) ;
#2018 = VERTEX_POINT ( 'NONE', #11 ) ;
#2019 = EDGE_LOOP ( 'NONE', ( #640, #1676, #1930, #1115 ) ) ;
#2020 = PRESENTATION_STYLE_ASSIGNMENT (( #603 ) ) ;
#2021 = EDGE_CURVE ( 'NONE', #1492, #1207, #502, .T. ) ;
#2022 = STYLED_ITEM ( 'NONE', ( #184 ), #1951 ) ;
#2023 = VECTOR ( 'NONE', #1571, 100.0000000000000142 ) ;
#2024 = VERTEX_POINT ( 'NONE', #1461 ) ;
#2025 = CARTESIAN_POINT ( 'NONE',  ( -0.07599999999999998423, 0.01749999999999996003, -0.007999999999999991493 ) ) ;
#2026 = DIRECTION ( 'NONE',  ( 0.000000000000000000, 0.000000000000000000, -1.000000000000000000 ) ) ;
#2027 = LINE ( 'NONE', #733, #1336 ) ;
#2028 = CARTESIAN_POINT ( 'NONE',  ( -0.1139999999999999902, 0.01749999999999997044, -0.08000000000000000167 ) ) ;
#2029 = VERTEX_POINT ( 'NONE', #667 ) ;
#2030 = ORIENTED_EDGE ( 'NONE', *, *, #935, .T. ) ;
#2031 = CARTESIAN_POINT ( 'NONE',  ( -0.1055000000000000104, 0.02749999999999995157, -0.002000000000000000042 ) ) ;
#2032 = ADVANCED_FACE ( 'NONE', ( #1923 ), #1150, .T. ) ;
#2033 = VERTEX_POINT ( 'NONE', #143 ) ;
#2034 = LINE ( 'NONE', #742, #1347 ) ;
#2035 = VECTOR ( 'NONE', #1295, 100.0000000000000000 ) ;
#2036 = VECTOR ( 'NONE', #1642, 100.0000000000000000 ) ;
#2037 =( GEOMETRIC_REPRESENTATION_CONTEXT ( 3 ) GLOBAL_UNCERTAINTY_ASSIGNED_CONTEXT ( ( #203 ) ) GLOBAL_UNIT_ASSIGNED_CONTEXT ( ( #931, #1107, #791 ) ) REPRESENTATION_CONTEXT ( 'NONE', 'WORKASPACE' ) );
#2038 = LINE ( 'NONE', #133, #1615 ) ;
#2039 = LINE ( 'NONE', #1133, #1045 ) ;
#2040 = CARTESIAN_POINT ( 'NONE',  ( -0.07599999999999998423, 0.01749999999999995656, -0.08000000000000000167 ) ) ;
#2041 = ORIENTED_EDGE ( 'NONE', *, *, #647, .T. ) ;
#2042 = VERTEX_POINT ( 'NONE', #695 ) ;
#2043 = ORIENTED_EDGE ( 'NONE', *, *, #1593, .T. ) ;
#2044 = FILL_AREA_STYLE ('',( #431 ) ) ;
#2045 = ADVANCED_FACE ( 'NONE', ( #1030 ), #1341, .T. ) ;
#2046 = ADVANCED_FACE ( 'NONE', ( #1487 ), #708, .T. ) ;
#2047 = CARTESIAN_POINT ( 'NONE',  ( 0.1140000000000000457, 0.01750000000000000167, -0.08000000000000000167 ) ) ;
ENDSEC;
END-ISO-10303-21;
